conversation_id_str,created_at,favorite_count,full_text,id_str,image_url,in_reply_to_screen_name,lang,location,quote_count,reply_count,retweet_count,tweet_url,user_id_str,username
1875672834875519389,2025-01-04T22:37:06.000Z,3999,"Kekecewaan Masyarakat terhadap kinerja Polisi 

diduga kriminalisasi yg dilakukan oleh Kasatreskrim terhadap warga 
Baru diperiksa saya sudah dijadikan tersangka

Saya ingin Kapolres Tau 
"" dia Marah Karna Saya Lapor Kapolda""
Pak Kapolri lihat ,penegak hukum begini modelnya pak https://t.co/Fkv5W4NAAr",1875672834875519389,https://pbs.twimg.com/ext_tw_video_thumb/1875672731322343424/pu/img/WXjIgEt1b5womFBi.jpg,,in,,60,225,1996,https://x.com/OmJ_J3Nggott/status/1875672834875519389,721590341669748736,OmJ_J3Nggott
1875623560917725248,2025-01-04T21:13:52.000Z,0,"@irezqita itulah mengapa gratifikasi merusak kinerja. karna kalo gaada uang “tambahan” mereka gamau kerja, maunya cm yg dikasih itupun tetep sekedarnya. ortu gue pernah kebobol rekening smp 3 digit hilang, polisi cm bisa ngelacak pelakunya sindikat di palembang, but nothing to do abis gt-",1875651889062428958,,irezqita,in,,0,1,0,https://x.com/FirmandaCil/status/1875651889062428958,68329507,FirmandaCil
1875636222011568343,2025-01-04T20:11:37.000Z,0,"kinerja sampah, polisi tolol",1875636222011568343,,,in,,0,0,0,https://x.com/Maspondex/status/1875636222011568343,2967566322,Maspondex
1875197141167341856,2025-01-04T19:46:44.000Z,0,@cobeh2022 @unmagnetism Karna sulit mengharapkan kinerja dan bantuan polisi soal maling gini,1875629961148821572,,cobeh2022,in,,0,0,0,https://x.com/vh_0621/status/1875629961148821572,1640178655417745408,vh_0621
1875606580760342802,2025-01-04T18:13:50.000Z,0,kali ini pertama kali ngerasain kalo polisi indo SEJELEK itu kinerja nya,1875606580760342802,,,in,,0,1,0,https://x.com/vanillloo/status/1875606580760342802,1306203492416024578,vanillloo
1875420193008255049,2025-01-04T16:09:26.000Z,3,"@Respyyy @AdinOfficial @void_cure @wana_pati @Y_D_Y_P Bener,
To be fair terlepas dari kinerja polisi yang baru viral, polri pernah punya unit khusus untuk ""high speed chase"" salah satu unitnya pake Toyota MR2 https://t.co/mjqWhFu2rS",1875575274471072230,https://pbs.twimg.com/media/Ggdhxb6a8AUYs5E.jpg,Respyyy,in,,0,0,0,https://x.com/hi_bagus/status/1875575274471072230,82270508,hi_bagus
1875514522297102851,2025-01-04T16:03:22.000Z,3,"@papa_loren hukum suka2 Polisi lah.
kan NKRI, Negara Kepolisian Republik Indonesia.

Menyala nih emak ini.
sudah anggaran Institusi Negara paling besar, kinerja suka2 mereka.
Hebat ya Partai Coklat. https://t.co/6igYNvyYjc",1875573748101009890,https://pbs.twimg.com/ext_tw_video_thumb/1875572955998253064/pu/img/iIR45--kmySZYEXA.jpg,Altcoin_Whale1,in,,0,0,0,https://x.com/Pecel_Lele5678/status/1875573748101009890,1257399206240595970,Pecel_Lele5678
1875528160894448032,2025-01-04T16:00:48.000Z,1,"@soenja_anjani Pada ndak setuju, sentimennya juga negatif. Kl diliat case yang baru ini kan ada tni yang terlibat, paling 3 minggu ini yang dibawa isu sipil pegang senjata ma kinerja polisi",1875573100185874695,,soenja_anjani,in,,0,0,0,https://x.com/wisnuaril/status/1875573100185874695,548012608,wisnuaril
1875571211427815435,2025-01-04T15:53:17.000Z,0,"Ipsos 2024 menunjukan bahwa tingkat kepercayaan masyarakat terhadap Polri capai 28%, lebih tinggi dibandingkan Korea Selatan (25%). Hal ini mengindikasikan potensi peningkatan citra polisi di masyarakat melalui penguatan transparansi, akuntabilitas, dan kinerja yang lebih baik. https://t.co/zLsab05DuT",1875571211427815435,https://pbs.twimg.com/ext_tw_video_thumb/1875571184915636224/pu/img/VeeXAur7lH_l7m2A.jpg,,in,,0,0,0,https://x.com/vrosht__/status/1875571211427815435,2184019424,vrosht__
1875569701344178533,2025-01-04T15:47:17.000Z,0,"Ipsos 2024 menunjukan bahwa tingkat kepercayaan masyarakat terhadap Polri capai 28%, lebih tinggi dibandingkan Korea Selatan (25%). Hal ini mengindikasikan potensi peningkatan citra polisi di masyarakat melalui penguatan transparansi, akuntabilitas, dan kinerja yang lebih baik. https://t.co/KXYLqadzmC",1875569701344178533,https://pbs.twimg.com/ext_tw_video_thumb/1875569684063649793/pu/img/DXzK_f4nYYvc-4F0.jpg,,in,,0,0,0,https://x.com/sangkurid/status/1875569701344178533,1756364376834195456,sangkurid
1875568480105398362,2025-01-04T15:42:26.000Z,0,"Ipsos 2024 menunjukan bahwa tingkat kepercayaan masyarakat terhadap Polri capai 28%, lebih tinggi dibandingkan Korea Selatan (25%). Hal ini mengindikasikan potensi peningkatan citra polisi di masyarakat melalui penguatan transparansi, akuntabilitas, dan kinerja yang lebih baik. https://t.co/cwvqmr9Ck3",1875568480105398362,https://pbs.twimg.com/ext_tw_video_thumb/1875568458471227392/pu/img/SuXnnMWQpdMgiGpz.jpg,,in,,0,0,0,https://x.com/tamenghitam/status/1875568480105398362,3074409476,tamenghitam
1875373024125579321,2025-01-04T15:30:08.000Z,0,"@intinyadeh Ha bikin laporan resmi???? Fuck. Dia datang ke kantor polisi, dia yang mengalami korban kejahatan dan bawa barang bukti juga apakah tak cukup??? Keadaan kinerja polisi sekarang, harusnya dievaluasi. Kalau dibubarin juga gpp sih.",1875565382662287484,,intinyadeh,in,,0,0,0,https://x.com/Anamunnnnn/status/1875565382662287484,1171099769369792514,Anamunnnnn
1875553005912911901,2025-01-04T14:40:57.000Z,2,"Survey Ipsos 2024 menunjukan tingkat kepercayaan masyarakat terhadap Polri capai 28%, lebih tinggi dibandingkan Korea Selatan (25%). Hal ini mengindikasikan potensi peningkatan citra polisi di masyarakat melalui penguatan transparansi, akuntabilitas, dan kinerja yang lebih baik. https://t.co/67SV3WHjok",1875553005912911901,https://pbs.twimg.com/ext_tw_video_thumb/1875552974447243266/pu/img/Z3LkkhIlHxJfRvGW.jpg,,in,,0,0,1,https://x.com/ini_polisi/status/1875553005912911901,3313271803,ini_polisi
1875495586142810602,2025-01-04T14:28:40.000Z,0,@profesor_saham SKOR KINERJA POLISI REPUBLIK INDONESIA ADALAH 5 DENGAN SKALA NILAI 1 - 100.,1875549916707315990,,profesor_saham,in,,0,0,0,https://x.com/fieldworker19/status/1875549916707315990,1421266916333613056,fieldworker19
1875435017507131818,2025-01-04T14:22:34.000Z,0,@kumparan Ampun dah sama kinerja polisi,1875548378303811745,,kumparan,in,,0,0,0,https://x.com/CiciNurrahmah/status/1875548378303811745,3189839761,CiciNurrahmah
1875495586142810602,2025-01-04T14:17:45.000Z,0,"@profesor_saham Dua kata lucu ""kinerja polisi"" 😂",1875547168125440418,,profesor_saham,in,,0,0,0,https://x.com/NUr_chls/status/1875547168125440418,884407335451377664,NUr_chls
1875352342587175318,2025-01-04T14:03:58.000Z,0,"@Sound_of_wolves @mikipug14 @el_avraham Dihina gara2 kinerja geblek, lu polisi ya makanya kek gitu?",1875543701096952038,,Sound_of_wolves,in,,0,0,0,https://x.com/oreae123/status/1875543701096952038,1466343300,oreae123
1875540992432230632,2025-01-04T13:53:13.000Z,0,gokil! Kerjasama ini pastinya bakal bawa inovasi dan perubahan positif buat kinerja polisi ke depan https://t.co/QRHB5U4yXN,1875540992432230632,https://pbs.twimg.com/media/GgdCl9vaYAAdBrx.jpg,,in,,0,0,0,https://x.com/Gilang_2Wijaya/status/1875540992432230632,977027161,Gilang_2Wijaya
1875534865501995231,2025-01-04T13:28:52.000Z,0,"Semakin hari coklat ini makin gak karuan, patut memang netizen mengawasi kinerja polisi ini. Selain mereka dibiayai rakyat melalui APBN mereka juga melayani masyarakat yang itu tidak gratis.",1875534865501995231,,,in,,0,0,0,https://x.com/djailanimubarok/status/1875534865501995231,1675221809573298177,djailanimubarok
1875194177904148990,2025-01-04T13:24:52.000Z,0,@berlianidris Sebenarnya ada parameter atau SOP nggak sih aduan itu harus ada kelanjutan dari pihak polisi batas waktunya kapan. Atau minimal ada laporan kinerja mereka nggak sih per polsubsek yang bisa dilihat masyarakat berapa jumlah laporan dan berapa yang tertanganj biar kelihatan kerjanya,1875533857786908798,,berlianidris,in,,0,0,0,https://x.com/meldazimirozz/status/1875533857786908798,100699329,meldazimirozz
1875334513657835916,2025-01-04T12:26:03.000Z,2,"@DivHumas_Polri VIDEO PENCITRAAN UTK KONTEN SUPAYA TERLIHAT BAIK DAN BENAR....
COBA DONG POSTING VIDEO ASLI DARI RAKYAT KECIL.....MURNI DARI SUARA RAKYAT.
RAKYAT YG KOMEN 98% MENGHUJAT KINERJA POLISI.....SUARA RAKYAT ADALAH SUARA TUHAN.",1875519057170198827,,DivHumas_Polri,in,,0,0,0,https://x.com/AdiMalang53651/status/1875519057170198827,1813912295749431296,AdiMalang53651
1875512204390494297,2025-01-04T11:58:49.000Z,2,Min @DivHumas_Polri  coba kalian nonton film ini biar tau bagaimana kinerja  polisi Hongkong benar benar berjuang untuk penegakkan hukum .. https://t.co/Lw2HMGE3oA,1875512204390494297,https://pbs.twimg.com/media/GgcoaSraIAAvfRY.jpg,,in,,0,0,0,https://x.com/AbanggSayur/status/1875512204390494297,1102960516832550912,AbanggSayur
1875367485513650648,2025-01-04T11:49:50.000Z,0,@NarasiNewsroom Setiap hari ada aja berita dari polisi tolol. 126T anggaran tapi kinerja 0 😮‍💨,1875509945619378190,,NarasiNewsroom,in,,0,0,0,https://x.com/iamsnowflax/status/1875509945619378190,293937171,iamsnowflax
1875145533268119683,2025-01-04T11:33:14.000Z,0,@detikcom Harusnya gak sampe mesti begini pak polisi.. kalo anda dampingi pelapor.. ada apa sih sm kinerja kepolisian ini? Semakin lama semakin tak bisa dipercaya... sediiiiih masyarakat ini mau berharap kemana lagi,1875505767501238442,,detikcom,in,,0,0,0,https://x.com/Emge2006/status/1875505767501238442,1460053658985373698,Emge2006
1875490837129474076,2025-01-04T10:33:55.000Z,0,"@ListyoSigitP , @DivHumas_Polri 
Nih yg katenye kinerja polisi berhasil dlm perlindungan perempuan , pelecehan dan penyerangan ????
Dasar Anjing kurap klean",1875490837129474076,,ListyoSigitP,in,,0,0,0,https://x.com/mtaurus9/status/1875490837129474076,1576778130005852160,mtaurus9
1875435017507131818,2025-01-04T09:59:40.000Z,13,@methengg @kumparan Polisi anggaran nya gede amat tapi kinerja di lapangan nol besar kalian pada muak ga sih,1875482217193123893,,methengg,in,,0,0,0,https://x.com/tanjungh418/status/1875482217193123893,1481280964899000324,tanjungh418
1874989999072182684,2025-01-04T09:46:12.000Z,0,@dhemit_is_back @DivHumas_Polri @ListyoSigitP Msh bilang rakyat puas dg kinerja polisi ? Rakyat mana pak yang puas ?,1875478830984655339,,dhemit_is_back,in,,0,0,0,https://x.com/KuchikiRizka/status/1875478830984655339,1208205079100051457,KuchikiRizka
1875143311914352920,2025-01-04T09:43:24.000Z,0,"@Metro_TV Ada"" saja kelakuan polisi. Bukannya review kinerja setahun ini malah berlanjut",1875478125934731374,,Metro_TV,in,,0,0,0,https://x.com/Andrybaktiar/status/1875478125934731374,259506193,Andrybaktiar
1446474401793200130,2025-01-04T09:31:06.000Z,0,@humasjakfire @DKIJakarta @aniesbaswedan @ArizaPatria @dprddkijakarta Ini lebih layak disebut melayani &amp; mengayomi masyarakat daripada warna coklat. Warna coklat APBN dikeluarin negara banyak tapi kinerja kayak preman. Bubarin saja deh polisi gak guna. Cuma ngabisin anggaran negara @ListyoSigitP @DivHumas_Polri @prabowo,1875475030269948019,,humasjakfire,in,,0,0,0,https://x.com/SakKare03445445/status/1875475030269948019,1456820658168492036,SakKare03445445
1875352342587175318,2025-01-04T08:31:02.000Z,0,"@el_avraham Iya nih. Ada uang masalah lu aman gitu kan yg ada di otak kalian @DivHumas_Polri 
Pak @prabowo APBN polisi besar kinerja mirip preman. Bubarin aja deh ganti damkar aja cepat tanggap",1875459913943806422,,el_avraham,in,,0,0,0,https://x.com/SakKare03445445/status/1875459913943806422,1456820658168492036,SakKare03445445
1875129161393795233,2025-01-04T08:15:29.000Z,0,@kegblgnunfaedh Polisi Juaranya pelayanan buruk akhir2 ini. Terlebih sejak petinggi sebuah partai besar menyebut partai coklat. Semoga polri mampu menunjukkan kinerja melawan framing negatif nya,1875455999345361129,,kegblgnunfaedh,in,,0,0,0,https://x.com/Bigbudi2/status/1875455999345361129,886886494450761728,Bigbudi2
1875435017507131818,2025-01-04T07:43:16.000Z,2876,@kumparan Polisi tidak mau gegabah gimana nanti klo slama pendampingan tiba2 pak polisinya kehabisan rokok sma tiba2 pengen ngopi.. Ini kan bisa mengganggu fokus dari kinerja kepolisian,1875447894905647458,,kumparan,in,,11,53,216,https://x.com/non_goodlooking/status/1875447894905647458,1232297574440132608,non_goodlooking
1875435017507131818,2025-01-04T07:08:45.000Z,358,"@kumparan @idextratime Polsek nya pecat, citra polisi belakangan ini menurun karena kinerja orang orang seperti ini ada di instansi kepolisian.",1875439205050150965,,kumparan,in,,2,20,3,https://x.com/fvxzzzzi/status/1875439205050150965,2356378945,fvxzzzzi
1875438258211188810,2025-01-04T07:04:59.000Z,0,"perlu ada komun ""jejak goblok polisi"". isinya pengalaman2 buruk dengan kinerja polisi plus tag juga kepolisian mana. Kalau perlu nama polisinya juga. Biar ada written memorial kebobrokan polisi Indonesia.",1875438258211188810,,,in,,0,0,0,https://x.com/solemnusk/status/1875438258211188810,1675161847555555328,solemnusk
1875342047512854591,2025-01-04T06:29:30.000Z,0,"@faridhcrb Ada gak analisa atau study tentang: korelasi anggaran negara untuk kepolisian terhadap tingkat kriminalitas atau kemanan masyarakat? Atau produktifitas polisi bisa diukur gak? 

Apa itu evaluasi kinerja?!",1875429327598404040,,ninja_neonn,in,,0,0,0,https://x.com/13_iwaN/status/1875429327598404040,78260254,13_iwaN
1875424357100744888,2025-01-04T06:09:45.000Z,17,"Ekstrimnya, bagaimana jika Polisi ini dibuat kaya mitra ojol. 
Bisa diorder pake aplikasi, berbayar gapapa. 
Tambahan mereka di luar gaji pokok. 
Asal kerjanya bener. 

Nanti kinerja bisa dirating sama pengguna jasa.",1875424357100744888,,,in,,2,7,4,https://x.com/briand_fergie/status/1875424357100744888,223502335,briand_fergie
1874989999072182684,2025-01-04T05:58:25.000Z,0,@L031SUB @dhemit_is_back @DivHumas_Polri @ListyoSigitP Ada ga sih konten kreator yang bikin konten review jujur tapi review jujur kinerja polisi,1875421507368972413,,L031SUB,in,,0,0,0,https://x.com/GalihRacka2/status/1875421507368972413,1570127829962203136,GalihRacka2
1875352342587175318,2025-01-04T05:26:48.000Z,0,"@el_avraham Harus ada polisi swasta si kalo gini mah, biar ada pembanding kinerja nya. Ini yg ngisi tingkat kepuasan kinerja polri siapa aja si hadehh",1875413551751590367,,el_avraham,in,,0,0,0,https://x.com/kimalana_/status/1875413551751590367,1404773151154659329,kimalana_
1875334513657835916,2025-01-04T04:59:51.000Z,0,"@DivHumas_Polri Saya percaya bahwa mayoritas anggota Polisi adalah pribadi-pribadi baik, secara spiritual, sosial maupun kinerja.
 Maka mendukung Pimpinan @DivHumas_Polri untuk  bersikap tegas ""ZERO TOLERANSI"" kepada oknum pencoreng.",1875406766823109035,,DivHumas_Polri,in,,0,3,0,https://x.com/achmadnas99/status/1875406766823109035,1617891597684977664,achmadnas99
1874995072351318420,2025-01-04T04:04:58.000Z,0,"@BudiBukanIntel Lagi lagi kinerja polisi 
Citramu semakin ora jelas pak di masyarakat",1875392957324652974,,BudiBukanIntel,in,,0,0,0,https://x.com/kim_rizkii14749/status/1875392957324652974,1769373487150534656,kim_rizkii14749
1875060562570485846,2025-01-04T02:23:21.000Z,1,"@HumorJonTampan Percaya POLISI ? Hahahaha.... macam berharap Rhoma Irama mengeluarkan album Jazz. HAMPIR GAK MUNGKIIIIINNN. @ListyoSigitP  @DivHumas_Polri  Dengan adanya keterbukaan media sosial, semakin TERKUAK kualitas dan kinerja POLISI... yg menurut gw.. BIG NO and USELESS",1875367383545868529,,HumorJonTampan,in,,0,0,0,https://x.com/kinthoen/status/1875367383545868529,830713141,kinthoen
1875363729233367438,2025-01-04T02:08:50.000Z,1,"Pak @prabowo, lihat lah kinerja kepolisian dikritik habis begini. Tolong potong anggaran polisi pak 🙏",1875363729233367438,,,in,,0,0,0,https://x.com/Menjjulang/status/1875363729233367438,1706989390642417664,Menjjulang
1875156003836281119,2025-01-04T01:42:13.000Z,0,"@akuratco Mental pembohong ini mestinya dibuang jauh-jauh pak @ahriesonta. Mereka korban sudah kehilangan nyawa, dan polisi masih membela diri. Apa susahnya minta maaf dan berbenah?! 10 tahun belakangan kinerja Polri mengecewakan hampir di segala penjuru. Segelintir oknum saja yang jujur",1875357029893800138,,akuratco,in,,0,0,0,https://x.com/AqidaJamal/status/1875357029893800138,240740381,AqidaJamal
1875143782175477983,2025-01-04T00:58:22.000Z,0,"@txtdrimedia Melihat belakang kinerja POLISI, saya lebih percaya KORBAN",1875345994784899534,,txtdrimedia,in,,0,0,0,https://x.com/Andrybaktiar/status/1875345994784899534,259506193,Andrybaktiar
1875149313900470741,2025-01-04T00:30:48.000Z,10,"@StandartGanda @xhummingnerdx @Janka_Dausat @bacottetangga__ Lohh bukan ini poinnya, mas. Poinnya itu di kinerja polisi. Anggaran buat polri itu udah ratusan Milyar, Milyar loohhh.",1875339059662631069,,StandartGanda,in,,0,0,0,https://x.com/fahmi_es/status/1875339059662631069,617107197,fahmi_es
1875330715317105073,2025-01-03T23:57:39.000Z,0,"lewat di tl rame banyak berita kinerja polisi yg bikin elus dada. dah makin ilang dari esensi kerja sbg ""polisi"". bubarin aja lah ini kepolisian klo kerjanya malah bunuh warga. #ReformasiPolisi",1875330715317105073,,,in,,0,0,0,https://x.com/mapleliez/status/1875330715317105073,1374331533410979840,mapleliez
1875329817564082490,2025-01-03T23:54:05.000Z,0,emang beda aja kinerja polisi konoha mah,1875329817564082490,,,in,,0,1,0,https://x.com/akarsatukuadrat/status/1875329817564082490,1769271759092826112,akarsatukuadrat
1875084658901492172,2025-01-03T22:58:19.000Z,0,@tijabar Padahal baru beberapa hari yang lalu habiburrahman membanggakan kinerja laporan polisi,1875315785662656801,,tijabar,in,,0,0,0,https://x.com/bembenk_jambi/status/1875315785662656801,332195471,bembenk_jambi
1875268110338728242,2025-01-03T19:48:52.000Z,0,"Kinerja yang bagus, pak polisi!
Gak usah hiraukan soal nyawa. Nyawa warga sipil kita tuh emang gak ada nilainya. #reformasi

Cc:
@ListyoSigitP @DivHumas_Polri",1875268110338728242,,,in,,0,0,0,https://x.com/FreddieMencuryy/status/1875268110338728242,1194674056684900352,FreddieMencuryy
1874138525542879673,2025-01-03T19:45:45.000Z,0,"@ListyoSigitP Polisi sekarang makin hebat kok pak, bapak harusnya bangga dengan kinerja bawahan anda, sekarang lapor polisi gampang, gada pungli pungli an, datang bikin BAP saja disuguhi teh hangat, diajak ngobrol, beuh keren pokoknya nah. Panjang Umur ya pak ⭐️⭐️⭐️⭐️⭐️",1875267323550183545,,ListyoSigitP,in,,0,0,0,https://x.com/jombI0/status/1875267323550183545,1214866794835406849,jombI0
1875113751126651326,2025-01-03T19:03:21.000Z,0,"@Konsisten6966 @DivHumas_Polri Polisi selalu meresahkan, lebih baik dibubarkan saja dari pada buang"" APBN banyak demi kinerja low quality @DivHumas_Polri",1875256655526625656,,Konsisten6966,in,,0,0,0,https://x.com/SakKare03445445/status/1875256655526625656,1456820658168492036,SakKare03445445
1875149865531187645,2025-01-03T15:17:56.000Z,0,"@BosPurwa @ListyoSigitP DPR harus mengevaluasi kinerja KAPOLRI, di bawah kepemimpinannya setiap hari kasus oknum polisi meningkat tajam. Reputasi POLRI jeblok. Sepertinya beliau tidak bisa mengontrol anak buahnya sendiri.",1875199924071186656,,BosPurwa,in,,0,0,0,https://x.com/AryaAsya4/status/1875199924071186656,1413761782238253062,AryaAsya4
1875149865531187645,2025-01-03T15:12:31.000Z,0,@BosPurwa @ListyoSigitP Gw demi alloh gk percaya sama kinerja polisi,1875198562172363190,,BosPurwa,in,,0,0,0,https://x.com/PrambudiPr82274/status/1875198562172363190,1830210264014475264,PrambudiPr82274
1875059517001716056,2025-01-03T15:06:44.000Z,1,"@kompascom Mari kita dukung kinerja polisi...
Agar kinerja polisi bisa mencapai 10 besar, saat ibu posisinya hanya di Nomor 2 di asia, dan nomor 18 di dunia.
Yuk.... Pak polisi pasti bisa...
🎉🥳 https://t.co/pcBcRHuZ4i",1875197106518151483,https://pbs.twimg.com/media/GgYJ0vwasAASriV.jpg,kompascom,in,,0,0,0,https://x.com/EdwardSevino/status/1875197106518151483,2301246163,EdwardSevino
1875149313900470741,2025-01-03T14:44:42.000Z,0,"@bacottetangga__ Kinerja polisi bener² ya astaghfirulloh, SOP nya gak ada pencegahan apa ya, selalu nunggu ada korban baru kerja. @ahriesonta @DivHumas_Polri",1875191564072566857,,Goonddrong,in,,0,1,0,https://x.com/djoyo_aulawi/status/1875191564072566857,1227821687401373698,djoyo_aulawi
1875190319437971955,2025-01-03T14:41:09.000Z,1,Kinerja polisi juga ramai dibahas warga X. Percakapan warga X mencapai 23 juta kali tayang yg menunjukkan ramainya percakapan di linimasa X. Adapun jumlah percakapan mencapai 30 ribu replies. https://t.co/2M759dNBxF,1875190667728834868,https://pbs.twimg.com/media/GgYDxDabUAA6vIP.png,DudyRudianto,in,,0,0,1,https://x.com/DudyRudianto/status/1875190667728834868,1325603294765486081,DudyRudianto
1875190319437971955,2025-01-03T14:39:46.000Z,1,"Hari ini, 3 Januari 2025, Warga Tiktok ramai membahas tentang kinerja Polisi. Jumlah tayang di Tiktok mencapai 67 juta dengan 98 ribu percakapan. Sebaran ke Whatapp terbilang tinggi mencapai 12 ribu shares. https://t.co/8vtMYk7JSm",1875190319437971955,https://pbs.twimg.com/media/GgYDT2takAAOGYL.png,,in,,0,1,2,https://x.com/DudyRudianto/status/1875190319437971955,1325603294765486081,DudyRudianto
1875129161393795233,2025-01-03T14:29:14.000Z,35,"@kegblgnunfaedh viralkan, kinerja polisi yg buruk menolak pendampingan. emang kalau ada laporan standar maharnya berapa?  jargon baru polisi ""mengayomi duit masyarakat""",1875187668822466932,,kegblgnunfaedh,in,,0,0,0,https://x.com/dia_aku41942/status/1875187668822466932,1767529084865974272,dia_aku41942
1874992802628829478,2025-01-03T14:04:13.000Z,0,"@MafiaWasit Kinerja damkar bisa dilihat dari film² yang sudah ada, berbeda dari polisi😸",1875181376112377898,,MafiaWasit,in,,0,0,0,https://x.com/adehazard10/status/1875181376112377898,1613173939999735808,adehazard10
1875114881256710267,2025-01-03T13:55:23.000Z,0,"@detikcom Ini emang anggaran polisi kegedean deh. Mending duit nya dipotong aja, tinggalin seperempat nya aja. Kinerja nya jelek bgt gini",1875179153252856153,,detikcom,in,,0,0,0,https://x.com/samdiken911/status/1875179153252856153,1572939186214092800,samdiken911
1875027557353201817,2025-01-03T13:18:31.000Z,1,"@DivHumas_Polri saya ingin sekali percaya dan kagum sama Polisi, tapi setelah banyak kejadian atas ketidak sanggupan polisi menangani atau malah MELAKUKAN kriminalitas, semia jadi anjlok. Percuma lapor polisi, kalau kinerja kalian seperti ini.",1875169871723696199,,DivHumas_Polri,in,,0,0,0,https://x.com/DimasMantab/status/1875169871723696199,178121893,DimasMantab
1875132424490996220,2025-01-03T13:11:14.000Z,0,"@Mdy_Asmara1701 Mwmpecayai intitusi kepolisian adalah kedua-siaan, kecuali DPR mungkin yang merasa kinerja polisi membaik . Mungkin mereka lupa,DPR bukanlah rakyat!mereka hanya memakai jargon atas nama rakyat",1875168041497194846,,Mdy_Asmara1701,in,,0,0,0,https://x.com/MohAgus2008/status/1875168041497194846,1461248331536080897,MohAgus2008
1875159730760651205,2025-01-03T12:38:13.000Z,11,"Sudah terlalu banyak Yang viral dari yg mereka katakan sebagai Oknum di institusi ini
kebobrokan mereka membuat Rakyat Smakin Tak Percaya sama kinerja Polisi 
sangat Memalukan",1875159730760651205,,,in,,0,0,3,https://x.com/OmJ_J3Nggott/status/1875159730760651205,721590341669748736,OmJ_J3Nggott
1875154565018054887,2025-01-03T12:17:41.000Z,0,Banyak banget isu negatif yang berkembang di masyarakat tentang kinerja polisi.. Ada yang punya pengalaman buruk gak dengan polisi? #polisi #indonesia,1875154565018054887,,,in,,0,0,0,https://x.com/BreezySolana/status/1875154565018054887,1847599643770916864,BreezySolana
1875141937193460005,2025-01-03T11:27:30.000Z,0,Gambaran kinerja polisi,1875141937193460005,,,in,,0,0,0,https://x.com/syndassko/status/1875141937193460005,1008313165430439936,syndassko
1875141413773746237,2025-01-03T11:25:26.000Z,3439,"Gugur (mati) saat bertugas adalah risiko polisi, yang harus kalian lakukan adalah hadapi risiko itu se-baik mungkin dengan tujuan melindungi masyarakat. Jika melihat kinerja polisi bagus, rakyat juga akan ""melindungi"" kalian saat bertugas, seperti di video ini. Tetangga melapor- https://t.co/Ihd7TkB0dk",1875141413773746237,https://pbs.twimg.com/ext_tw_video_thumb/1875141334211891201/pu/img/8bSPw56OzxntWUAT.jpg,,in,,30,115,915,https://x.com/RWWReborn/status/1875141413773746237,1816965736059088896,RWWReborn
1875071490078745001,2025-01-03T11:12:30.000Z,0,"@kompascom @kompascom 
@_poldabanten @DivHumas_Polri @ListyoSigitP 
@habiburokhman 
Itu survei dan apresiasi komisi 3 DPR utk kinerja polisi yg kyk jempolan itu beneran?
Ini sdh ditembak perampok ranmor, dibuat susah lagi keluarga almarhum
Jangan sampe POLRI dpt sorotan OCCRP jg atau sudah https://t.co/RkZuhnUamp",1875138162215043577,https://pbs.twimg.com/media/GgXUOIyaQAArdA0.jpg,kompascom,in,,0,0,0,https://x.com/KarundengUsi/status/1875138162215043577,1331653431723913217,KarundengUsi
1875129234014015620,2025-01-03T10:37:02.000Z,0,"@callMefool @DonsapRNR @zir_zev butuh buat tugas kuliah mau nannya dong, menurut kalian gimana kinerja polisi akhir akhir ini?",1875129234014015620,,callMefool,in,,0,0,0,https://x.com/edwinetwin/status/1875129234014015620,239457084,edwinetwin
1874989999072182684,2025-01-03T10:08:16.000Z,0,"@dhemit_is_back @DivHumas_Polri @ListyoSigitP Kapolri @ListyoSigitP pernah mengatakan bahwa :

“Ikan busuk dimulai dari kepalanya”

Fakta : Kepala Kepolisian saat ini adalah @ListyoSigitP 

Jadi, mgp kinerja polisi mengecewakan ?

Bukan soal citra, tapi leadership.",1875121995849081260,,dhemit_is_back,in,,0,0,0,https://x.com/tunggulkayu01/status/1875121995849081260,1596913323483623425,tunggulkayu01
1874933080278147294,2025-01-03T09:37:19.000Z,16,"@Stakof Kapolri @ListyoSigitP pernah mengatakan bahwa :

“Ikan busuk dimulai dari kepalanya”

Fakta : Kepala Kepolisian adalah @ListyoSigitP 

Jadi, mgp kinerja polisi mengecewakan ?",1875114207953465598,,Stakof,in,,0,1,1,https://x.com/tunggulkayu01/status/1875114207953465598,1596913323483623425,tunggulkayu01
1874856637649027285,2025-01-03T09:28:13.000Z,0,@Mdy_Asmara1701 Gw lebih percaya keluarga korban di banding polisi beneran ini.... Gw udah muak dengan kinerja polisi,1875111918450639172,,Mdy_Asmara1701,in,,0,0,0,https://x.com/asemahidita/status/1875111918450639172,1786692895128567808,asemahidita
1875091026261762498,2025-01-03T09:26:00.000Z,8,@AnKiiim_ @ListyoSigitP @DivHumas_Polri Makin hari kualitas kinerja polisi makin buruk aja..,1875111359144452155,,AnKiiim_,in,,0,0,0,https://x.com/BasukiOktober/status/1875111359144452155,1630586506900561920,BasukiOktober
1875093490356380058,2025-01-03T09:09:12.000Z,0,@ARSIPAJA anak pesantren bukannya jarang keluar ya?? kok tau kinerja polisi??,1875107129872576600,,ARSIPAJA,in,,0,0,0,https://x.com/mshtktwife/status/1875107129872576600,1174966083687567361,mshtktwife
1874989999072182684,2025-01-03T08:56:17.000Z,1,"@dhemit_is_back @DivHumas_Polri @ListyoSigitP Kl sering nonton police activity di US, gua yakin diketawain. Jauh bgt kinerja polisi disana sm di sini",1875103880994082896,,dhemit_is_back,in,,0,0,0,https://x.com/idansfx/status/1875103880994082896,1140201090463326208,idansfx
1875093490356380058,2025-01-03T08:48:15.000Z,0,"@ARSIPAJA padahal udah minta pendampingan ama polisi tapi malah ditolak

kinerja apa yg di liat “BEM Pesantren” ini?? https://t.co/xzQB7IyDiM",1875101859591106583,https://pbs.twimg.com/media/GgWzMzKawAAOWn2.jpg,ARSIPAJA,in,,0,0,0,https://x.com/18563253200bot/status/1875101859591106583,1132527738919694336,18563253200bot
1875085542200942992,2025-01-03T07:43:25.000Z,0,"KINERJA POLRI DAPAT APRESIASI MASYARAKAT

Tokoh Masyarakat dan Tokoh Agama di Bondowoso memberikan Apresiasi kepada Polisi terutama Polres Bondowoso yang telah Mengawal dan Mengamankan jalannya Pilpres,Pilkada sampai Perayaan Nataru Sehingga dapat Berlangsung dengan aman
#fyp https://t.co/AoKBkqt4WP",1875085542200942992,https://pbs.twimg.com/ext_tw_video_thumb/1875085447237623808/pu/img/sn0gqdP6o8J7r70j.jpg,,in,,0,0,0,https://x.com/PolsekTpn/status/1875085542200942992,1694921198453616640,PolsekTpn
1875078849178083481,2025-01-03T07:16:49.000Z,4,"Gue sadar kalo gue ga mampu mengubah kebijakan apa pun. Tapi minimal dg berisikin kelakuan atau keputusan jelek aparat hukum dan pejabat, minimal bs menambah presentase jumlah org yg ga puas kinerja polisi/pejabat. Biar mereka ga kepedean mikir kalo mrk udah keren.",1875078849178083481,,,in,,0,1,5,https://x.com/piokharisma/status/1875078849178083481,60523814,piokharisma
1875069598401454588,2025-01-03T06:40:04.000Z,0,"Keburukan pertama polisi di 2025.

Yuk kita hitung sampai 31 desember 2025 ada brp kasus/keburukan di tubuh POLRI

Coba itu Penasehat Kapolri bid.sosmed, 80% suara siapa

Coba kita lawan om bikin petisi siapa yg g setuju dgn kinerja Polri ke seluruh Indo @dhemit_is_back https://t.co/xesYJk6TKh",1875069598401454588,https://pbs.twimg.com/media/GgWV2x3bsAAVdR3.jpg,,in,,0,0,0,https://x.com/sofyansmithhh/status/1875069598401454588,3095336694,sofyansmithhh
1875064061311980027,2025-01-03T06:18:03.000Z,0,"Sebanyak 18 oknum Polisi diduga terlibat dalam pemerasan terhadap Warga Negara (WN) Malaysia saat menonton Djakarta Warehouse Project (DWP) di JIExpo, Kemayoran. Tiga polisi kini dipecat lewat sidang etik. Dalam kasus ini, Polisi menyebut hasil pemerasan diduga mencapai Rp2,5 https://t.co/IFGbL4YSuz",1875064061311980027,https://pbs.twimg.com/media/GgWQyKlaMAAbZxn.jpg,,in,,0,0,0,https://x.com/RadioElshinta/status/1875064061311980027,121640063,RadioElshinta
1874989999072182684,2025-01-03T05:49:45.000Z,0,"@dhemit_is_back @DivHumas_Polri @ListyoSigitP Ga ngerti lg deh ini, gmn siih kerja Polisi dinegeri ini...tolonglah pak @ListyoSigitP mau smpe kpn citra instansi kalian jelek dimata rkyat, pdhl yg ngasih klian gaji pun rakyat, klian minta + anggaran tp kinerja kalian 2 dari 10, bhkan byk rakyat menilai 0, tolong pak @prabowo",1875056938066870430,,dhemit_is_back,in,,0,0,0,https://x.com/naniadalahapa/status/1875056938066870430,321940110,naniadalahapa
1875050522098782406,2025-01-03T05:45:37.000Z,0,"Mengingat kinerja dan citra polisi yg hitting the rock bottom, harusnya kalau liat waktunya jam 1 malem (urgent) bisa didampingi dulu dengan mengesampingkan asumsi dan birokrasi

Pun kl laporannya palsu, bisa langsung ditangkep",1875055899582349711,,wisnuaril,in,,0,1,0,https://x.com/wisnuaril/status/1875055899582349711,548012608,wisnuaril
1874394653631602911,2025-01-03T05:43:55.000Z,0,"@Ajie61LHenry @NOTASLIMBOY Harusnya rakyat teriak:

- Minta adili polisi korup ✅️ 
- Minta evaluasi institusi Polisi ✅️
- Pecat polisi bermasalah! ✅️
- Evaluasi kinerja Kapolri! ✅️

Tuntut &amp; tag Presiden dan Partai pengusung untuk kerja yang bener ✅️

Kalo jelek kinerjanya, jangan pilih lagi!",1875055470802805101,,03_davie,in,,0,0,0,https://x.com/03_davie/status/1875055470802805101,1181742103811878912,03_davie
1875045648116105347,2025-01-03T05:04:53.000Z,0,"Baru juga buat kek gini @DivHumas_Polri ngaku-ngaku netizen puas terhadap kinerja polisi eh hari ini langsung ditunjukin dong ada kasus wkwk

Jago jago emang anak buah @ListyoSigitP https://t.co/CVv7qGbdtC",1875045648116105347,https://pbs.twimg.com/media/GgWAEhFbEAAgNso.jpg,,in,,0,0,0,https://x.com/mayonaiseee__/status/1875045648116105347,1561308100791238656,mayonaiseee__
1875044052019929181,2025-01-03T04:58:33.000Z,0,Ini jelas persoalan serius bagi bangsa ini terhadap kinerja polisi. Karena dapat dianggap bahwa korban tewas akibat diabaikan polisi ketika korban meminta perlindungan. Padahal korban sudah menjelaskan bahwa pelaku membawa senjata api. https://t.co/hBAweNqsn8,1875044052019929181,https://pbs.twimg.com/media/GgV-QbbaYAAY9HW.png,,in,,0,0,0,https://x.com/perdamen/status/1875044052019929181,67542199,perdamen
1875007323778805837,2025-01-03T04:56:41.000Z,8,"@kumparan Instansi yang cuman buat gaya gayaan, tebar pesona ke tiap cewek. Lebih mengedepankan kepentingan individu dari pada masyarakat. Evaluasi aja kinerja polri berdasarkan hasil kepuasan masyarakat terhadap pelayanan kinerja polisi. Nah dapet tuh judul buat skripsi",1875043583352545787,,kumparan,in,,0,0,1,https://x.com/arlstikel18/status/1875043583352545787,1226694987619786754,arlstikel18
1875030326361366915,2025-01-03T04:56:22.000Z,0,@KompasTV Ini jelas persoalan serius bagi bangsa ini terhadap kinerja polisi. Karena dapat dianggap bahwa korban tewas akibat diabaikan polisi ketika meminta perlindungan. Padahal korban sudah menjelaskan pelaku membawa senjata api. Harus ada tindakan tegas terhadap pengabaian ini.,1875043503132287283,,KompasTV,in,,0,0,0,https://x.com/perdamen/status/1875043503132287283,67542199,perdamen
1874998880351433044,2025-01-03T04:46:20.000Z,0,@__PASMANTAP Kinerja polisi 80% positif...?,1875040979881005389,,__PASMANTAP,in,,0,0,0,https://x.com/iJastoa/status/1875040979881005389,1352408771490770944,iJastoa
1875012959581208744,2025-01-03T04:05:49.000Z,1,@9Barbrew @detikcom Entahlah..ngak habis pikir dgn kinerja polisi saat2 ini..trlebih lagi skrang marak sekali penggunaan senjata Api..entah itu digunahkan oleh oknum secara ilegal maupun sipil..ngeri😏,1875030781544013833,,9Barbrew,in,,0,0,0,https://x.com/Fadlipenyair12/status/1875030781544013833,1286557775670042625,Fadlipenyair12
1874989999072182684,2025-01-03T03:15:37.000Z,0,"@dhemit_is_back @DivHumas_Polri @ListyoSigitP Hasil anggaran besar ga ngaruh kinerja polisi, jelek bener institusi satu ini",1875018148522684747,,dhemit_is_back,in,,0,0,0,https://x.com/Jamafif/status/1875018148522684747,78848836,Jamafif
1875015683777700048,2025-01-03T03:05:49.000Z,0,parah sih kinerja polisi di bawah Pak @ListyoSigitP,1875015683777700048,,,in,,0,0,0,https://x.com/Dannykiwkiw/status/1875015683777700048,3238035197,Dannykiwkiw
1874969262659719508,2025-01-03T02:55:17.000Z,7,"@kompascom PERCUMA LAPOR POLISI!? 
Gmana nih pak @ahriesonta koq makin miris sekarang kinerja institusi Bapak? Apa harus mati dulu baru laporan ditanggapi? Atau memang harus bayar biar Polisi Gercep? Trs anggaran segede Megalodon dari Pemerintah kita itu utk apa?",1875013031970938949,,kompascom,in,,0,0,3,https://x.com/saru_mind/status/1875013031970938949,1625828846,saru_mind
1875012604898513053,2025-01-03T02:53:35.000Z,0,Bilang aja para polisi pemalas untuk melayani warga. Kasus gw bukan pembunuhan tapi kinerja polisi lelet bgt. Malah polisi menjadi ajang bikin backingan orang krimininal untuk takutin warga org awam,1875012604898513053,,,in,,0,0,0,https://x.com/Ruthholongminne/status/1875012604898513053,1097535601,Ruthholongminne
1874989999072182684,2025-01-03T02:41:33.000Z,11,"@dhemit_is_back @DivHumas_Polri @ListyoSigitP Awal tahun yang bisa membanggakan buat Polri. Mantap kinerja nya di awal tahun. Buat polisi yang jaga, udah bener banget di lapor komandannya.. Dan komandannya udah bener banget melakukan prosedur yang ada. Salut buat Polri.. Tingkatkan kinerjanya yang baik ini.. #prettlahhh",1875009574706819163,,dhemit_is_back,in,,0,0,1,https://x.com/NewsAnch0rr/status/1875009574706819163,1447037181353095168,NewsAnch0rr
1874763780074467757,2025-01-03T02:25:34.000Z,0,"@intinyadeh Keren sekali kinerja polisiku @DivHumas_Polri yang di pimpin oleh yang mulia maha agung @ListyoSigitP , ""salam hormat"" ku untuk kalian wahai polisi ""hebat""ku.",1875005551282909642,,intinyadeh,in,,0,0,0,https://x.com/AnakKampoeng78/status/1875005551282909642,1631095391382036482,AnakKampoeng78
1875001367464714279,2025-01-03T02:08:56.000Z,0,"Tiap hari baca berita ttg buruk nya kinerja polisi, like literaly EVERYDAY
Citra dan kinerja mereka bener2 buruk
Padahal anggaran utk polisi cukup gede
Kasian sama polisi yg kerjany bner
Ketutup sama mayoritas oknum yg kerjanya buruk",1875001367464714279,,,in,,0,0,0,https://x.com/zackthekid/status/1875001367464714279,93856091,zackthekid
1874999874229616801,2025-01-03T02:03:00.000Z,0,Polisi ini konsisten ya kinerja buruknya,1874999874229616801,,,in,,0,0,0,https://x.com/istiqlalzahra/status/1874999874229616801,49216531,istiqlalzahra
1874989999072182684,2025-01-03T01:48:31.000Z,0,@dhemit_is_back @DivHumas_Polri @ListyoSigitP Itulah kenapa sebagian besar masyarakat tidak terlalu suka dengan kinerja polisi,1874996229517812071,,dhemit_is_back,in,,0,0,0,https://x.com/rh1799/status/1874996229517812071,1772639358300123136,rh1799
1874995178081280461,2025-01-03T01:44:20.000Z,0,"Lihat replies nya, netizen pada kecewa sama kinerja polisi, kita lihat 30 tahun lagi apakah sudah berbenah instansi ini?",1874995178081280461,,,in,,0,0,0,https://x.com/dian_9395/status/1874995178081280461,1051834850,dian_9395
1874856637649027285,2025-01-03T01:44:18.000Z,4,"@Mdy_Asmara1701 Polisi yg menolak laporannya, ngga nyangka mungkin kejadiannya bakal tragis spt ini, akhir tercoreng lagi kinerja nya.",1874995168333738118,,Mdy_Asmara1701,in,,0,0,0,https://x.com/BangJiih85/status/1874995168333738118,1603666788566577152,BangJiih85
1874311915910090874,2025-01-03T01:38:06.000Z,0,@DivHumas_Polri iya nilai 80% dari 100% seluruh warga indonesia tidak puas dengan kinerja polisi yang ngga becus,1874993607255699932,,DivHumas_Polri,in,,0,0,0,https://x.com/DanyDarou/status/1874993607255699932,1254052578,DanyDarou
1874990711172735282,2025-01-03T01:26:35.000Z,0,"Ya iyalah polisi gak mau, mereka juga ikut berbisnis di bidang ini. Jangan salahin rakyat kalo kami gak percaya dan curiga ke kalian karna kinerja najis kalian",1874990711172735282,,,in,,0,0,0,https://x.com/moshmoshiy/status/1874990711172735282,1203139003723051010,moshmoshiy
1874841701757657277,2025-01-03T01:22:05.000Z,3,"@jawafess Kinerja polisi di Jateng sangat buruk, ditambah dapet gubernur polisi. Combo",1874989578542858373,,jawafess,in,,0,0,0,https://x.com/pp_prayoga/status/1874989578542858373,521157429,pp_prayoga
1874969262659719508,2025-01-03T01:16:12.000Z,1,"@kompascom asuu asu, polisi kok ga proaktif blas, sipaling birokrasi, tpi malah menghabat kinerja. Kan bisa mengendalikan keadaan dulu baru setelahnya investigasi lanjutan, keadaan darurat kok malah dijaluk i dokumen, dikiro daftar cpns opo",1874988096716210495,,kompascom,in,,0,0,0,https://x.com/imsusumanis/status/1874988096716210495,1800789507710795776,imsusumanis
1874830464328065363,2025-01-03T01:06:31.000Z,0,"@kompascom Duh partai coklat terus ja berulah gini.. Bagus y se di bubarkan aja karena sdh busuk dr kepala y.. 
Bagaimana tanggapan pak @prabowo thd instansi polisi yg terus merosot kinerja y malah anggaran yg paling tinggi.. 
@DPR_RI 
@pdip 
@Gerindra 
@FPKSDPRRI",1874985660546998426,,kompascom,in,,0,0,0,https://x.com/iskan45v/status/1874985660546998426,1241596438561181696,iskan45v
1874289460986187811,2025-01-03T00:44:35.000Z,0,"@ARSIPAJA Masa si cuma 46%?? Gue puas kok sama kinerja polisi, polisi tidur",1874980141761487083,,ARSIPAJA,in,,0,0,0,https://x.com/Kkktiga/status/1874980141761487083,323154312,Kkktiga
1874810280179581294,2025-01-03T00:43:00.000Z,2,@bacottetangga__ Semoga polisi di laknat hingga tulang tulang karena anggaran besar no 2 tp kinerja seperti ayam sayur,1874979740626616700,,Goonddrong,in,,0,1,0,https://x.com/professordeka/status/1874979740626616700,72884031,professordeka
1874311915910090874,2025-01-03T00:31:46.000Z,0,"@DivHumas_Polri Kinerja Polisi di Pedalaman sangat kacau, memukul, menangkap orang, mentahan orang tanpa prosedural yg jelas.
Perlu ada pembenahan total",1874976915079197062,,DivHumas_Polri,in,,0,0,0,https://x.com/EroAmoye/status/1874976915079197062,1486521780411908096,EroAmoye
1874958336963330412,2025-01-02T23:17:57.000Z,15,"Subuh Jumat Pagii cape dan kesel liat beranda isinya Parcok Polisi Gak Mau layani permintaan warga yg berujung korban ditembak mati gegara rental mobil
Polri mengawali 2025 dgn kinerja bangcaadd

Trend TL : PPN 12% OCCRP PT 20%

Refresh Timeline aj dulu 
Jump Scare Tidur Malam https://t.co/ZBPbdFtoBR",1874958336963330412,https://pbs.twimg.com/ext_tw_video_thumb/1874958132482568192/pu/img/TzJxsTF6u0pfO95r.jpg,,in,,0,34,1,https://x.com/joe_pride888/status/1874958336963330412,1355098085844606981,joe_pride888
1874289460986187811,2025-01-02T18:02:19.000Z,0,@ARSIPAJA Kapolri minta begini pun setelah netizen ngeviralin kinerja polisi yang ambrok kan 😂,1874878904571445558,,ARSIPAJA,in,,0,0,0,https://x.com/ArutalaWirasena/status/1874878904571445558,1518472730425053184,ArutalaWirasena
1874808055302652175,2025-01-02T15:12:11.000Z,0,@e100ss Saya apresiasi kinerja kali ini. Semoga kedepannya polisi lebih sat set maneh memangkap pelaku curanmor.,1874836092928876838,,e100ss,in,,0,1,0,https://x.com/kuliteijo/status/1874836092928876838,1140197335001006080,kuliteijo
1873017319783576033,2025-01-02T14:43:58.000Z,0,"@DivHumas_Polri Setelah dinas ambyar kembali ke setelan pabrik, tilang sana tilang sini fitnah korban salah tangkap korban hadewww hadewww!!! mau memperbaiki kinerja polisi kerja nyata dong??? 😂😂😂",1874828989216563219,,DivHumas_Polri,in,,0,0,0,https://x.com/priadi130492/status/1874828989216563219,1728025919946928128,priadi130492
1874723568887738609,2025-01-02T14:40:54.000Z,0,"@ridwanhr Keberadaan polisi tidak bermanfaat. Kalau yg meminta rakyat kecil pasti minta uang operasional, padahal anggaran lembaga ini paling besar setelah TNI. Tapi kinerja jeblok",1874828219352072525,,ridwanhr,in,,0,0,0,https://x.com/dipejet/status/1874828219352072525,558763892,dipejet
1874825997964673428,2025-01-02T14:32:05.000Z,0,Ini polisi kaga ada rencana mau ngebenerin kinerja dan diketatin customnya kah,1874825997964673428,,,in,,0,0,0,https://x.com/4digm/status/1874825997964673428,1615150172287430658,4digm
1874819223048147246,2025-01-02T14:05:09.000Z,0,"Tahun udah baru, tapi polisi kinerja masih kek dulu2 aja.",1874819223048147246,,,in,,0,0,0,https://x.com/stepovermove/status/1874819223048147246,113593630,stepovermove
1874763780074467757,2025-01-02T13:34:59.000Z,16,"@4lembar4lembarr @intinyadeh @DivHumas_Polri Anggaran kemhan di bagi ke Kemhan, Mabes TNI dan Mabes 3 matra. 

Lah polisi dikeloka sendiri. Tapi kinerja nya ampun.",1874811628761559233,,,in,,0,1,0,https://x.com/makanminumhappy/status/1874811628761559233,965434615,makanminumhappy
1874809695489446147,2025-01-02T13:27:18.000Z,0,Satuan Polisi Pamong Praja Provinsi Lampung mengikuti Sosialisasi Sistem Pelaporan Elektronik Kinerja (SIMPEL-AJA) Pengendalian Inflasi Daerah di Grand Praba Bandar Lampung (24/12/2024). https://t.co/P1mIyXBCUk,1874809695489446147,https://pbs.twimg.com/media/GgSpekPagAAUP18.jpg,,in,,0,1,0,https://x.com/prajawibawalam1/status/1874809695489446147,1486915145787850752,prajawibawalam1
1874807073248260416,2025-01-02T13:16:53.000Z,0,"PPP Jakarta Apresiasi Kinerja Polisi Pas Pilkada &amp; Pilpres, Sampai Dirasakan Kader Partai

https://t.co/QqbGaoVuxZ",1874807073248260416,,,in,,0,0,0,https://x.com/jpnncom/status/1874807073248260416,79130206,jpnncom
1874763780074467757,2025-01-02T12:53:48.000Z,0,@intinyadeh @DivHumas_Polri baru juga minta maaf Kapolri nya atas kinerja polisi malah berulah lagi anak buahnya 😂,1874801266645520829,,intinyadeh,in,,0,0,0,https://x.com/aarief_m/status/1874801266645520829,1104062203336962048,aarief_m
1874289460986187811,2025-01-02T09:34:55.000Z,0,"@anjasumara20167 @ARSIPAJA Ini gelar akademiknya patut dipertanyakan. Validitas ilmiahnya sangat diragukan. Bahkan tanpa perlu ngitung pun, sekali scroll postingan ttg kinerja polisi, pasti lebih dr 60% negatif. Bahkan mungkin lebih dr 70% wkwkwk",1874751213004267860,,anjasumara20167,in,,0,0,0,https://x.com/SKJ_4848/status/1874751213004267860,1874513567837511680,SKJ_4848
1874728719354577291,2025-01-02T08:59:24.000Z,0,@RyaWiedy @ListyoSigitP Benar benar ghoib. Akhirnya setelah kejadian viral bunuh anak SMK baru kena getahnya itu polisi Semarang. Terus kasus ini ghoib? Harus diviralkan lagi nih biar lebih tahu kinerja polisi khususnya di Semarang,1874742276104282496,,RyaWiedy,in,,0,0,0,https://x.com/ononiha_radja/status/1874742276104282496,1430705416896274433,ononiha_radja
1874311915910090874,2025-01-02T06:38:59.000Z,0,@DivHumas_Polri Eleh. Lagu2 kinerja polisi bagus. Emng lu tau di lapangn kayak apa. Mikirrrrrrrr. Masyarakt lebih tau yg sebenrnya bos,1874706941433577964,,DivHumas_Polri,in,,0,0,0,https://x.com/ze_myng/status/1874706941433577964,1430915692782567431,ze_myng
1874672694748442841,2025-01-02T04:22:54.000Z,0,"Halo Sobat Humas ✨
Menjelang pergantian tahun, Polres Tuban menggelar konferensi pers akhir tahun untuk menyampaikan laporan terkait kinerja kepolisian sepanjang tahun 2024.

-Official Polres Tuban 
@tuban1_ronggolawe 

#polisi #police #polisiviral #polisijatim #viralindonesia https://t.co/42ijLmNJ5N",1874672694748442841,https://pbs.twimg.com/ext_tw_video_thumb/1874672552909615104/pu/img/zU1x0G0AWS7B9_Zd.jpg,,in,,0,0,0,https://x.com/palang8869564/status/1874672694748442841,1815304226010259457,palang8869564
1874672676679401817,2025-01-02T04:22:50.000Z,135,"Polri menggelar Rilis Akhir Tahun 2024 yang dipimpin langsung oleh Kapolri Jenderal Polisi Drs. Listyo Sigit Prabowo, M. Si., di Rupattama Mabes Polri, Jakarta, pada Selasa (31/12). Dalam kegiatan ini, Kapolri memaparkan secara rinci kinerja jajaran Polri sepanjang tahun 2024, https://t.co/x7KXpNMBY0",1874672676679401817,https://pbs.twimg.com/amplify_video_thumb/1874672495669944320/img/ntCSfXSGKpaHDrnU.jpg,,in,,0,70,7,https://x.com/DivHumas_Polri/status/1874672676679401817,138290629,DivHumas_Polri
1874289460986187811,2025-01-02T02:40:41.000Z,0,"@anjasumara20167 @ARSIPAJA 80% nilai negatif kinerja polisi maksudnya, tolol gini kok bisa jadi penasehat Kapolri",1874646969739886982,,anjasumara20167,in,,0,0,0,https://x.com/Bossmannxx/status/1874646969739886982,238387048,Bossmannxx
1874644536351506484,2025-01-02T02:31:01.000Z,2,"Halo Sobat Humas ✨
Menjelang pergantian tahun, Polres Tuban menggelar konferensi pers akhir tahun untuk menyampaikan laporan terkait kinerja kepolisian sepanjang tahun 2024.

-Official Polres Tuban 
@tuban1_ronggolawe 

#polisi #polisiviral #polisijatim #viralindonesia #polri https://t.co/4zKuICYA5e",1874644536351506484,https://pbs.twimg.com/ext_tw_video_thumb/1874644247791771648/pu/img/lrFYH18ayefM0mH6.jpg,,in,,0,0,0,https://x.com/PolsekSenori/status/1874644536351506484,1415071104167604224,PolsekSenori
1874639394281488743,2025-01-02T02:10:35.000Z,0,"Halo Sobat Humas ✨
Menjelang pergantian tahun, Polres Tuban menggelar konferensi pers akhir tahun untuk menyampaikan laporan terkait kinerja kepolisian sepanjang tahun 2024.

-Official Polres Tuban 
@tuban1_ronggolawe 

#polisi #police #polisiviral #polisijatim #viralindonesia https://t.co/xyg8jrjuzK",1874639394281488743,https://pbs.twimg.com/ext_tw_video_thumb/1874639299762913281/pu/img/YVY4N5qR1QK94__B.jpg,,in,,0,0,0,https://x.com/jatirogo_polsek/status/1874639394281488743,1589980437803565057,jatirogo_polsek
1874451714226753544,2025-01-01T16:38:28.000Z,1,"@KaredokLeunca__ Polisi menambah penderitaan pelapor/pendumas, fakta!!
Polisi bertindak sewenang-wenang dengan menyalahgunakan jabatan nya, fakta!!
Polisi arogan ketika di kritik kinerja yang buruk, fakta!!
Polisi tidak menghargai HAM pelapor/ pendumas, fakta!!",1874495415095296192,,KaredokLeunca__,in,,0,0,0,https://x.com/TiurWahyuni/status/1874495415095296192,1364531709815918593,TiurWahyuni
1874425861027635217,2025-01-01T12:06:27.000Z,17,"Dah gitu banyak yg reply/qrt ""tinggal lapor"" kyk I'm all in buat mereka lapor ke polisi please do it tapi kita semua tahu ya bapak ibu kinerja polisi gimana...",1874426960417554694,,adityaWM,in,,0,0,0,https://x.com/adityaWM/status/1874426960417554694,100473741,adityaWM
1874091772156272904,2025-01-01T11:03:46.000Z,0,@CakKhum Bapak abis ini ngeluh apa mau memperbaiki kinerja pak? Itu rekayasa barbuk sama rekonstruksi bapak adem aja. Itu yg malak penonton konser secara massive cuma digeser pak.. Yaaah mau jadi apa. Kasian pak polisi bagus. Tenggelam sama polisi busuk. Kasian keluarga polisi baik,1874411186185490779,,CakKhum,in,,0,0,0,https://x.com/KojayFajri/status/1874411186185490779,1439393351866871808,KojayFajri
1874403783905812513,2025-01-01T10:34:21.000Z,3,"Kapolri Jenderal Listyo Sigit Prabowo menyampaikan permohonan maaf kepada masyarakat atas kinerja kepolisian sepanjang tahun 2024 yang dinilai belum sepenuhnya memenuhi harapan publik.

Hal tersebut disampaikan Kapolri dalam konferensi pers Rilis Akhir Tahun di Mabes Polri, https://t.co/aynGkDa2I6",1874403783905812513,https://pbs.twimg.com/ext_tw_video_thumb/1874403723755335680/pu/img/Ukk_BCPVgQvXgWB2.jpg,,in,,0,0,0,https://x.com/antaranews/status/1874403783905812513,18071520,antaranews
1874392104027492753,2025-01-01T09:47:56.000Z,1,"Dahlah, apasi yang mau diharapkan sama polisi??🙂🙂🙂 Kelihatannya tahun baruku dimulai dengan menyerah dengan kinerja polisi. Gubernur yang kepilih juga dari parcok pulaa, kelihatannya aku gak pernah semenyerah ini dehh😭😭😭",1874392104027492753,,,in,,0,0,0,https://x.com/sneezygirl2/status/1874392104027492753,1714823786137309184,sneezygirl2
1874387353659441276,2025-01-01T09:29:04.000Z,1,"Kapolri Jenderal Pol Listyo Sigit Prabowo menyampaikan bahwa sentimen negatif sebesar 46 persen terhadap Polri di media sosial akan menjadi bahan evaluasi untuk perbaikan ke depan.⁣
⁣
Dalam Rilis Akhir Tahun 2024 di Mabes Polri, Kapolri menegaskan pentingnya langkah nyata di https://t.co/VxQAcWKAQ4",1874387353659441276,https://pbs.twimg.com/ext_tw_video_thumb/1874387264555585537/pu/img/a9OQiYKQdIR6-7SM.jpg,,in,,1,0,0,https://x.com/inilahdotcom/status/1874387353659441276,46693036,inilahdotcom
1874332404552524005,2025-01-01T05:50:43.000Z,0,"semakin menonjolkan pandangan masyarakat kepada kinerja 1312 yang buruk, semakin melihatkan juga bahwa oknum itu haya polisi yang aga bener",1874332404552524005,,,in,,0,0,0,https://x.com/sebelumjamsatu/status/1874332404552524005,1205056584100958208,sebelumjamsatu
1874311915910090874,2025-01-01T05:37:13.000Z,1,"@DivHumas_Polri Maaf min bknnya gak suka sm kinerja kepolisian, cuman keluarga saya prnh punya pengalaman. Prnh kehilangan kendaraan akibat dicuri, laporan ke polisi, sampe skrg nih udh ganti tahun kagak diurus-urus. Dari kejadian itu kepercayaan kami ke polisi jd berkurang",1874329008424575390,,DivHumas_Polri,in,,0,0,0,https://x.com/gagitugie___/status/1874329008424575390,2429397041,gagitugie___
1874267276318568896,2025-01-01T01:31:55.000Z,0,"Tahu apa negara lain tentang kinerja polisi Indonesia yg sesungguhnya...

Kalau yg survei tahu bagaimana bokbroknya kepolisian Negara Republik Indonesia, jangankan peringkat 42 peringkat 100 aja rasa jauh dari harapan....",1874267276318568896,,,in,,0,0,0,https://x.com/Robbyarr24/status/1874267276318568896,1716037284246728704,Robbyarr24
1875156003836281119,2025-01-04T17:33:07.000Z,0,"@akuratco @ListyoSigitP @DivHumas_Polri 
Bagaimana Bapak Terlihat kinerja buruk dari yang namanya Polisi. Tidak memiliki rasa empati dan mungkin dadanya kosong tanpa hati. Kami mohon Bapak untuk kebijakannya. Buah akan tumbuh busuk apabila akarnya tidak dicabut.",1875596334310551974,,akuratco,in,,0,0,0,https://x.com/hammami_fa26733/status/1875596334310551974,1817316079905226752,hammami_fa26733
1876537546454573182,2025-01-07T18:50:21.000Z,0,"@DivHumas_Polri Kenapa yg kayak gini gak kamu jadikan konten di akun ini pak? Malu? Yg namanya apresiasi itu bukan pujian yg kamu buat untuk dirimu sendiri pak. Tapi komentar publik soal kinerja polisi. Inget pak, kecap itu pasti nomor 1. Kata pabriknya 

https://t.co/0N8hFcGmPQ",1876702935414980720,,DivHumas_Polri,in,,0,0,0,https://x.com/Sais_Pedati/status/1876702935414980720,1593509591920295937,Sais_Pedati
1876543104066498852,2025-01-07T18:49:23.000Z,63,@KitaIkuyo914698 @rizilla23 @tanyarlfes Melucu? D saat publik lg nyorotin kinerja polisi yg berkasus tiada henti kau pikir lucu?,1876702691495161878,,KitaIkuyo914698,in,,0,2,1,https://x.com/FariesFenrir/status/1876702691495161878,398780967,FariesFenrir
1876662786903937277,2025-01-07T16:10:49.000Z,0,"Turut prihatin atas kematian bos rental mobil dan kinerja Polri.

Kematian Bos Rental Mobil Bukti Baru 'Percuma Lapor Polisi' https://t.co/n0sUEHf4Ir",1876662786903937277,,,in,,0,0,0,https://x.com/Sudarsono_DARS/status/1876662786903937277,2886456620,Sudarsono_DARS
1876244440731570510,2025-01-07T15:44:23.000Z,0,"@kegblgnunfaedh Pantes penasehatnya macam begini, ya buruklah kinerja polisi semakin parah.",1876656131759911369,,kegblgnunfaedh,in,,0,0,0,https://x.com/AdhinkFadillah/status/1876656131759911369,1539055580249083905,AdhinkFadillah
1876613952140202450,2025-01-07T12:56:46.000Z,0,"Ya gak heran kalau kinerja polisi kek begitu, orang-orang yg jadi polisi aja modelan begini😒",1876613952140202450,,,in,,0,0,0,https://x.com/arkivessss/status/1876613952140202450,991917077911945216,arkivessss
1876583951789355376,2025-01-07T10:57:34.000Z,0,"Briptu X: Sok2an kritik polisi, lu jangan bikin SIM kalo benci kami

Agus: Kami bukan benci kelen... Kami cuma benci kinerja kelen yg bobrok... 

Ya kan @DivHumas_Polri",1876583951789355376,,,in,,0,0,0,https://x.com/natactionidn/status/1876583951789355376,1848877603299725315,natactionidn
1876153546774806880,2025-01-07T08:57:28.000Z,0,"@Mata_Netizen62 Ya kayak begini kinerja polisi hasil nyogok, polisi baperan di sosmed....🤦🤦🤦🤦",1876553730608545831,,Mata_Netizen62,in,,0,0,0,https://x.com/rudybrj110/status/1876553730608545831,4174975647,rudybrj110
1876427136292262152,2025-01-07T08:13:52.000Z,1,"@CutSarina5 Polisi elu kenapa sih ? 
Kok kinerja nya buruk banget ?",1876542755809448277,,deatalkaza,in,,0,0,0,https://x.com/AlvaroKelvyn/status/1876542755809448277,1743111220541161472,AlvaroKelvyn
1876260889466388593,2025-01-07T07:30:54.000Z,5,@Mata_Netizen62 @__AnakKolong @agung_faysm @Ajol0231 @Anak__Ogi @ch_chotimah2 @Cyb3rOG1 @Dennysiregar7 @DivHumas_Polri @LexWu_13 @JhonSitorus_18 Bgtu daftar TNI dan Polri anggota sdh di kontrak mati pak jd hrs paham dgn kinerja jd seorang polisi jika tewas dlm tugas,1876531944626040955,,Mata_Netizen62,in,,0,0,1,https://x.com/kuryanto_d84153/status/1876531944626040955,1857541920886763522,kuryanto_d84153
1876509071508902166,2025-01-07T06:51:16.000Z,1,@ARSIPAJA Se-ampas ini cara pikir &amp; kinerja kepolisian. Emang bener rajin belajar biar gak bodo kyk polisi.,1876521968696222206,,ARSIPAJA,in,,0,1,0,https://x.com/zero_absolutee/status/1876521968696222206,1329810110646951936,zero_absolutee
1876401656549802272,2025-01-07T06:38:51.000Z,2,"@Gus_Arifin padahal dia bisa dengan gampang dengan rendah hati minta maaf, berjanji akan evaluasi sehingga kinerja polisi kedepan akan jauh lebih baik melayani masyarakat yang mengajinya..",1876518845030228349,,Gus_Arifin,in,,0,0,0,https://x.com/_jamkecil/status/1876518845030228349,3132035868,_jamkecil
1876095700536299535,2025-01-07T06:35:57.000Z,0,"@neVerAl0nely Emang bpk Pol' ini sdh bagus mentalitas, kinerja, pengabdian tanpa pamrih...?
Apakah masyarakat percaya dg ucapannya pk Pol' ini...?
Smg realitanya benar.
Dan yg bermain sbg calo' yg ktnya dpt meloloskan jd polisi 👮🏼,cm oknum.🤭🙏🏼",1876518115854671908,,neVerAl0nely___,in,,0,0,0,https://x.com/SetiadiRasidinS/status/1876518115854671908,1605149426443771904,SetiadiRasidinS
1876451108593504741,2025-01-07T03:52:56.000Z,10,"@kurawa Alah itu sih bisa dikondisikan... Baru ngasih makan gratis saja presiden terbaik.
Benahi tuh kinerja Polisi, berantas korupsi, dan banyak yg harus dibenahi negeri ini...",1876477093024047485,,kurawa,in,,0,1,0,https://x.com/AbdulRo48557022/status/1876477093024047485,1451489378123927558,AbdulRo48557022
1876244440731570510,2025-01-07T02:45:43.000Z,0,@kegblgnunfaedh Ka polisi juga sblm brrtindak udah mengidentifikasi masalah dan solusi yg tepat apalagi bnyak dpartemen yg memungkinkan kinerja lbh bagus,1876460174489317778,,kegblgnunfaedh,in,,0,0,0,https://x.com/Bionicenam/status/1876460174489317778,1727672377658703872,Bionicenam
1875865451282264171,2025-01-07T00:32:56.000Z,0,"@AzzamIzzulhaq Pak @ListyoSigitP, nih tinggal nyontek.

Polisi sudah terlalu sering menyakiti rakyat. Kebiadabannya di luar nalar. Klo msh punya malu, minimal minta maaf lah.

Pejabat kayak bapak (yg kinerja institusinya ancur2an), klo di Jepang udah bunuh diri.",1876426761099235411,,AzzamIzzulhaq,in,,0,0,0,https://x.com/marisa_waha8/status/1876426761099235411,1638156421639598080,marisa_waha8
1876150940350521505,2025-01-06T23:29:43.000Z,0,"@CutSarina5 Satu polisi baik gak akan memperbaiki kinerja dan citra polisi lah, yang rusak saja hampir se institusi",1876410852448116802,,deatalkaza,in,,0,0,0,https://x.com/RevealJkt/status/1876410852448116802,1016413184,RevealJkt
1876396558352363836,2025-01-06T22:32:55.000Z,0,Luar biasa kinerja Anggota Polisi Indonesia... menolak perm8ntaan Bantuan dari Rakyat nya  @DPR_RI  @KOMPOLNAS  @kompolnas_ri  @DivHumas_Polri  @prabowo   @OmbudsmanRI137 https://t.co/31CPEmBIQH,1876396558352363836,https://pbs.twimg.com/media/GgpMuMObIAAQr8n.jpg,,in,,0,0,0,https://x.com/enot_inot/status/1876396558352363836,596108393,enot_inot
1876299074754011213,2025-01-06T22:31:13.000Z,0,"@WagimanDeep212_ Ini orang kerja dikepolisian makanya sikap dan profesionalisme polisi jadi nyelenenh,bertahin tahun kinerja terbalik terhadap pelayanan publik..",1876396130403315725,,WagimanDeep212_,in,,0,0,0,https://x.com/ZainalA25893761/status/1876396130403315725,1630253677008277505,ZainalA25893761
1876099686219895063,2025-01-06T16:55:06.000Z,1,@ptrckstrsss pantes kinerja polisi kaya mprit penasehat sekelas kapolrinya kaya gini ancur ancur.,1876311543463452861,,ptrckstrsss,in,,0,0,0,https://x.com/ardana_jaka/status/1876311543463452861,1172393953083027456,ardana_jaka
1876308084815274233,2025-01-06T16:41:22.000Z,0,"APA TANGGAPAN ANDA PAK @prabowo??!!. 
RAKYAT SUDAH RESAH DENGAN KINERJA KEPOLISIAN NEGERI INI??!!. 

RAKYAT MENUNTUT :
1.BUBARKAN INSTITUSI POLISI
2.PECAT KAPOLRI
3.AUDIT INSTITUSI POLISI
4.AUDIT KAPOLRI. 

@prabowo
@gibran_tweet

https://t.co/J8oU6Yjp3l",1876308084815274233,,,in,,0,0,0,https://x.com/M17522147/status/1876308084815274233,891883949571457024,M17522147
1875938164868895225,2025-01-06T15:53:27.000Z,0,"@faridhcrb Pantesan @DivHumas_Polri makin bobrok, penasehat Kapolri @ListyoSigitP modelan begini. Citra polisi di masyarakat sudah buruk &amp; makin buruk krn kinerja anggotanya, ditambah  oknumnya hampir se-kabupaten.
Presisi my ASS!!!",1876296028800094342,,ninja_neonn,in,,0,0,0,https://x.com/motor2tak_/status/1876296028800094342,175727655,motor2tak_
1876101096860770752,2025-01-06T14:53:43.000Z,1,"@lantip Hadehh kayak kinerja polisi udah professional aja sampai bikin video keluh-kesah seperti itu. 

Polisi jeblok dan tidak berintegritas, sering melanggar SOP, dar-der-dor sembarangan karena bawa senjata disaat mabuk &amp; mencelakai warga, apa yang mau dibanggakan? Bikin muak yang ada.",1876280995231707409,,lantip,in,,0,0,0,https://x.com/violettapadma/status/1876280995231707409,816985727137259520,violettapadma
1876259762335334647,2025-01-06T13:29:21.000Z,11,"KEPALA BNN RI PIMPIN UPACARA KORPS RAPORT KENAIKAN PANGKAT 54 ANGGOTA POLRI PENUGASAN BNN

Kepala Badan Narkotika Nasional Republik Indonesia (BNN RI), Marthinus Hukom, S.I.K., https://t.co/77KIds0h1x., memimpin Upacara Korps Raport Kenaikan Pangkat Anggota Polri Penugasan di https://t.co/OZu2ENHdrW",1876259762335334647,https://pbs.twimg.com/media/GgnQTsSbMAEOSgy.jpg,,in,,0,2,0,https://x.com/INFOBNN/status/1876259762335334647,260571311,INFOBNN
1876163938855145743,2025-01-06T12:48:43.000Z,0,"@DivHumas_Polri salut sama pak kapolri @ListyoSigitP memberikan ucapan duka.

artinya selama ini pak kapolri diam2 mendengar atensi atas kritik yang diberikan alm. alvin lim utk evaluasi kinerja anggota polisi 👍👍🫡🫡

sehat sll pak 🙏🏼
#servantleadership https://t.co/nvuIIennQP",1876249537037361178,https://pbs.twimg.com/media/GgnG9sDaQAEVo_P.jpg,DivHumas_Polri,in,,0,0,0,https://x.com/ngekaoo98_owei/status/1876249537037361178,1693913397493137408,ngekaoo98_owei
1876085440979276012,2025-01-06T12:28:11.000Z,0,"@DivHumas_Polri Gak ada yang bisa dibanggakan kinerja Polisi sekarang, makin jeblok citranya. Saya khawatir generasi muda kedepan gak ada yang mau jadi Polisi, sedih melihat bangsa ini. Cukup sudah pencitraan Anda, kasian rakyat",1876244371185778884,,DivHumas_Polri,in,,0,0,0,https://x.com/No_Nyampah/status/1876244371185778884,2527149301,No_Nyampah
1876228046753325487,2025-01-06T11:23:19.000Z,0,"Kalau mau lihat seperti apa kinerja Kepolisian Republik Indonesia silakan lihat reply2 pada cuitan ini. 

Apakah kalian juga mengalami hal yg sama? Jadi kalau tb2 nanti ada survey citra polisi meningkat jangan langsung percaya ya, mgkn itu surveynya didampingi aparat.",1876228046753325487,,,in,,0,0,0,https://x.com/yesmar_banu/status/1876228046753325487,85495565,yesmar_banu
1876182418648072371,2025-01-06T09:58:24.000Z,4,"@Heraloebss Jangan salahkan masyarakat menilai kinerja polisi jelek, pada dasarnya memang dari atasan sampai bawahan tak ada yang becus, tiap ada polisi bikin kesalahan, atasan pertama-tama membela diri membela anggotanya, setelah viral baru deh bikin pernyataan lain. BANGSAT polisi!!!!",1876206675327410280,,Heraloebss,in,,0,0,0,https://x.com/maulidiazahra__/status/1876206675327410280,2758399085,maulidiazahra__
1876187482301387255,2025-01-06T08:42:08.000Z,0,@DivHumas_Polri ngapain dah posting2 oknum inspiratif Polisi 😂 kalau mau dipandang baik sama masyarakat ya tinggal lu benahi aja kinerja anggota lu itu,1876187482301387255,,DivHumas_Polri,in,,0,0,0,https://x.com/cuddle_gurun/status/1876187482301387255,1324863655070982144,cuddle_gurun
1876070016728375519,2025-01-06T08:37:24.000Z,0,@Mdy_Asmara1701 Kpn institusi bobrok ini bs bnr klo penindakan thdp anggota yg mncoreng nama institusi aja hny dikenai hukuman seringan itu? Mshkah mrk brhrap wrga dpt percaya kinerja mrk? Aku yakin sbgian wrga ketika melihat polisi kayak melihat telp koin. Akan bkrja klo mulutnya dijejalin uang,1876186290611421458,,Mdy_Asmara1701,in,,0,0,0,https://x.com/Sais_Pedati/status/1876186290611421458,1593509591920295937,Sais_Pedati
1876038076373639253,2025-01-06T07:48:26.000Z,0,@vanc1Bozz Secara nggak langsung mereka pun meragukan kinerja institusi mereka sendiri. Normalnya polisi kalau punya masalah bisa lapor ke sesama polisi juga kan petugas damkar aja kalo rumah mereka kebakaran pasti panggil sesama damkar,1876173970376163804,,vanc1Bozz,in,,0,0,0,https://x.com/rizalsuryo/status/1876173970376163804,760381116,rizalsuryo
1876172223649902705,2025-01-06T07:41:30.000Z,0,Dipecat untuk menutupi berita kinerja buruk Polisi dan PPN 12%,1876172223649902705,,,in,,0,0,0,https://x.com/GirlMakeMeFat/status/1876172223649902705,1007920993,GirlMakeMeFat
1876150924663754939,2025-01-06T07:17:38.000Z,0,"@DivHumas_Polri stigma negatif ttg kinerja polisi saat ini hrs dihilangkan, dgn adanya sosok inspiratif seperti bripka erick,  membantu orang dengan gangguan jiwa (ODGJ) untuk belajar mengaji, bentuk nyata polri komitmen selalu Mengabdi Peduli Kemanusiaan #BerbaktiPenuhDedikasi",1876166219029696585,,DivHumas_Polri,in,,0,0,0,https://x.com/RojaliBotu/status/1876166219029696585,1824341468858945536,RojaliBotu
1875840738204033193,2025-01-06T06:09:49.000Z,0,"@Heraloebss Alasan #Konyol.

Semakin buruk kinerja semakin banyak pula alasan #Konyol untuk membela diri.

Daftar jadi Polisi salahsatunya siap berhadapan dgn Penjahat bukan siap disuap.
https://t.co/7QKB93E7qf",1876149152675197127,,Heraloebss,in,,0,0,0,https://x.com/Dogelkarya76_82/status/1876149152675197127,1689127825440493568,Dogelkarya76_82
1875495376574410803,2025-01-06T02:18:21.000Z,0,"@V3g3L Ini gaada gitu polisi yg punya malu sama kegagalan kegagalan kinerja mereka?
Apa semuanya udah punya mindset “yg penting dpt gaji dan keuntungan aja, jobdesk hanya formalitas” ?",1876090900897796553,,P3gEl,in,,0,0,0,https://x.com/shivvines__/status/1876090900897796553,1521111307873054720,shivvines__
1876085440979276012,2025-01-06T01:56:39.000Z,148,"KH. Adib Rofiuddin Izza, Pimpinan Pondok Pesantren Buntet Cirebon, mengapresiasi kinerja seluruh jajaran Kepolisian Republik Indonesia dibawah pimpinan Kapolri Jenderal Polisi Drs. Listyo Sigit Prabowo. Beliau menyampaikan bahwa kinerja Polri sepanjang tahun 2024 sangat baik, https://t.co/4vbvLESBGs",1876085440979276012,https://pbs.twimg.com/amplify_video_thumb/1876084973482242048/img/EqfiMb_TxxpixgHB.jpg,,in,,1,113,6,https://x.com/DivHumas_Polri/status/1876085440979276012,138290629,DivHumas_Polri
1875420396323008697,2025-01-06T01:49:38.000Z,0,"@jawafess Sejak kasus sambo, kinerja polisi semakin dipertanyakan sama netizen",1876083674674036807,,jawafess,in,,0,0,0,https://x.com/HaekalHail/status/1876083674674036807,1633329095819005952,HaekalHail
1876073111944359997,2025-01-06T01:07:40.000Z,0,"Kalopun yang dikatakan anggita polisi ini adalah situasi yang sebenarnya, tingkat distrust publik terhadap kinerja polisi udah terlanjur sangat rendah
Y'all better do something @DivHumas_Polri
Kalo enggak, ini bakal makin ngaco sih",1876073111944359997,,,in,,0,0,0,https://x.com/mas_wegigg/status/1876073111944359997,122750276,mas_wegigg
1875703480259924290,2025-01-06T01:05:26.000Z,0,"@JeblukAkun Colek @DivHumas_Polri 
Ini ada anggota Polisi curhat .. ditengah masyarakat yg sdg menyoroti kinerja Polisi (terakhir kasus Cinangka) koq ada saja anggota yang curhat kayak gitu.
Ybs TIDAK PAHAM TUPOKSI seorang Polisi‼️

Tolong evaluasi kejiwaan anggota tsb.",1876072551828554054,,JeblukAkun,in,,0,0,0,https://x.com/tch0077/status/1876072551828554054,840189109150744577,tch0077
1876064778260811911,2025-01-06T00:34:33.000Z,9,"Review kinerja Polri..berani gak lu?

Coba lu cek Laporan-Laporan mandek di kantor polisi..wani?",1876064778260811911,,,in,,0,1,9,https://x.com/dusrimulya/status/1876064778260811911,164778726,dusrimulya
1876058974182900071,2025-01-06T00:11:29.000Z,0,"KINERJA POLRI DAPAT APRESIASI MASYARAKAT

Tokoh Masyarakat dan Tokoh Agama di Bondowoso memberikan Apresiasi kepada Polisi terutama Polres Bondowoso yang telah Mengawal dan Mengamankan jalannya Pilpres, Pilkada sampai Perayaan Nataru.

#polresbondowoso
#divhumaspolri
#nataru https://t.co/GNrBZyvgZ6",1876058974182900071,https://pbs.twimg.com/ext_tw_video_thumb/1876058750135812097/pu/img/41sM7Z3MWYApiF_y.jpg,,in,,0,0,0,https://x.com/ediershibwo/status/1876058974182900071,1542384923390406657,ediershibwo
1875734623923400824,2025-01-06T00:10:03.000Z,0,"@Raisftcn @__PASMANTAP Maaf, APBN terbesar itu kebanyakan untuk mendukung kinerja polisi. Alat2 mereka yah dari situ, dan yang menikmati bukan mereka pangkat rendah, tapi para petinggi.

Salah juru ketik apa coba?",1876058612306735274,,Raisftcn,in,,0,0,0,https://x.com/EdwardSevino/status/1876058612306735274,2301246163,EdwardSevino
1876044715667407157,2025-01-05T23:14:50.000Z,5,"Sedih melihat bagaimana kinerja polisi kita saat ini sama sekali tidak bisa diandalkan.
Bukannya melindungi masyarakat, tetapi polisi kita sekarang menjadi beban masyarakat.",1876044715667407157,,,in,,0,0,5,https://x.com/NusBhisma/status/1876044715667407157,1419466702333517824,NusBhisma
1875974562283925935,2025-01-05T18:36:04.000Z,1,"drpd overthinking, mending kita kembali menghujat kinerja polisi👍",1875974562283925935,,,in,,0,0,0,https://x.com/its_fridaaaaa/status/1875974562283925935,1388428561,its_fridaaaaa
1875573779004584227,2025-01-05T17:07:53.000Z,0,@H4T14K4LN4L42 @ListyoSigitP Tolong kinerja polisi seperti ini harus di apresiasi....karena mencari uang untuk keluarga,1875952372612219030,,H4T14K4LN4L42,in,,0,0,0,https://x.com/LesmanaLesman20/status/1875952372612219030,1523771448351158272,LesmanaLesman20
1875799591620063294,2025-01-05T16:51:21.000Z,0,@kumparan Pintar ngeles aja. Sudah tahu Kinerja polisi.,1875948211975995527,,kumparan,in,,0,0,0,https://x.com/mantan_mf/status/1875948211975995527,2316516475,mantan_mf
1875495376574410803,2025-01-05T16:33:42.000Z,0,"@V3g3L Sudahlah ,,, bilang aja tidak mampu kerja dengan benar, selesai.
Masyarakat tahu kok kinerja polisi, lapor ayam bisa hilang sapi,,,",1875943769625010626,,P3gEl,in,,0,0,0,https://x.com/EdyMulyadi23632/status/1875943769625010626,1825738954769133568,EdyMulyadi23632
1875936753951068419,2025-01-05T16:05:50.000Z,0,"Klarifikasi nya LR jelek banget bangsat, sama kayak kinerja nye polisi 
😞",1875936753951068419,,,in,,0,0,0,https://x.com/sepenggallsadar/status/1875936753951068419,1186972971513995264,sepenggallsadar
1875533973302260212,2025-01-05T16:00:25.000Z,1,"@EAST_ST4R @CakKhum @DivHumas_Polri itu tergantung Kepala Satuannya scr berjenjang… 
dulu ketika msh kinyis kinyis bertugas di Polres sbg Pamapta (skrng Ka SPKT) kami bertiga (pr Perwira baru) saat piket/jaga suka dites oleh Wakapolres dan Kapolres, berapa lama tiba di TKP saat ditelp ke 110, berapa lama",1875935393998364824,,PenuhKasus,in,,0,1,0,https://x.com/himawansugeha95/status/1875935393998364824,3421557673,himawansugeha95
1875810716705247450,2025-01-05T15:15:54.000Z,1,"@KompasTV Yang kaya gini kalau ngga viral kaga bakal di proses, heran saya pajak mahal kinerja polisi lambat, mau gajihnya doang, tugas mah ogah",1875924189884141779,,KompasTV,in,,0,0,0,https://x.com/saefulamier91/status/1875924189884141779,885056329802502144,saefulamier91
1875908258592129253,2025-01-05T14:12:36.000Z,1,"Eh berani banget luh mba membandingkan kinerja polisi Taiwan dgn Indonesia.
Ntar dibikin ga bisa pulang kamoung repot loh.... https://t.co/iBjnMxpeaw",1875908258592129253,https://pbs.twimg.com/ext_tw_video_thumb/1875908105118318592/pu/img/YuvXgAe1vfliC52D.jpg,,in,,0,0,1,https://x.com/embah72/status/1875908258592129253,4146240312,embah72
1875825216628441166,2025-01-05T12:23:02.000Z,1,"@MariaAlcaff Dulu suka beliau disaat kritik kinerja polisi, tapi akhir2 ini dia bela agus jadi hilang respectnya
Tapi kebaikan dulu sudah jadi amal buat beliau
RIP🥀",1875880684897935749,,MariaAlkaff_,in,,0,0,0,https://x.com/ajay_scoojay/status/1875880684897935749,82617526,ajay_scoojay
1875734623923400824,2025-01-05T12:19:29.000Z,3,"@__PASMANTAP Itu baramg bukti laka, dan harus menghapus dalam laporan BAP, jika tidak ada di lokasi tempat penyimpanan barang laka, maka dianggap polusi korupsi. Hormati kinerja polisi yang telah membantu korban Laka, jangan dikira menghapus  laporan itu mudah? Bahaya untuk jabatan.",1875879794937897335,,__PASMANTAP,in,,1,3,0,https://x.com/EdwardSevino/status/1875879794937897335,2301246163,EdwardSevino
1875692904989286515,2025-01-05T12:01:36.000Z,2,@AiraNtieReal @IsmailMSH2 @ListyoSigitP Bener Banget yang dibilang mbak ini… @ListyoSigitP &amp; @prabowo  semoga merenungkan hal ini &amp; segera mengambil langkah yang tepat u/ memperbaiki kinerja Polisi yang sangat buruk,1875875293317177596,,AiraNtiePuspa,in,,0,0,0,https://x.com/jerrysujari/status/1875875293317177596,126055346,jerrysujari
1875840738204033193,2025-01-05T11:36:44.000Z,2,@Heraloebss Pantas kinerja polisi buruk kualitas tenaga ahlinya saja sangat buruk,1875869036137066629,,Heraloebss,in,,0,0,0,https://x.com/jekseparoe/status/1875869036137066629,1586912925255495681,jekseparoe
1875858531498274865,2025-01-05T11:17:14.000Z,1,"@detikcom Sudah saatnya Prabowo reviu kinerja
- Polri fokus keamanan rakyat:  Begal, tawuran, teroris, penggelapan, penyelundupan, pemerasan, geng motor. Oknum Polisi pelanggar etik hrsnya dipecat
- KPK, fokus cegah bocor2 uang negara 1 rb T - 2 rb T 
- TNI, fokus pertahanan NKRI https://t.co/qyRJif3t3v",1875864127568294089,https://pbs.twimg.com/media/Gghoe5dboAE83Qi.jpg,detikcom,in,,0,0,0,https://x.com/sayno_KKN/status/1875864127568294089,1735636779192233984,sayno_KKN
1875810716705247450,2025-01-05T11:11:09.000Z,0,"@KompasTV Sudah saatnya Prabowo reviu kinerja
- Polri fokus keamanan rakyat:  Begal, tawuran, teroris, penggelapan, penyelundupan, pemerasan, geng motor. Oknum Polisi pelanggar etik hrsnya dipecat
- KPK, fokus cegah bocor2 uang negara 1 rb T - 2 rb T 
- TNI, fokus pertahanan NKRI https://t.co/Kf4bziQGhP",1875862597435875747,https://pbs.twimg.com/media/GghnFzAbUAAki_w.jpg,KompasTV,in,,0,0,0,https://x.com/sayno_KKN/status/1875862597435875747,1735636779192233984,sayno_KKN
1875458553269645511,2025-01-05T11:09:59.000Z,0,@hazelchocolatee @intinyadeh Udah kelihatan sifat kek gtu dan menjelekkan nama instansi masa cuma di mutasi? Nanti kedepannya kinerja polisi gimana? Kalau orang nya masih sama kek gtu minimal copot udah aman nama instansi dari hal jelek gtu,1875862304253985275,,hazel_chocola,in,,0,0,0,https://x.com/punyaGratia/status/1875862304253985275,3302475980,punyaGratia
1875853544596947087,2025-01-05T10:35:11.000Z,0,"gw kok gapermah liat ada yg puas sama kinerja polisi ya, satu aja testimoni yg bilang terbantu bahkan gaada (kecuali keluarga isilop yg terbantu krn gak kena tilang pdhl ngelanggar)",1875853544596947087,,,in,,0,0,0,https://x.com/gabuttaja/status/1875853544596947087,3228194510,gabuttaja
1875812027702383061,2025-01-05T08:57:17.000Z,0,"@33vrstpn yg gugur polisi baik, kamu baca kan dia gugur saat apa? ingat kak, polisi baik gk akan viral karena ketutup sama polisi bobrok

polisi baik di real life di musuhi sama polisi yg bobrok, boleh membenci kinerja polisi yg bobrok dan tolol tapi setidaknya jngn membenci yg gugur",1875828909268484199,,33vrstpn,in,,0,0,0,https://x.com/muichiirro/status/1875828909268484199,1813141691525914624,muichiirro
1875816454345588766,2025-01-05T08:34:46.000Z,0,"@vanc1Bozz Jangan tanya polisi, kalo ada yang mati baru kesana.

Kali ini saya sepakat dengan polisi, biar mereka mati daripada bikin susah keluarga.

Kami dukung kinerja polisi untuk lebih baik...

Gas peringkat 10 besar pak.... 😎 https://t.co/V7DXgzuLUh",1875823243195773213,https://pbs.twimg.com/media/GghDPSRb0AACXxX.jpg,vanc1Bozz,in,,0,0,0,https://x.com/EdwardSevino/status/1875823243195773213,2301246163,EdwardSevino
1875807564220506231,2025-01-05T07:32:28.000Z,2,Datatempo mengajak membuka Arsip Tempo untuk mencari tahu bagaimana masyarakat memandang kinerja kepolisian. Sengaja memilih arsip tahun 1984 untuk melihat pandangan tentang polisi yang waktu itu belum menghadapi banyak kontroversi. https://t.co/48qhmNSK4U,1875807564220506231,https://pbs.twimg.com/ext_tw_video_thumb/1875806936563908608/pu/img/eaveS8tYhqyQ7SL6.jpg,,in,,0,1,0,https://x.com/datatempo/status/1875807564220506231,1126684769536733184,datatempo
1875765483515080880,2025-01-05T07:18:48.000Z,0,"@el_avraham Instead of marah-marah. Coba berkaca dulu deh. Kalo yang negur 1, mungkin yang salah yang negur. Tapi kalo se Indonesia raya nggak nyaman sama kinerja polisi negaranya sendiri, ya introspeksi lah. Punya energi buat berlaku baik dan sesuai tupoksi kok malah milih yang sebaliknya.",1875804124505387050,,rofiatulazizah_,in,,0,0,0,https://x.com/rofiatulazizah_/status/1875804124505387050,1318466516,rofiatulazizah_
1875703480259924290,2025-01-05T06:56:11.000Z,14,"@JeblukAkun Memangnya yang suruh dia jadi polisi siapa? 

Kenapa dia memilih profesi sebagai polisi? 

Lagipula ngapain dia bikin video curhat² seperti itu, kayak polisi udah kerja profesional aja.. toh selama ini kinerja polisi dimana-mana jeblok, busuk, sampah dan selalu melanggar SOP.",1875798432411201748,,JeblukAkun,in,,0,0,1,https://x.com/violettapadma/status/1875798432411201748,816985727137259520,violettapadma
1875774226801791028,2025-01-05T06:31:14.000Z,15,"@KompasTV Sudah saatnya Prabowo reviu kinerja
- Polri fokus keamanan rakyat:  Begal, tawuran, teroris, penggelapan, penyelundupan, pemerasan, geng motor. Oknum Polisi pelanggar etik hrsnya dipecat
- KPK, fokus cegah bocor2 uang negara 1 rb T - 2 rb T 
- TNI, fokus pertahanan NKRI https://t.co/Vte7LwO5TV",1875792152409862259,https://pbs.twimg.com/media/GggnBZOasAAxh2F.jpg,KompasTV,in,,0,1,0,https://x.com/sayno_KKN/status/1875792152409862259,1735636779192233984,sayno_KKN
1875790048702165029,2025-01-05T06:22:52.000Z,0,Kasus Penembakan Rental Mobil: Benarkah Kinerja Polisi Buruk? Survei Ungkap Fakta Mengejutkan https://t.co/UDDJKZusuu,1875790048702165029,,,in,,0,0,0,https://x.com/daily_notif/status/1875790048702165029,1834223843667509248,daily_notif
1875153542581002619,2025-01-05T06:13:37.000Z,2,"Pelaku sudah ditangkap.
Saya saya berharap Polisi bisa terus menaikkan kinerja dan citranya. Terima kasih.
https://t.co/TOpnZoCzz5",1875787721752621244,,anneserlo,in,,1,0,1,https://x.com/anneserlo/status/1875787721752621244,1719885887662874624,anneserlo
1875373024125579321,2025-01-05T05:16:57.000Z,0,@pillowaguilina @intinyadeh Tapi kata polling kinerja Polisi 70% disukai masyarakat Bang 🤣🤣🤣😉,1875773458367574175,,wollipink,in,,0,0,0,https://x.com/Iqbal_BTG/status/1875773458367574175,70087166,Iqbal_BTG
1875113411505442916,2025-01-05T05:12:56.000Z,0,"@islah_bahrawi selama kapolri belum di ganti jgn berharap kinerja polisi berubah, karena polri sudah melibatkan diri dlm politik dgn parcoknya",1875772449712971923,,islah_bahrawi,in,,0,0,0,https://x.com/Aa363738/status/1875772449712971923,1086555366807068672,Aa363738
1875771263039537478,2025-01-05T05:08:13.000Z,0,"Miris bgt ya kinerja polisi vs damkar
Damkar: atm nyemplung got tetep dibantuin
Polisi: stnk, surat2 lengkap, tetep nolak bantuin

Gimana sih konsepnya?",1875771263039537478,,,in,,0,0,0,https://x.com/heohyungje/status/1875771263039537478,598272825,heohyungje
1875750145910042904,2025-01-05T05:01:18.000Z,0,@hrdbacot Kinerja polisi All Quartal berapaan guys cocoknya buat CSAT?,1875769518599114794,,hrdbacot,in,,0,0,0,https://x.com/abng_aull/status/1875769518599114794,1788131271740399616,abng_aull
1875495376574410803,2025-01-05T04:36:08.000Z,0,"@V3g3L Apkh biay laporan polisi hrs pake kk,surat pengantr rt/rw ,buku nkkah .lbh baik bubarin aja polisi digaji pake uang rajyt kinerja hnya mencari uang sj",1875763186621935742,,P3gEl,in,,0,0,0,https://x.com/dimaswasikun/status/1875763186621935742,1333054821901864965,dimaswasikun
1875576619504693268,2025-01-05T04:10:00.000Z,44,@fullmoonfolks Liat kinerja polisi sekarang jadi kaga percaya sama kasus heboh yg mereka seleseikan,1875756609072435405,,fullmoonfolks,in,,0,0,0,https://x.com/DanteAlegory/status/1875756609072435405,1794150669898944513,DanteAlegory
1875308561737326923,2025-01-05T03:45:33.000Z,0,@JhonSitorus_18 Mumpung awal tahun coba buat polling kinerja polisi sepanjang tahun 2024.,1875750459123888293,,JhonSitorus_18,in,,0,1,0,https://x.com/Kcing25/status/1875750459123888293,2598474919,Kcing25
1875528795794632782,2025-01-05T03:16:58.000Z,0,"@KompasTV Apa2 hrs jelas, kinerja polisi aja gak jls,",1875743265238217139,,KompasTV,in,,0,0,0,https://x.com/AdiYudha_/status/1875743265238217139,246603555,AdiYudha_
1875435017507131818,2025-01-05T02:47:41.000Z,0,"@kumparan Defreze kepolisian ngga guna juga, gaji gede cuma buat tameng orang kaya, nih polisi pura2 bego atau mang mau miara kebejatan kinerja.. miris",1875735896416497702,,kumparan,in,,0,0,0,https://x.com/Fathul_jawad07/status/1875735896416497702,1583657513618378752,Fathul_jawad07
1875495376574410803,2025-01-05T02:20:11.000Z,0,"@V3g3L Ada yang bisa kasih rating kinerja
Polisi vs Damkar???",1875728972665012630,,P3gEl,in,,0,0,0,https://x.com/dpan3565/status/1875728972665012630,1682923624729288704,dpan3565
1875727689384128602,2025-01-05T02:15:05.000Z,0,"Dari dulu evaluasi terus ttp semakin buruk kepolisian kita, anggaran kepolisian tiap tahun naik dgn jumlah yg fantastis ttp kinerja nya banyak polisi yg jadi PENGHIANAT SUMPAH JANJI TRI BRATA",1875727689384128602,,,in,,0,0,0,https://x.com/JendralKepitin9/status/1875727689384128602,1642627278789283840,JendralKepitin9
1875533973302260212,2025-01-05T02:09:06.000Z,3,"@CakKhum emang kinerja polisi di negara kita banyak yg ga bener, TAPI kalo membandingkan dengan negara lain ya ga bener jugaa..,",1875726186862813285,,CakKhum,in,,0,0,0,https://x.com/iyehmilanistii/status/1875726186862813285,1604349362468925440,iyehmilanistii
1875402836084965453,2025-01-05T01:38:07.000Z,2,"@DivHumas_Polri dari semua komenan ini hanya 1% komenan negatif..99% komenan positif..menunjukkan bahwa kinerja polisi memang benar2 abgus dari semua lini..

emang polisi doang yang hisa ngarang bebas",1875718386740817928,,DivHumas_Polri,in,,0,1,0,https://x.com/atjehpenjawi/status/1875718386740817928,610600753,atjehpenjawi
1875113411505442916,2025-01-05T01:07:13.000Z,0,"@islah_bahrawi Sudah sepatutnya dikaji ulang indikator kunci kinerja tugas pokok polisi, supaya tidak muncul pernyataan di media, dalam kasus meninggalnya bis rental di Tangerang, di mana petugas ""tidak mau gegabah"" atas permintaan masyarakat.",1875710613000946080,,islah_bahrawi,in,,0,0,0,https://x.com/BerrySilalahi65/status/1875710613000946080,899589151003000832,BerrySilalahi65
1876427136292262152,2025-01-07T20:37:20.000Z,0,"@CutSarina5 itu yg baju biru songong amat, dia pikir mentang2 polisi jd bisa seenaknya. Uda kinerja polisi nyungsep, giliran pengen apa2 hrs ok ok gas, enak aja... 
Salut sama pegawai hotelnya, jgn kaish izin tanpa ada surat tugas..
https://t.co/w0yG1VZWDX",1876729855791804758,,deatalkaza,in,,0,0,0,https://x.com/triefince/status/1876729855791804758,132502413,triefince
1876631580174909903,2025-01-07T18:05:10.000Z,0,@PeelotV @hincapandjaitan @ListyoSigitP udah males nanggepin polisi anggaran paling gede pemasukan paling gede dari razia bodong kinerja paling ambrol mendingan dwi fungsi abri aja polri di bawah naungan TNI duit mereka buat TNI aja,1876691564279595230,,PeelotV,in,,0,1,0,https://x.com/loveicaicuu/status/1876691564279595230,1801760928742129664,loveicaicuu
1876504759051624521,2025-01-07T14:09:59.000Z,0,@DivHumas_Polri ngakak.. baca statementnya suruh bangun citra polisi yg baik... klo kinerja lu baik.. citranya dengan sendirinya jadi baik abang....,1876632377323323648,,DivHumas_Polri,in,,0,0,0,https://x.com/andywilliamsj/status/1876632377323323648,1822911828261023744,andywilliamsj
1876492130014892141,2025-01-07T10:37:49.000Z,0,"@DivHumas_Polri Citra Polri udh kadung buruk, percuma bikin pencitraan dng berita² bgini. Klo mau citra Polisi baik di mata masyarakat, tunjukkan dng kinerja yg baik, bkn dng pencitraan dan gimmick².",1876578985079116127,,DivHumas_Polri,in,,0,0,0,https://x.com/eddiehatuharury/status/1876578985079116127,1566957469238456322,eddiehatuharury
1875709731605770529,2025-01-05T01:03:43.000Z,0,"Cape banget sm kinerja polisi, pada pekok",1875709731605770529,,,in,,0,0,0,https://x.com/hi_tyongie/status/1875709731605770529,1241248941733101571,hi_tyongie
1875367522855481561,2025-01-05T00:45:32.000Z,0,@V3g3L kejadian terus ber ulang perlu kebijakan untuk evaluasi kinerja polisi jika tak mampu perlu bentuk lembaga baru buat penanganan pencurian dan kemalingan. dan polisi khusus untuk kejahatan teroris aja.,1875705156060508521,,P3gEl,in,,0,0,0,https://x.com/kartiko_yudo/status/1875705156060508521,795837390,kartiko_yudo
1875704834311229938,2025-01-05T00:44:16.000Z,1,"ambulan kadang disalah gunakan oleh orang tak sakit
begitu polisi kadang wiwawu tanpa keadaan darurat ""you know lah"" 
tapi damkar pernah gak gitu, brisik sirine tapi ternyata buat jalan²? 
kalau enggak, melihat dari kinerja dan ketulusan nya wajar sih harus diperbaiki fasilitasny",1875704834311229938,,,in,,0,0,0,https://x.com/Skydrea7215897/status/1875704834311229938,1654345246078271488,Skydrea7215897
1876244440731570510,2025-01-07T05:03:45.000Z,0,"@kegblgnunfaedh Kalo polisi membela rakyat trus d tembak.
Yg salah tetep penembak'y.
Dan seluruh masyakat di indonesia ini pasti akan respect dan bangga akan kèpolisian kinerja'y dalam membela masyarakat.
Maaf mau nanya,itu pernyataan seorang penasehat ahli polisi apa penasehat'y siapa ya?",1876494914835582998,,kegblgnunfaedh,in,,0,0,0,https://x.com/godim_nugroho/status/1876494914835582998,4033009756,godim_nugroho
1878016752967393313,2025-01-11T13:32:26.000Z,0,"@detikcom Kok skrg polisi semakin terang-terangan memakai power abuse ya. Org yg kritik polisi langsung ditangkap.

Kalau ngk ada tindakan dri pusat berarti emg sesuai arahan harus kek gitu. Bukti diperkuat DPR apresiasi kinerja polisi padahal lgi byk kasus pembunuhan oleh polisi",1878072478452584473,,detikcom,in,,0,0,0,https://x.com/fuzzy3303sf/status/1878072478452584473,1508360300478996484,fuzzy3303sf
1877932195312025624,2025-01-11T13:26:50.000Z,10,"@detikcom @detikjatengcom Dah lah @DivHumas_Polri udah gak bisa dipercaya dan makin hancur, kita sebagai rakyat  udah gak bisa percaya lagi sama kinerja polisi yang makin hari makin penuh sama kejahatan, bukannya polisi itu mengayomi dan melindungi? Kok ini malah mengambil nyawa seseorang?",1878071068935520409,,detikcom,in,,0,0,1,https://x.com/Hariztastic/status/1878071068935520409,1844749554887073792,Hariztastic
1878061013784039426,2025-01-11T12:46:53.000Z,0,Polisi Indonesia ini begonya sistematis alias semuanya bego atau emg terlalu sombong meremehkan viralnya kinerja buruk polisi? Kerjaannya blunder mulu.,1878061013784039426,,,in,,0,0,0,https://x.com/lee_sha86/status/1878061013784039426,963354538781503488,lee_sha86
1878030014333309202,2025-01-11T11:06:22.000Z,0,@deantaraxan Berkali2 min @Gerindra rakyat sudah marah.. sudah kesal dgn performa polri di era @ListyoSigitP . Anggaran besar tapi kinerja minus. Pak @prabowo polisi ini langsung dibawah Anda segera ganti kepalanya. Atensi jg mayted @setkabgoid . Cc @_BimbingCBN @JhonSitorus_18,1878035720524182000,,deantaraxan,in,,0,1,0,https://x.com/kichi2hotahe/status/1878035720524182000,233927574,kichi2hotahe
1877999082054316121,2025-01-11T09:39:15.000Z,1,"@DivHumas_Polri Saran Kepada:
1. Pak Presiden @prabowo
2. Pak Kapolri @ListyoSigitP
3. Pak @ahriesonta dan
4. Div @DivHumas_Polri 

Bikinkan tiap kantor Polda, Polres dan Polsek gandeng asrama model rumah susun dalam 1 kawasan supaya polisi tidak domisili jauh, efektif komando dan kinerja. https://t.co/3lxQkvR4dZ",1878013794430943561,https://pbs.twimg.com/media/GhALmAbaAAAGXd_.jpg,DivHumas_Polri,in,,0,1,1,https://x.com/bekalicky/status/1878013794430943561,1763577643021266944,bekalicky
1877860340094177675,2025-01-10T23:36:40.000Z,0,"Semoga Bapak Ahmad Dofiri, terpilih sebagai Kapolri yang baru, sehingga bisa memperbaiki kinerja &amp; citra polisi. https://t.co/ryLm2NfNtr",1877862149860827296,https://pbs.twimg.com/ext_tw_video_thumb/1877861888945700864/pu/img/IJZ5UTRbQkatzR5u.jpg,PutriKayan16645,in,,0,0,0,https://x.com/PutriKayan16645/status/1877862149860827296,1876979355471278080,PutriKayan16645
1877341072457642176,2025-01-10T12:04:33.000Z,0,"@TukangBedah00 Eh, masyarakat jangan lo anggap radikal dll, justru masyarakat udah capek ngeliatin tingkah laku instansi polisi dari dulu gada masyarakat gubris.. masyarakat udah muak dengan kinerja kalian yang buruk. Lap gamau di cap buruk? Tapi lo munafik wkwkwk",1877687974223126896,,adanginyah,in,,0,0,0,https://x.com/satya123678/status/1877687974223126896,1361558201162899458,satya123678
1877216859109687596,2025-01-10T11:09:18.000Z,0,"@DivHumas_Polri institusimu aja amburadul, lakok mau membrantas korupsi dg adil 

kasus VINA CIREBON 
tembak ank SMK SEMARANG 
dan masih byk kasus yg g jelas..di X aja pada sliweran berita polisi g menyenangkan 

99% rakyat kecil tdk percaya dg polri
1% hanya keluarganya yg PERCAYA kinerja polri",1877674071636246936,,DivHumas_Polri,in,,0,0,0,https://x.com/alanphone04/status/1877674071636246936,2594825695,alanphone04
1877355453623029765,2025-01-10T09:49:01.000Z,0,"@ahriesonta Nah kabar2 yang seperti ini di tunggu, post polisi upload kinerja sesuai tupoksi, bukan hal2 gak sesuai tupoksi macam yang dilakukan @DivHumas_Polri.. gak usah fafifu, tangkap proses sesuai hukum yang berlaku..",1877653864393879596,,ahriesonta,in,,0,0,0,https://x.com/mjbakhm/status/1877653864393879596,1624610708,mjbakhm
1877581877151936909,2025-01-10T06:41:40.000Z,0,"@KompasTV Kapolri jika ingin perbaikin kinerja Polisi utk dpt kepercayaan &amp; apresiasi tinggi dari masyarakat maka
harus tegas pada bawahannya yg melanggar etik yaitu:
Pecat tdk hormat &amp; Pidanakan utk Pelanggar etik berat,
Pecat tanpa jabatan (seumur hidup) utk Pelanggar etik ringan-sedang",1877606716541436359,,KompasTV,in,,0,0,0,https://x.com/sayno_KKN/status/1877606716541436359,1735636779192233984,sayno_KKN
1877557280025027009,2025-01-10T04:57:33.000Z,948,"@convomf Polisi sekarang itu bukanya nunjukin kinerja yang bagus buat masyarakat atau at least kerjain jobdesc mereka dengan ""benar"" Dulu. Malah pada kebelet pengen kaya, keliatan cakep, jadi seleb udah gitu haus pujian wkwk",1877580517526163498,,convomf,in,,0,3,38,https://x.com/Troep3n/status/1877580517526163498,1604078405921964032,Troep3n
1877157303691993103,2025-01-10T01:14:08.000Z,0,"@CakKhum nggak ngefek, kinerja sekarang banyak polisi yang bagus pas awal kalo karir udah naik aja main enak sendiri",1877524291463557617,,CakKhum,in,,0,0,0,https://x.com/aidaagilrahayu/status/1877524291463557617,1968494666,aidaagilrahayu
1877341072457642176,2025-01-10T00:41:19.000Z,0,@TukangBedah00 Andai saja kinerja polwan/polisi negara ini se-glowing tampilan nya.. 🤔,1877516032874787180,,adanginyah,in,,0,0,0,https://x.com/Ry_Odji/status/1877516032874787180,948121233584939010,Ry_Odji
1877356184740507951,2025-01-09T14:06:08.000Z,0,"JIKA POLISI DI NEGERI INI SELALU BERTINDAK KALAU SUDAH JATUH KORBAN JIWA UNTUK APA DI PERTAHANKAN INSTITUSI NYA??!! 
SEMENTARA 10 TH KEPEMIMPINAN @ListyoSigitP GAK MAMPU JUGA MEMBENAHI POLRI.. MALAH MAKIN PARAH KINERJA POLISI!! 

@prabowo
@gibran_tweet

https://t.co/6q4pLvPdwr",1877356184740507951,,,in,,0,0,0,https://x.com/M17522147/status/1877356184740507951,891883949571457024,M17522147
1877326522882695647,2025-01-09T12:12:21.000Z,0,"—jadi enggak usah heran kenapa kinerja polisi kita begitu, baru mau kerja kalo ada duitnya.
Ya karena warganya sendiri normalize bayar polisi.

Dikasih tau proses hukum yang bener dibilang sok tau, gua ajarin lu bener dan seharusnya lu lakuin, bukan yang salah😠🫵",1877327548742341022,,0xMaraaMar,in,,0,0,0,https://x.com/0xMaraaMar/status/1877327548742341022,484654308,0xMaraaMar
1877283672614719832,2025-01-09T10:13:48.000Z,0,"@indracahyadl Banyak banget yang bilang kalau kinerja polisi itu kureng banget, kadang aja ada yang ga tuntas
#PolisiJahat
SeragamCoklat MataDuitan",1877297716830556507,,indracahyadl,in,,0,0,0,https://x.com/PlanYour4/status/1877297716830556507,1813050581197725700,PlanYour4
1877284175289499710,2025-01-09T09:45:58.000Z,0,"@zel_yums cara pandang kinerja polisi sekarang tuh emang sedikit berubah ya? #PolisiJahat
SeragamCoklat MataDuitan",1877290710056997362,,zel_yums,in,,0,0,0,https://x.com/pukisrasavanila/status/1877290710056997362,1409184417436733449,pukisrasavanila
1877282917363363870,2025-01-09T09:34:03.000Z,0,"@Gadingcrew dari kemarin lagi ramai nih soal polisi mata duitan dan rakus yaa? klo gue pribadi udah ga kaget sama kinerja SeragamCoklat MataDuitan di negara ini yg emg gapernah profesional dan sigap buat masyarakat, yg kayak gini kapan mau dievaluasi sih? #PolisiJahat",1877287710290817256,,Gadingcrew,in,,0,0,0,https://x.com/nafishaaluna/status/1877287710290817256,1846965527140618241,nafishaaluna
1877286244985561373,2025-01-09T09:28:13.000Z,0,"Luar biasa kinerja polisi yang berjuang agar pejabat tersebut bisa bekerja cepat hingga tuntas demi rakyat!

Sekali lagi, luar biasa!

😵‍💫😵‍💫😵‍💫",1877286244985561373,,,in,,0,0,0,https://x.com/admagnam/status/1877286244985561373,1870146486459346948,admagnam
1877273455084609676,2025-01-09T08:37:24.000Z,0,"BUKTI RAKYAT MAKIN MUAK DENGAN KINERJA POLISI NEGERI INI!!. 
SETELAH SEKIAN BANYAK KASUS KASUS YG MEMBUAT GADUH NEGARA N MUAK RAKYAT, MASIH PANTASKAH @ListyoSigitP
DI PERTAHANKAN??!!.

TOLONG JAWAB DENGAN NURANI ANDA PAK @prabowo..

@prabowo
@gibran_tweet

https://t.co/yRi2rQzfzu",1877273455084609676,,,in,,0,0,0,https://x.com/M17522147/status/1877273455084609676,891883949571457024,M17522147
1877269682555871712,2025-01-09T08:23:02.000Z,48,@BWFScore Contoh polisi yang kinerja nya dapat dipercaya,1877269840055947463,,BWFScore,in,,0,4,5,https://x.com/lotussaddictt/status/1877269840055947463,1720317114081513472,lotussaddictt
1877228430540132630,2025-01-09T05:38:29.000Z,0,"gua dan banyak orang di luar sana pun udah berani untuk men-generalisir bahwa polisi tuh isinya orang2 gak bener.

penyebutan kata oknum udah gak cocok, walaupun maksudnya untuk memisahkan perorangan dengan institusi.

tetapi seluruh isi institusi tersebut, beserta tujuannya, dll",1877228430540132630,,,in,,0,0,0,https://x.com/thegreatalfian/status/1877228430540132630,1779434532770582529,thegreatalfian
1877213131417727187,2025-01-09T04:37:42.000Z,0,"https://t.co/azNvxVPsnD

""Responsivitas dan responsibilitas terkait pengaduan masyarakat ini masih hanya sekadar jargon saja. Yang terbukti dari beberapa kasus yang kemudian mengakibatkan munculnya korban jiwa. Hal ini harus menjadi bahan evaluasi bagi kepolisian terkait",1877213131417727187,,,in,,0,0,0,https://x.com/beritaKBR/status/1877213131417727187,124390203,beritaKBR
1877034970297868399,2025-01-09T03:31:51.000Z,0,"@bbahtiarr Mantap pak polisi, kinerja kalian luar biasa, cepat dalam bertindak",1877196560636744134,,bbahtiarr,in,,0,0,0,https://x.com/regina_egi88135/status/1877196560636744134,1858173614534905856,regina_egi88135
1877031461645144092,2025-01-09T03:17:35.000Z,0,@dxnsuss Kinerja polisi yg satset menangani kasus ini,1877192972044754964,,dxnsuss,in,,0,0,0,https://x.com/NaSella66380/status/1877192972044754964,1877169086968508417,NaSella66380
1877031461645144092,2025-01-09T03:16:56.000Z,0,@dxnsuss Salut sama kinerja polisi yang gercep abiss,1877192808282431956,,dxnsuss,in,,0,0,0,https://x.com/itissarii/status/1877192808282431956,1866418757062799360,itissarii
1877028904956772713,2025-01-09T02:32:41.000Z,0,@silvia_padila hepi banget bisa liat kinerja polisi sebaik ini,1877181669595099297,,silvia_padila,in,,0,0,0,https://x.com/rosbir11/status/1877181669595099297,1707907514564767745,rosbir11
1877028904956772713,2025-01-09T02:31:20.000Z,0,@silvia_padila Mantap banget kinerja polisi,1877181333673324828,,silvia_padila,in,,0,0,0,https://x.com/theejujus/status/1877181333673324828,1793812552646033408,theejujus
1877027188811133160,2025-01-09T02:15:47.000Z,0,@konsuItan suka bgt liat kinerja polisi yg sekarang,1877177416562413892,,konsuItan,in,,0,0,0,https://x.com/lililinaa22/status/1877177416562413892,1706170608185397248,lililinaa22
1877025031395459182,2025-01-09T01:41:57.000Z,0,"@auralvi wahh mantap kinerja polisi yang gercep, gw dukung terus polisi",1877168903660486727,,auralvi,in,,0,0,0,https://x.com/alvira_shofia/status/1877168903660486727,2651468383,alvira_shofia
1877024193008574629,2025-01-09T01:31:58.000Z,0,"@lanqqiit kinerja polisi bener"" bagus banget, salut deh",1877166390274068684,,lanqqiit,in,,0,0,0,https://x.com/_skybiru/status/1877166390274068684,1860338333869813760,_skybiru
1877023428970009003,2025-01-09T01:20:26.000Z,0,"@silverqiun sigap tanggap menangkap pelaku, patut diapresiasi kinerja polisi ini",1877163489245970914,,silverqiun,in,,0,0,0,https://x.com/ahmadhizra_/status/1877163489245970914,1808986840915193858,ahmadhizra_
1877023428970009003,2025-01-09T01:15:54.000Z,0,"@silverqiun makin bangga dengan kinerja polisi, sigap dan tanggap",1877162348332400704,,silverqiun,in,,0,0,0,https://x.com/talita_riza96/status/1877162348332400704,2573357946,talita_riza96
1877023428970009003,2025-01-09T01:14:07.000Z,0,@silverqiun Suka sm kinerja polisi² ini,1877161899139158116,,silverqiun,in,,0,0,0,https://x.com/Rihannaye3/status/1877161899139158116,1876137951786422272,Rihannaye3
1877023428970009003,2025-01-09T01:11:34.000Z,0,"@silverqiun salut sma kinerja polisi Indonesia yang makin sat set dari hari ke hari, bravo 🔥🔥",1877161256236224601,,silverqiun,in,,0,0,0,https://x.com/devitriani31/status/1877161256236224601,1417050124614725638,devitriani31
1876543104066498852,2025-01-08T19:36:36.000Z,0,"@tanyarlfes Mungkin ini cmn konten, tapi jawaban benerny y lapor polisi juga lah. Kecuali, gak percaya sama kinerja profesi mereka sendiri. Mereka yg polisi aja bingung mau lapor ke siapa, padahal harusnya lapor ke polisi",1877076960406376610,,tanyarlfes,in,,0,0,0,https://x.com/chocolxtoz_/status/1877076960406376610,1233033008220966912,chocolxtoz_
1877023557273653453,2025-01-08T17:59:01.000Z,0,@ntbd97__ Patut diapresiasi kinerja polisi yang sangat cepat untuk amankan pelaku,1877052404337614973,,ntbd97__,in,,0,0,0,https://x.com/coconutlatee/status/1877052404337614973,1866421932956262401,coconutlatee
1877023557273653453,2025-01-08T17:54:48.000Z,0,"@ntbd97__ Mari kita apresiasi kinerja polri kali ini, semangat terus buat pak polisi!",1877051341664604175,,ntbd97__,in,,0,0,0,https://x.com/Ocean_blue_xx/status/1877051341664604175,1860252528824438784,Ocean_blue_xx
1877023557273653453,2025-01-08T17:54:15.000Z,0,@ntbd97__ Bangga dengan kinerja polisi kali ini. Semoga kasusnya terselesaikan dengan tuntas,1877051203533558249,,ntbd97__,in,,0,0,0,https://x.com/nightsunmare/status/1877051203533558249,1239342255317463040,nightsunmare
1877023557273653453,2025-01-08T17:50:50.000Z,0,@ntbd97__ Patut diapresiasi kinerja polri kali ini 👍 Good job pak polisi 💪,1877050342975877339,,ntbd97__,in,,0,0,0,https://x.com/sunset_breezexx/status/1877050342975877339,1860255377972932608,sunset_breezexx
1878077293068959926,2025-01-11T13:56:29.000Z,0,"Dalam konteks di video, selain marah dengan pelaku bisa jadi masyarakat juga tak percaya lagi dengan kinerja polisi. Entahlah anjing yg jelas aku dah benci betul dengan polis, sorry kalau ga nyambung",1878078529562452370,,gulu_guluuuu,in,,0,0,0,https://x.com/gulu_guluuuu/status/1878078529562452370,1566110228919504896,gulu_guluuuu
1877023094151287198,2025-01-08T17:35:48.000Z,0,@Rumizolai Good job pak polisi 🫰 Gue apresiasi kinerja polisi yang bisa gercep nangkep pelakunya,1877046562456551573,,Rumizolai,in,,0,0,0,https://x.com/RachelArnault/status/1877046562456551573,1869195231259987968,RachelArnault
1877023557273653453,2025-01-08T17:33:48.000Z,0,@ntbd97__ Mantab pak polisi kinerja yang hebat tangkap pelakunya,1877046058758402396,,ntbd97__,in,,0,0,0,https://x.com/diptapra06/status/1877046058758402396,1741845213822570496,diptapra06
1877023068473745418,2025-01-08T17:23:39.000Z,0,@sekarrlatI Gue kasih jempol buat kinerja polisi kali ini yg udah gercep nangkep pelakunya 👍,1877043500727808265,,sekarrlatI,in,,0,0,0,https://x.com/filmrachanun_xx/status/1877043500727808265,1869599985190531072,filmrachanun_xx
1876788633283305806,2025-01-08T17:21:53.000Z,1,"@Heraloebss Gak bisa,polisi itu lbh menerima dan mengusut kriminalitas jika ada korban meninggal krn itu mempermudah kinerja mereka.laporan sprti ini dianggap #minorityreport aplg yg lapor tanpa duit.mana bs polisi menganalisa dan prediksi sbuah kejahatan,klo mereka bisa ya gk akan jd polisi",1877043056605528143,,Heraloebss,in,,1,0,0,https://x.com/tidusshuyin/status/1877043056605528143,69863450,tidusshuyin
1877023068473745418,2025-01-08T17:14:49.000Z,0,@sekarrlatI Suka bamget sm kinerja polisi gercep,1877041279428669941,,sekarrlatI,in,,0,0,0,https://x.com/nathysrpp/status/1877041279428669941,1733500082627268608,nathysrpp
1876951918611701926,2025-01-08T11:19:44.000Z,1,"https://t.co/SpTE4kaZC0

Polisi baik, sepertinya harus dilumpulkan dan disatukan dalam satu polres. Supaya jadi alat pembanding kinerja. 

@DivHumas_Polri  @HumasPoldaAceh  @kompolnas_ri",1876951918611701926,,,in,,0,0,0,https://x.com/muhajirjuli/status/1876951918611701926,830350028,muhajirjuli
1876912939141124282,2025-01-08T08:44:50.000Z,0,"List kasus yang diluar kapasitas manusia :

1. Pemecatan Sty
2. Perekrutan Kluivert
3. Pelaksanaan Makan gratis
4. Melemahnya KPK 
5. Kinerja kepolisian
6. Kelakuan aparat polisi-tni
7. Kelakuan mentri-nya Prabowo
8. PPN 12% 
9. OCCRP Jokowi
10. Kebodohan PSSI beserta jajarannya",1876912939141124282,,,in,,0,0,1,https://x.com/byyobbyy/status/1876912939141124282,1214485686285266949,byyobbyy
1876910031469244742,2025-01-08T08:33:17.000Z,0,Netizen dan Citizen jadi mempertanyakan nih kinerja aparat kepolisian dalam memberikan perlindungan ke kita semua pasca kasus penembakan bos rental mobil di Banten. Pihak keluarga bos rental bilang udah sempat minta pengawalan ke polisi di Polsek Cinangka tapi ditolak. Lho (cont) https://t.co/uD8DSQVoSQ,1876910031469244742,https://pbs.twimg.com/ext_tw_video_thumb/1876909781023436800/pu/img/nWgbkxyoWTzATVHI.jpg,,in,,0,1,0,https://x.com/officialfgmedia/status/1876910031469244742,1808408529734361091,officialfgmedia
1876537546454573182,2025-01-08T06:55:53.000Z,0,"@DivHumas_Polri ini performa individu, dan tidak ada hubungan langsung dg kinerja polisi secara kelembagaan, jgn klaim kebaikan individu utk kinerja lembaga",1876885519868506208,,DivHumas_Polri,in,,0,0,0,https://x.com/rudyno1/status/1876885519868506208,1978445610,rudyno1
1876884038797144199,2025-01-08T06:50:00.000Z,1,"polisi turun tangan beri layanan kesehatan gratis bagi warga disabilitas 
terimakasih atas kinerja baiknya dan Profesional Penuh Humanisme
semoga jaya selalu 
#BaktiLayaniIndonesia https://t.co/AUQIjC6IqL",1876884038797144199,https://pbs.twimg.com/media/GgwE52LakAAd0vD.jpg,,in,,0,0,1,https://x.com/yatinwika/status/1876884038797144199,985789291304382465,yatinwika
1876868363537846301,2025-01-08T05:47:43.000Z,0,"bermunculan kasus negatif terkait kinerja polisi, kayaknya ada hubunganya dng asas hukum yng kita pake ""praduga tak bersalah""",1876868363537846301,,,in,,0,0,0,https://x.com/dadan_mora/status/1876868363537846301,1558143083652743168,dadan_mora
1876857085368905992,2025-01-08T05:02:54.000Z,0,"Kalian kalau dititipin uang merasa terbebani nggak? Kalau nggak, kalian cocok jadi polisi. Dititipin pajak rakyat malah semena-mena... Kinerja yang dititipin pajak bikin males orang buat bayar.",1876857085368905992,,,in,,0,1,0,https://x.com/me_benci/status/1876857085368905992,1158344109121105927,me_benci
1876244440731570510,2025-01-08T03:48:43.000Z,0,@IbrahimCholid @kegblgnunfaedh Ini sih polisi gak ngerti apa dan bgm kinerja sesungguhnya polisi..klihatan dongoknya,1876838419541770615,,IbrahimCholid,in,,0,0,0,https://x.com/HendraEbhet/status/1876838419541770615,3309270552,HendraEbhet
1876504318620443104,2025-01-08T00:51:06.000Z,15,"@cingreborn @ahriesonta @ListyoSigitP  lagi lagi kinerja Polisi membuat malu. corps kalian sudah tertanam rasa sebagai makhluk superior di republik ini, sehingga mayoritas perilakunya Arogan dan merasa paling benar",1876793720613359973,,termulyono_,in,,0,0,0,https://x.com/joel_tribu/status/1876793720613359973,3229128164,joel_tribu
1877600761510768882,2025-01-11T09:18:38.000Z,0,"@KompasTV dasarnya aja polisi suka ngeles.tenang aja pak,masyarakat udh paham kinerja polisi spt apa.kl gda cuan atau sesama polisi, pasti pelayanan nya lambat atau malah ditolak.kita mah iya2 aja apa yg bpk klarifikasi.rakyat Indonesia dr sabang mpe Merauke udh tau krja polisi Indonesia",1878008609071886464,,KompasTV,in,,0,0,0,https://x.com/dudidragao/status/1878008609071886464,1811708539049791488,dudidragao
1877526648045608991,2025-01-10T22:14:48.000Z,0,"@Heraloebss tinggal dibuktikan...
tapi kok ragu ya dengan kinerja penyidik sekarang.
saya akui mereka terlalu banyak prestasi....bukan sebagai polisi tapi sebagai bajingan...! @poltabesmedan @divisipropampolri",1877841549167661291,,Heraloebss,in,,0,0,0,https://x.com/gulali1284596/status/1877841549167661291,1716089292592996352,gulali1284596
1877745969980489798,2025-01-10T15:55:00.000Z,0,menolak lupa kinerja impresif Polri dalam membongkar sindikat narkoba dari Malaysia! Semoga terus maju meskipun banyak tantangan.  Link: https://t.co/yUCFoP1tYf,1877745969980489798,,,in,,0,0,0,https://x.com/thaliaayurahma/status/1877745969980489798,2575399934,thaliaayurahma
1879145248808751275,2025-01-14T14:05:26.000Z,1,"@MasBolali @TMCPoldaMetro Coba kalau menurut Pak @ahriesonta @Pakbhabin_id bagaimana ini saya mengkritik kinerja #Polri yg melakukan ETLE terhadap sepeda motor yg melawan arah,seharusnya Polisi mencegah pelanggaran itu bukan malah NGUMPET di dalam mobil mendata ETLE,mosok tetap dibiarkan melawan arah??",1879167945307463759,,BangJarwoSopo7,in,,0,0,0,https://x.com/BangJarwoSopo7/status/1879167945307463759,1771257340521771011,BangJarwoSopo7
1879141616860250562,2025-01-14T12:20:48.000Z,0,"Betulkah Power Polisi Mulai Tergantikan Dengan Damkar Karena Menolak Laporan Hingga Terlibat Dalam Berbagai Peristiwa Kejahatan?

Efektifitas kerja memang sebuah keharusan dalam setiap instansi baik di bawah pemerintahan maupun pihak swasta. Terutama mereka yang memiliki tugas https://t.co/97WNxS99BP",1879141616860250562,https://pbs.twimg.com/media/GhQNVkUa0AAPqqW.jpg,,in,,0,0,0,https://x.com/Melihat_Indo/status/1879141616860250562,48359478,Melihat_Indo
1878637188470239619,2025-01-14T07:39:27.000Z,0,"@JukiHoki Gue bilang juga apa
Kinerja polisi harusnya yg kek damkar bgini,, laporan masuk langsung meluncur,, pastikan ditempat, tindak!!!! 
Gak kayak polisi yg sono nohhh , dilaporin ada pelaku penggelapan mobil malah kebanyakan ita itu , malah suruh ngejar sendiri
Akhirnya jatuh korban",1879070812541776301,,JukiHoki,in,,0,0,0,https://x.com/Hermm1264396/status/1879070812541776301,1652287406777982977,Hermm1264396
1879045688140665182,2025-01-14T06:57:09.000Z,0,"@btspremacy Tinggi rendahnya crime rate itu yg dinilai kualitas, kinerja dan performa penegakan hukumnya

Dan aku setuju dgn kalimat terakhirmu, kalau polisi aja juga jadi perpetrator berarti lembaga hukumnya bermasalah

https://t.co/vAwLBdqVed",1879060165959520446,,btslykn,in,,0,0,0,https://x.com/Wrdgsmyc/status/1879060165959520446,1113843136185262080,Wrdgsmyc
1879004181111210111,2025-01-14T04:49:45.000Z,0,"@neenanin Polisi diganti sistem outsourcing wae.....
Dibayar sesuai kinerja.....
😅😅😅",1879028103198241035,,neenanin,in,,0,1,0,https://x.com/MissingVoice/status/1879028103198241035,271898786,MissingVoice
1878741032667644221,2025-01-14T04:19:50.000Z,0,"@bakuldimsum_ Aq nilai kinerja sih bukan gendutnya ada berapa memang polisi gendut tapi kerjanya niat banget.. cuma memang ada berapa pemalas.

Yah diliat repurtasi polisi indo lagi lebih banyak buruknya memang wajar banyak udah gak percaya ama polisi",1879020577475960944,,bakuldimsum_,in,,0,0,0,https://x.com/steven20260934/status/1879020577475960944,973236170476814336,steven20260934
1878989392326606936,2025-01-14T02:15:55.000Z,0,"Ucapan Apresiasi warga terhadap kinerja Polres Sukabumi Kota

#KapolresSukabumiKota #PolresSukabumiKota #PolriPresisi  
.
#sukabumi #kotasukabumi #kabsukabumi #polisi #polisiindonesia #polisiri #indonesia #ilovesukabumi
#sukabumiku #sukabumiupdate #sukabumiexplore
#sukabumihits https://t.co/jFtyjzk1xH",1878989392326606936,https://pbs.twimg.com/ext_tw_video_thumb/1878989218699149313/pu/img/ZSALGZMMNQv3WZ6J.jpg,,in,,0,0,0,https://x.com/resta_sukabumi/status/1878989392326606936,1052465567569862657,resta_sukabumi
1878988021640606002,2025-01-14T02:10:28.000Z,0,"Ucapan Apresiasi warga terhadap kinerja Polres Sukabumi Kota

#KapolresSukabumiKota #PolresSukabumiKota #PolriPresisi  
.
#sukabumi #kotasukabumi #kabsukabumi #polisi #polisiindonesia #polisiri #indonesia #ilovesukabumi
#sukabumiku #sukabumiupdate #sukabumiexplore https://t.co/ZOM0TcNxOF",1878988021640606002,https://pbs.twimg.com/ext_tw_video_thumb/1878987879944527872/pu/img/h7bd1R2Sz-W6maof.jpg,,in,,0,0,0,https://x.com/CisaatKota/status/1878988021640606002,1249592031954874371,CisaatKota
1878987239201603946,2025-01-14T02:07:22.000Z,0,"Ucapan Apresiasi warga terhadap kinerja Polres Sukabumi Kota

#KapolresSukabumiKota #PolresSukabumiKota #PolriPresisi  
.
#sukabumi #kotasukabumi #kabsukabumi #polisi #polisiindonesia #polisiri #indonesia #ilovesukabumi
#sukabumiku #sukabumiupdate #sukabumiexplore
#sukabumihits https://t.co/q5Psf9Ef0H",1878987239201603946,https://pbs.twimg.com/ext_tw_video_thumb/1878987186173042688/pu/img/6t6OWWSwm5P3aeZy.jpg,,in,,0,0,0,https://x.com/sekgunungguruh3/status/1878987239201603946,1603208630467461120,sekgunungguruh3
1878762787415142599,2025-01-13T23:20:12.000Z,0,"@JhonSitorus_18 Anak buah pak @ListyoSigitP telah berjasa ke sopir²,, mendidik mereka sopir² utk kreatif berani bikin rekaman suara n video,, ttg kinerja polisi di jalan yg rajin.",1878945169510428750,,JhonSitorus_18,in,,0,0,0,https://x.com/05Panji/status/1878945169510428750,2890547508,05Panji
1878765937043910688,2025-01-13T15:15:12.000Z,0,"@Heraloebss POLISI semakin kemari.. semakin kek TAAIIKK aja tingkahnya, gak yang muda, gak yang tua, gak yang bintara, gak yang perwira. KINERJA NOL BESAAARRRR.... makan dari uang rakyat, tapi kelakuannya tidak mencerminkan pengayom masyarakat.",1878823117159846050,,Heraloebss,in,,0,0,0,https://x.com/kinthoen/status/1878823117159846050,830713141,kinthoen
1878312629464432664,2025-01-13T14:16:31.000Z,0,@benbela polisi banyak tu gunanya apa? mending gausa ada polisi kalo kinerja nya aja buruk kaya gini,1878808347300016507,,benbela,in,,0,0,0,https://x.com/tristrue/status/1878808347300016507,1777563048729047040,tristrue
1878805859121426541,2025-01-13T14:06:37.000Z,9,"Pengadilan Wakanda Hancur

Tegaknya hukum tidak bisa hanya ditangan polisi dan jaksa, tapi juga perlu peranan besar hakim di pengadilan. 

Banyak netizen nyalahin polisi karena beberapa persoalan. Tapi ingat hukum diputuskan bukan oleh polisi dan jaksa tapi oleh hakim melalui https://t.co/49EJwT9A7S",1878805859121426541,https://pbs.twimg.com/media/GhLb97oaMAAhwDB.jpg,,in,,4,0,3,https://x.com/amandasah__/status/1878805859121426541,1080067288764637185,amandasah__
1878660401669546342,2025-01-13T09:19:33.000Z,0,@Ferdi_Wibowoo @Sam_Ardi Sarkasme atas kekecewaan kinerja polisi itu bro😊,1878733615674376288,,Ferdi_Wibowoo,in,,0,1,0,https://x.com/Haryono___Adi/status/1878733615674376288,3067925940,Haryono___Adi
1878691407764033985,2025-01-13T06:31:50.000Z,0,"langkah tegas Propam Polda Sulsel bikin kita makin percaya pada kinerja polisi, good job https://t.co/zpR50E6sCV",1878691407764033985,https://pbs.twimg.com/media/GhJz4QRbQAA1vjP.jpg,,in,,0,0,0,https://x.com/Rinipurnamaa9/status/1878691407764033985,528225076,Rinipurnamaa9
1878637188470239619,2025-01-13T04:51:16.000Z,0,@JukiHoki Ngeliat post ini apakah Polisi merasa mereka harus memperbaiki kinerja instansinya? Ohh tentu tidak. Yang ada justru ribut dengan instansi bersangkutan dan segala tindakan counter productive lain,1878666097614016692,,JukiHoki,in,,0,0,0,https://x.com/breazy1/status/1878666097614016692,1758358601301938176,breazy1
1878637188470239619,2025-01-13T04:07:23.000Z,1,"@JukiHoki Dari saking muaknya sama kinerja polisi, ada maling lapornya ke damkar.",1878655056985440534,,JukiHoki,in,,0,0,0,https://x.com/HermanHermawan_/status/1878655056985440534,481894128,HermanHermawan_
1878312629464432664,2025-01-13T02:19:02.000Z,0,@KAlfasiri @benbela @DivHumas_Polri @ListyoSigitP @Pakbhabin_id tapi katanya netizen kinerja polisi positif 😎🤮 https://t.co/xCFNafZE7e,1878627786820301003,https://pbs.twimg.com/media/GhI6A_9bAAAao7H.jpg,KAlfasiri,in,,0,0,0,https://x.com/mayonaiseee__/status/1878627786820301003,1561308100791238656,mayonaiseee__
1878612391241691564,2025-01-13T01:17:51.000Z,1,polisi polisi kalo msh pada ga becus kerja gausah tatat tetot di jalan deh. laga lu kyk org penting yg bs kerja aja. perbaikin dlu kinerja lu satu instansi baru nyalain totot2 kampungan lu itu,1878612391241691564,,,in,,0,0,0,https://x.com/mousnta/status/1878612391241691564,1154308025378693120,mousnta
1878475797511733698,2025-01-12T16:15:05.000Z,2,Hari2 liatnya berita kinerja polisi ga becus. Tai emang,1878475797511733698,,,in,,0,0,1,https://x.com/pekupe/status/1878475797511733698,152930632,pekupe
1879145248808751275,2025-01-14T13:47:53.000Z,0,@MasBolali @TMCPoldaMetro Padahal tinggal turun dari mobil trus berdiri di pinggir jalan nanti juga pengendara sepeda motor bakal takut dan pasti puter balik melihat ada Polisi.kinerja #Polri TIDAK PROFESIONAL membiarkan pengendara sepeda motor tetap melawan arah,1879163528906789257,,BangJarwoSopo7,in,,0,1,0,https://x.com/BangJarwoSopo7/status/1879163528906789257,1771257340521771011,BangJarwoSopo7
1878396750689665423,2025-01-12T11:00:58.000Z,0,"Selain ngentot dan menghina kinerja polisi Indon, hal apalagi yg enak dilakukan saat cuaca hujan alias 3 hari hujan nonstop jir",1878396750689665423,,,in,,0,0,0,https://x.com/Kikuichimonji13/status/1878396750689665423,902564695130857472,Kikuichimonji13
1877708094341513523,2025-01-12T09:00:41.000Z,0,"@kompascom Kita tahu kinerja oknum polisi gimana,  asal diberi cuan , apapun dilakukan.",1878366480510939140,,kompascom,in,,0,0,0,https://x.com/SitiHodija90053/status/1878366480510939140,1865003276196024321,SitiHodija90053
1878344172739911715,2025-01-12T07:32:03.000Z,0,"Damkar Bertindak Cepat saat Piercing Cewek Ini Tersangkut di Kursi, Netizen Bandingkan Kinerja Polisi 
https://t.co/XE7LcCAWwG",1878344172739911715,,,in,,0,0,0,https://x.com/fajaronline/status/1878344172739911715,89877164,fajaronline
1878318615428313556,2025-01-12T05:50:30.000Z,0,"Minta maaf mulu, kayak besok mau lebaran aja. Kapan perbaikan kinerja kalian wahai pak polisi?",1878318615428313556,,,in,,0,0,0,https://x.com/ccntcoffee/status/1878318615428313556,1234127951836270592,ccntcoffee
1878312629464432664,2025-01-12T05:26:55.000Z,1080,"Sesudah itu YS pun dilaporkan polisi, berharap si predotor segera diringkus. Akan tetapi kinerja aparat memang patur dipertanyakan. Kasus perkosaan terhadap anak di bawah umur itu hanya bagai angin lalu. Hanyalah kemalangan biasa yang sudah semestinya dilalui orang miskin.",1878312682199425405,,benbela,in,,76,7,99,https://x.com/benbela/status/1878312682199425405,37161353,benbela
1878268059737330002,2025-01-12T05:20:31.000Z,5,"@bowoaj08 @ardhiasaY @_BangFu kinerja pssi - kinerja yang mana? yang manaa? noh klub nunggak gaji, supportter dibunuh polisi, klub tawuran, etc. 
kasus kanjuruhan- bahkan sampe sekarangpun keadilan belum didapatkan oleh keluarganya. 
prestasi timnas- kerjasama semua pihak",1878311073423798535,,bowoaj08,in,,0,0,0,https://x.com/oaoabibh/status/1878311073423798535,1689275367717003266,oaoabibh
1878611677815705698,2025-01-13T09:51:05.000Z,0,"@Mdy_Asmara1701 klo kinerja polisi udah baik taat dan gak korup, nasib orang kecil jualan di pinggir jalan gimana??

ya kena angkut dong. 
di negara maju semua ada perijinannya dan aturannya gak pandang bulu mau rakyat kecil/pejabat.",1878741548437041543,,Mdy_Asmara1701,in,,0,0,0,https://x.com/DRiblain/status/1878741548437041543,1592495090970558465,DRiblain
1878637188470239619,2025-01-13T04:53:41.000Z,2,"@JukiHoki Harusnya kinerja polisi tuh gini, ngecek langsung laporan warga walau harus ada bukti 'terlihat'. Jangan takut sama laporan palsu. Duh duh, banyak belajar lagi pakpol sm abang Damkar",1878666705020637286,,JukiHoki,in,,0,2,0,https://x.com/soulofzea/status/1878666705020637286,4013102114,soulofzea
1880199151599907246,2025-01-18T23:47:04.000Z,0,"@Mdy_Asmara1701 Pak, ekonomi lagi collapse, mlh polisi Jaksa gaji naik, njenengan ini wakil rkyat, klo tdk bsa brpihak ke rakyat, mending njenengan turun sja dri senayan, evaluasi dulu itu kinerja polisi &amp; jaksa, mintak naik gaji tapi kinerjanya makin buruk &amp; tdk bsa brtnggung jwb kpd masyarakat",1880763873344774551,,Mdy_Asmara1701,in,,0,0,0,https://x.com/kimnana94_/status/1880763873344774551,1439956364197916679,kimnana94_
1880199151599907246,2025-01-18T22:07:16.000Z,0,"@Mdy_Asmara1701 Unpopular opinion: di Singapura polisi di sana hampir bersih seluruhnya karena gajinya gede banget, kinerja bagus, keamanan negara dn masyarakat terjaga. Tapi itu kan mental orang SG, yg sama Indo bagaikan bumi dan langit 🤣",1880738757365879045,,Mdy_Asmara1701,in,,0,0,0,https://x.com/dhirajumik/status/1880738757365879045,214478888,dhirajumik
1880199151599907246,2025-01-18T13:57:42.000Z,0,"@Mdy_Asmara1701 Sdh lama pengen ngomong ini, buruknya kinerja aparat negara bukan karena besaran gaji tapi karena mereka nggak bisa dipecat apapun walaupun kinerjanya buruk, bahkan polisi yg udh jelas bunuh orang saja masih dipertahankan",1880615553540464682,,Mdy_Asmara1701,in,,0,0,0,https://x.com/aditya_pwn/status/1880615553540464682,1403703307,aditya_pwn
1879939870111723643,2025-01-18T12:04:56.000Z,1,@MasQomaru @3Section_ polisi sangat amat layak dibully kalau kinerja nya buruk!!!,1880587175361905096,,MasQomaru,in,,0,0,0,https://x.com/xxmarsupilamixx/status/1880587175361905096,275360422,xxmarsupilamixx
1880405128647438404,2025-01-18T09:42:43.000Z,0,@TukangBedah00 itu polisi apa satpam sekolah? baju polisi ama satplam sekarang 11-12.. kinerja jg 11-12...,1880551381960143011,,adanginyah,in,,0,0,0,https://x.com/theguywithsosis/status/1880551381960143011,1783486492477931520,theguywithsosis
1879939870111723643,2025-01-18T07:26:50.000Z,14,"@MasQomaru @3Section_ ya ngapain marah kan emng kenyataannya, yg kritik kinerja polisi jg bnyk, emng jadi bener?? ga lah, tetep aja sampahh, semua org juga udh paham polisi jaman skrng banyk yg kaya samph, klo di bully ya perbaiki dong citra polisi, ditanya alesan msk polisi aja mau nikahin bidan WKWK",1880517186617594238,,MasQomaru,in,,0,0,0,https://x.com/sqalted/status/1880517186617594238,1667068036346519553,sqalted
1879939870111723643,2025-01-18T07:23:38.000Z,1,"@AzizDelta16170 @3Section_ Pembully tidak layak di HORMATI.

Mereka tidak sedang mengkritik KINERJA POLRI, mereka sedang membully terkait adaaya oknum2 polisi yg tertipu (masuk polri dg biaya besar).",1880516383894827197,,AzizDelta16170,in,,1,3,0,https://x.com/MasQomaru/status/1880516383894827197,1603237585434075137,MasQomaru
1879939870111723643,2025-01-18T07:22:15.000Z,0,"@sqalted @3Section_ Lahh kalo oknum polisi diledek gitu, apa gak berhak marah ??

Karna mereka membully, bukan mengkritik KINERJA",1880516034974871854,,sqalted,in,,0,3,0,https://x.com/MasQomaru/status/1880516034974871854,1603237585434075137,MasQomaru
1375735304791879684,2025-01-18T05:14:45.000Z,0,"@TaufikDamas Pantesan setiap saya salah beli barang kok ulasannya bagus2, apakah itu para buzzer?
Terus juga kinerja polisi lagi buruk tapi ada beberapa komen aneh yg bagus2in polisi, apa itu juga buzzer?",1880483949019033830,,TaufikDamas,in,,0,0,0,https://x.com/temansukses/status/1880483949019033830,1868236081491288064,temansukses
1879939870111723643,2025-01-18T03:41:34.000Z,76,"@3Section_ Kamu bolrh kritik kinerja POLISI, tapi tidak dg membully seragam /biaya untuk menjadi Polisi.

Nanti kalo ada polisi marah, kamu digampar2, teriak2.

Pembully seperti kamu tidak layak dihormati",1880460496127815942,,3Section_,in,,6,70,4,https://x.com/MasQomaru/status/1880460496127815942,1603237585434075137,MasQomaru
1880438714960343465,2025-01-18T02:15:01.000Z,0,"Kinerja yg skrng aja gabener, dengan tololnya bikin statement minta naikin gaji
Daripada naikin gaji polisi, mending sejahterakan tu guru-guru https://t.co/33ASFXbFSq",1880438714960343465,https://pbs.twimg.com/media/GhipC8ia4AANpR2.jpg,,in,,0,0,0,https://x.com/_forOurEternity/status/1880438714960343465,1322519206366121984,_forOurEternity
1880154428013187468,2025-01-18T01:21:13.000Z,3,"@islah_bahrawi @WisanggeniLagi “kita wajib ikit memperbaiki kinerja polri”, EMG KITA BISA APA? noh pemerintah yg bertanggungjawab buat benerin kinerja polisi.",1880425175910605061,,islah_bahrawi,in,,0,0,0,https://x.com/mutizdn/status/1880425175910605061,1716108515599921152,mutizdn
1879868447770976279,2025-01-17T18:14:18.000Z,1,"@okkymadasari Malah anggaran pertahanan dinaikkan. Antek2 pertahanan ky polisi jg naik, pdhal kinerja nol 🥲",1880317739614761250,,okkymadasari,in,,0,0,0,https://x.com/LeonardoChandr2/status/1880317739614761250,1001926238,LeonardoChandr2
1880259595907805303,2025-01-17T14:23:15.000Z,1,"Pengamat sepakbola Tommy Welly alias Bung Towel membuat laporan atas dugaan tindak pidana kejahatan informasi dan transaksi elektronik atau UU ITE. Laporan tersebut telah diterima pihak Polda Polda Metro Jaya pada Jumat, 17 Januari 2025 dan teregister dengan nomor https://t.co/adP3rYVxd6",1880259595907805303,https://pbs.twimg.com/ext_tw_video_thumb/1880259221851369475/pu/img/2s8e4-S4SDPzrHeM.jpg,,in,,0,0,0,https://x.com/pikiran_rakyat/status/1880259595907805303,58880688,pikiran_rakyat
1879845094960030206,2025-01-17T12:01:03.000Z,1,"@V3g3L Buat para polisi dan hakim tolong liat kinerja petugas damkar 
Mereka bekerja sepenuh hati untuk masyarakat,kerjanya juga satsetsatset ga perlu suap suap tuh",1880223809112084706,,P3gEl,in,,0,0,0,https://x.com/cicirioo/status/1880223809112084706,3158513635,cicirioo
1880154428013187468,2025-01-17T10:12:00.000Z,19,"@WisanggeniLagi Iya, banyak kelalaian tugas dari anggota kepolisian kita. Kita wajib mengkritisi, tapi bukan berarti sebagai masyrakat sipil kita tidak butuh polisi. Kita wajib ikut memperbaiki kinerja POLRI karena mereka bagian dari kita, bukan karena benci lalu mencaci maki.",1880196367227986361,,WisanggeniLagi,in,,0,9,3,https://x.com/islah_bahrawi/status/1880196367227986361,1619899748387000322,islah_bahrawi
1880185064983777573,2025-01-17T09:27:06.000Z,0,heran sama orang yg gampang ngejudge kinerja polisi tanpa ngerti keluh kesah mereka sehari-hari. Narasi kaya gini gak guna sama sekali! https://t.co/IZXsiJjWjI https://t.co/YA1QgonK4q,1880185064983777573,https://pbs.twimg.com/media/GhfCWR8aMAAWXe1.jpg,,in,,0,0,0,https://x.com/betinaayuranii/status/1880185064983777573,594200673,betinaayuranii
1880142528982458516,2025-01-17T08:14:26.000Z,1,"@DivHumas_Polri Ikhlas apane ?.
Lapor tindak kriminal/pidana ke polsek klo ngga ada ""UANG ROKOKNYA"" TDK PERNAH DIPROSES DGN BAIK &amp; BENAR.
Pdhal gaji Polisi dr pajak rakyat
Nggosah pakai AYAT2 AGAMA, tunjukkan aja KINERJA YG BAIK &amp; BENAR, itu sdh melebihi makna ayat.",1880166776958570656,,DivHumas_Polri,in,,0,0,0,https://x.com/mbahGandalf/status/1880166776958570656,1964748001,mbahGandalf
1880154428013187468,2025-01-17T07:39:17.000Z,8,"@ninok_snow Polisi itu kebutuhan masyarakat. Kita, dompet kena copet saja, langsung kepikiran untuk ""curhat"" ke polisi. Mengkritik kinerja kepolisian itu wajib, tapi bukan karena membenci polisi.",1880157931037159501,,ninok_snow,in,,0,6,2,https://x.com/islah_bahrawi/status/1880157931037159501,1619899748387000322,islah_bahrawi
1879786003474628748,2025-01-17T02:15:46.000Z,0,@DivHumas_Polri Polisi harus berubah total kalau enggak percuma posting kinerja,1880076515557405018,,DivHumas_Polri,in,,0,0,0,https://x.com/IyusSofyan7/status/1880076515557405018,888286198099197954,IyusSofyan7
1879153847761064305,2025-01-18T21:28:10.000Z,0,"@tukin_dosenASN @Kemdiktisaintek Mantap nih, aturan baru yang bisa buat kinerja polisi makin oke!",1880728914966016176,,tukin_dosenASN,in,,0,0,0,https://x.com/Deadmau2097/status/1880728914966016176,949802443,Deadmau2097
1879399516409155972,2025-01-17T00:25:32.000Z,0,@03__nakula Serius ini ??? Kinerja polisi jadi begini parah??? Ngga malu jadi polisi makan gaji buta ngga berguna??,1880048776175579342,,03__nakula,in,,0,0,0,https://x.com/hendrohadmoko/status/1880048776175579342,1005601419791982592,hendrohadmoko
1879923819789562241,2025-01-17T00:20:44.000Z,0,"@SuryoUdoro @Heraloebss @purnomo_baik @Purnomodttrad52 Citra polisi baik itu tunjukan kinerja baik, bukan dgn propaganda ngonten.",1880047567129702542,,SuryoUdoro,in,,0,1,0,https://x.com/Capitalisborju/status/1880047567129702542,1826162869123346432,Capitalisborju
1879915699822555290,2025-01-16T23:04:15.000Z,3,"@dhemit_is_back @Pakbhabin_id Pak babin,ikut medsos X ini murni piyan u/cari popularitas saja apa ditugaskan humas polri,aku liat sejak piyan posting itu polisi yg melakukan tugas yg baik saja
Sedangkan kita mempertanyakan oknum2 polisi yg kinerja buruk dan diviralkan  netijen piyan diem saja nggak gubris🙏",1880028321041522885,,dhemit_is_back,in,,0,1,0,https://x.com/terisera35533/status/1880028321041522885,1815365624526442496,terisera35533
1879786083107635468,2025-01-16T23:01:13.000Z,1,"@DivHumas_Polri maaf pak.. baiknya dg mendapat anggaran terbesar ke-2 setelah kemenhan, hrsnya menunjukkan kinerja yg paling bagus... masak membantu pagar bambu 30KM gk bisa? harusnya polisi tampil paling depan dan segera melaporkan hasilnya..

cc @prabowo @ListyoSigitP",1880027555400675744,,DivHumas_Polri,in,,0,0,0,https://x.com/petaroenk451/status/1880027555400675744,1603519410584817665,petaroenk451
1879858576682033250,2025-01-16T11:49:45.000Z,0,"POLISI AKAN MENUTUPI KARENA TAK INGIN CITRANYA MAKIN HANCUR YG SEJATI NYA SUDAH LEBUR BERANTAKAN DIMATA RAKYAT!!. 

RAKYAT SUDAH BISA MENILAI KINERJA INSTITUSI POLRI YG MAKIN HANCUR TAPI ANEHNYA PIMPINANNYA GAK TAU MALU!!. 
BISA TERTAWA TANPA RASA MALU!! 

https://t.co/q9OmtVS6Ch",1879858576682033250,,,in,,0,0,0,https://x.com/M17522147/status/1879858576682033250,891883949571457024,M17522147
1879717969259114704,2025-01-16T02:31:01.000Z,0,"Pak Polisi ndak usah klarifikasi, nanti malah dikira ngeles. Lebih baik langsung tunjukkan kinerja nyata.",1879717969259114704,,,in,,0,0,1,https://x.com/elmanohara/status/1879717969259114704,185140487,elmanohara
1879068833765568709,2025-01-15T07:56:11.000Z,0,@DivHumas_Polri tetep aja respon nya pada negatif 😭 mamam tuh puas atas kinerja polisi,1879437409584304351,,DivHumas_Polri,in,,0,0,0,https://x.com/strrgwyr/status/1879437409584304351,124216298,strrgwyr
1879377151562313822,2025-01-15T06:25:44.000Z,3,"@NgkongRoses Hampir 100 hari kinerja para menteri Kabinet PS, mayo udh ngga bener/ngga becus kinerjanya.
Di bdg keamanan: Polisi kinerjanya ancur, TNI sdh mulai mirip kelakuannya, ormas KANG PALAK slg berantem, KKP nungguin maling (pemilik pager bambu di laut disuruh mengaku). https://t.co/N5hfFXMEd6",1879414648459649515,https://pbs.twimg.com/media/GhUFqHnbQAAZNEl.jpg,NgkongRoses,in,,0,1,2,https://x.com/mbahGandalf/status/1879414648459649515,1964748001,mbahGandalf
1879373756805857613,2025-01-15T04:35:41.000Z,0,"@ferdinand_mpu Sangat mewakili Perasaan Rakyat kecil Apa yg Abang Sampaikan.
Sudah Sangat MUAK melihat kinerja Aparat dan Pejabat Negeri ini.
Lbh Miris lg Ada Seorang Profesor IPB yg menghitung Kerugian Negara terkait Tambang Timah,malah dilaporkan Ke Polisi.
Pdahal bliau sbg Saksi Ahli 😭😭",1879386954053415400,,ferdinand_mpu,in,,0,0,0,https://x.com/Hans_prayoga70/status/1879386954053415400,881489755782791169,Hans_prayoga70
1879012088947126401,2025-01-15T03:20:37.000Z,0,"@DivHumas_Polri Mantap, Pak Polisi.. Banyakin konten bahwa di POLRI masih banyak orang baik dan bisa bekerja dengan profesional.. Kasih reward buat yang kinerja nya bagus",1879368060043510262,,DivHumas_Polri,in,,0,0,0,https://x.com/NewsAnch0rr/status/1879368060043510262,1447037181353095168,NewsAnch0rr
1880199151599907246,2025-01-17T16:17:50.000Z,20,"@Mdy_Asmara1701 Kinerja polisi dan para jaksa banyak diragukan oleh masyarakat Indonesia, ini gaji polisi dan jaksa dinaikkan. Mbok klo ngomong pakai akal sehat jgn asal mangap saja",1880288431630348599,,Mdy_Asmara1701,in,,0,0,3,https://x.com/KinkinAsikin1/status/1880288431630348599,967247533553561601,KinkinAsikin1
1881847172226031647,2025-01-21T23:31:43.000Z,0,"Sama kasus kaya ibu saya. 

Kena tipu di ATM sebuah mininarket, tanpa sadar terkuras isi ATMnya. Laporan sudah, kasih bukti CCTV yg jls2 keliatan muka penipunya ud, tp sampai detik ini ga ada perkembangan apa2. 

Itulah knp saya kurang respect sama kinerja polisi di negara ini",1881847172226031647,,,in,,0,0,0,https://x.com/yesmar_banu/status/1881847172226031647,85495565,yesmar_banu
1881136139836547233,2025-01-21T22:40:47.000Z,0,@revhle Plot twist nya krn satpam dianggap villain rival dan kinerja lbh bagus ktimbang polisi makanya skenario nya membiarkan musuh polisi tewas tanpa ada justice keadilan yg ditegakkan,1881834355368284446,,revhle,in,,0,0,0,https://x.com/tidusshuyin/status/1881834355368284446,69863450,tidusshuyin
1881619280153977118,2025-01-21T13:20:44.000Z,0,"@Heraloebss Dikit2 polisi, kinerja udah parah gtu d kasih lahan basah lagi. Ada pemerintah dengan polisi? Ada apa ada apa??? Ngurusin laporan warga ga becus, d suruh ginian baru becus gtu? Wkkwkwkw",1881693413873193404,,Heraloebss,in,,0,0,0,https://x.com/TaufikT67278581/status/1881693413873193404,1599281519184732161,TaufikT67278581
1881653438087626846,2025-01-21T10:41:53.000Z,0,"Wooww... Keren banget kinerja pak polisi.. Akhirnya para pelaku Judol bisa di tangkap. Mantap jiwa
#StopJudol #BerantasJudol https://t.co/VgKlYmuk0N",1881653438087626846,https://pbs.twimg.com/media/Ghz51HeaoAATQFZ.jpg,,in,,0,0,0,https://x.com/NagaBatu354/status/1881653438087626846,1811019403791896576,NagaBatu354
1881643168867012898,2025-01-21T10:01:05.000Z,0,"makin gacor aja kinerja polisi. kalo gini masih ada harapan buat mutusin rantai judol di Indonesia. masalahnya korban udah bangak banget boyy.. jadi harus di tindak tegas!
#StopJudol #BerantasJudol https://t.co/2h1GuHcRme",1881643168867012898,https://pbs.twimg.com/ext_tw_video_thumb/1881643149036331008/pu/img/AI3aeSk7dLJZM4Bd.jpg,,in,,0,0,0,https://x.com/radianasw/status/1881643168867012898,1818131203205308416,radianasw
1881606521290998007,2025-01-21T09:11:58.000Z,0,"@kompascom Ditunggu pak, pengen tau lah kinerja polisi kek mana",1881630808861278402,,kompascom,in,,0,0,0,https://x.com/svn666kem/status/1881630808861278402,934114400465588225,svn666kem
1881621315112829163,2025-01-21T08:34:15.000Z,0,"Salut dengan kinerja Polisi. Karena Polri Sita Rp103,27 Miliar Hasil Judi Online, Terus Kobarkan Perang terhadap Kejahatan Siber

#StopJudol #BerantasJudol https://t.co/GQzHthmVwP",1881621315112829163,https://pbs.twimg.com/media/GhzcnBZaAAESo_p.jpg,,in,,0,0,0,https://x.com/tulusbongkeng/status/1881621315112829163,1836386232403922944,tulusbongkeng
1881580556179374090,2025-01-21T05:52:17.000Z,4,"Pemeriksaan ini bertujuan untuk memantau kondisi kesehatan para Pegawai Negeri pada Polri (PNPP) guna mendukung kinerja mereka dalam melayani masyarakat.

@HumasPoldaJatim 
@DivHumas_Polri 
#humaspolresjember
#polisibaikpolresjember
#polresjember
#akbpbayupratamagubunagi https://t.co/qErnlU68Z9",1881580556179374090,https://pbs.twimg.com/media/Ghy3bXHa0AAJk8E.jpg,,in,,0,0,0,https://x.com/Polisi_Jember/status/1881580556179374090,1245664133652967425,Polisi_Jember
1880892624984539327,2025-01-20T11:38:35.000Z,0,"@jawafess Positif aja,gak mungkin kan dia korup ..badan Segede gitu kan pasti sebagai polisi kinerja bagus...gak makan uang haram...",1881305317977579666,,jawafess,in,,0,0,0,https://x.com/Rstnc13/status/1881305317977579666,1820086535548747776,Rstnc13
1881302096601120981,2025-01-20T11:25:47.000Z,0,"Pimpin Apel Pagi Perdana, Kapolres Minsel Ingatkan Personel Tingkatkan Disiplin dan Kinerja Pelayanan 
https://t.co/TXD8oLSfpn 

#polresminsel 
#humasresminsel 
#StriveToBeTheBest 
@divisihumaspolri 
@halo_polisi 
@bidhumaspoldasulut 
@polisi_indonesia https://t.co/hiopvErpOL",1881302096601120981,https://pbs.twimg.com/media/Ghu6RK3aIAAi3Qs.jpg,,in,,0,0,0,https://x.com/polres_minsel/status/1881302096601120981,1100600441279135744,polres_minsel
1881232096041353305,2025-01-20T10:18:36.000Z,0,"@Adiprayitno_20 Kompas survey, kinerja polisi dalam sorotan, hasil survey 80 % puas, kenerja pemerintah ini juga, artinya kompas survey nya buzzeRp",1881285190259237051,,Adiprayitno_20,in,,0,0,0,https://x.com/AfriantoBambanh/status/1881285190259237051,1848703045036871682,AfriantoBambanh
1880861541462913427,2025-01-20T09:31:49.000Z,0,"@convomf jangan dulu di banned deh kata gua mah, dengan adanya flatporm tiktok gua jadi tau kinerja para polisi wkwkwk",1881273416562671980,,convomf,in,,0,0,0,https://x.com/xxmarsupilamixx/status/1881273416562671980,275360422,xxmarsupilamixx
1880998755589398818,2025-01-20T08:10:31.000Z,0,"@CiksAde @FerryCrlsSihnn @ethrlgrthv Melihat kinerja polisi sejauh ini sih, dugaan anda bisa sekali benar, amat sangat bisa sekali
Nembak orang aja berdalih korban mau tawuran plus ntah  dpt dr mana barbuk palsu berupa sajam",1881252955862827184,,CiksAde,in,,0,0,0,https://x.com/BABUsiOREN/status/1881252955862827184,725392477,BABUsiOREN
1881220885358764055,2025-01-20T06:03:05.000Z,0,"Pengecekan Kehadiran Personel, Wakapolres Aceh Jaya: 
Kedisiplinan Adalah Kunci Utama Dalam Mendukung Kinerja
Optimal Polri.

@spripim.polri
@divisihumaspolri 
@kapolda_aceh
@polripresisi
@polisi_peduli
@astacita
@ketahananpangan
@halo_polisi
@polisi_indonesia
@puspentni https://t.co/z8QphfHaie",1881220885358764055,https://pbs.twimg.com/media/GhtwbP3aIAEP-x2.jpg,,in,,0,0,0,https://x.com/Polresacehjaya/status/1881220885358764055,1093721168836681728,Polresacehjaya
1880843697132380316,2025-01-19T10:10:38.000Z,0,"@DivHumas_Polri Ada sih satu dua anggota polisi yang masih mengayomi, tapi kebanyakan ya gitu deh semuanya juga paham koq kinerja polisi",1880920798866948209,,DivHumas_Polri,in,,0,0,0,https://x.com/bangedotwit/status/1880920798866948209,1715538124372381696,bangedotwit
1880404833473294468,2025-01-19T07:45:23.000Z,0,"@CNNIndonesia Beginilah cara mencari uang, dikit-dikit bentuk TIM, apakah kerja TNI AL, APA KINERJA POLISI, jika POLISI TDK SANGGUP sebaiknya dibubarkan atau DPR DIBUBARKAN semuanya hanya menghabiskan uang sedangkan rakyat yg tdk mampu harus MAMPUS.",1880884244924494321,,CNNIndonesia,in,,0,0,0,https://x.com/Jonsontonga/status/1880884244924494321,1547040164366585857,Jonsontonga
1880843697132380316,2025-01-19T05:19:15.000Z,1,"@DivHumas_Polri harus diberitakan kinerja anggota Polisi sebanyak2nya di era gempuran media massa mau rusak citra Citra Polisi setiap hari , sebagai penyeimbang 👮",1880847467941712023,,DivHumas_Polri,in,,0,6,0,https://x.com/tekarok007/status/1880847467941712023,1184695438365974528,tekarok007
1880199151599907246,2025-01-19T04:18:13.000Z,0,@Mdy_Asmara1701 Apaaa gaji Polisi naik?? Kinerja buruk oi,1880832110359204090,,Mdy_Asmara1701,in,,0,0,0,https://x.com/Rembulan2202/status/1880832110359204090,1458391806488428550,Rembulan2202
1883294342540087382,2025-01-25T23:22:15.000Z,620,"𝗣𝘂𝗯𝗹𝗶𝗸 𝘀𝗲𝗺𝗮𝗸𝗶𝗻 𝘀𝗸𝗲𝗽𝘁𝗶𝘀 𝘁𝗲𝗿𝗵𝗮𝗱𝗮𝗽 𝗸𝗶𝗻𝗲𝗿𝗷𝗮 𝗣𝗼𝗹𝗿𝗶 𝗱𝗲𝗻𝗴𝗮𝗻 𝘁𝗲𝗿𝗸𝘂𝗮𝗸𝗻𝘆𝗮 𝗽𝗲𝗿𝗸𝗮𝗿𝗮 𝗶𝗻𝗶.

Menurut sorotan media Berita Satu, hingga kini belum ada klarifikasi atau pernyataan resmi dari Polri terkait oknum perwira menengah https://t.co/tFeswPSVbK",1883294342540087382,https://pbs.twimg.com/media/GiLONvfbIAAovWd.jpg,,in,,11,79,328,https://x.com/Naz_lira/status/1883294342540087382,992488238609678336,Naz_lira
1882792015588712903,2025-01-25T14:00:04.000Z,0,@W176Y6 @joeyakarta @adekoedin3 @PoldaJogja @sman3_smg Ga perlu saya cape2 giring opini jelek terhadap polisi karena orang2 bermoral &amp; berotak udah jelas banyak yg muak dgn kinerja polisi begok wkwk Sadar woy,1883152861821018587,,W176Y6,in,,0,2,0,https://x.com/epipremnumdrop/status/1883152861821018587,1598935461107761152,epipremnumdrop
1883003127647138119,2025-01-25T12:40:36.000Z,0,"@ahriesonta Ijin Pak, fungsinya apa buat award award gini? Ga membuat para polisi termotivasi buat kinerja baik dan jujur juga kyknya..",1883132863459336627,,ahriesonta,in,,0,0,0,https://x.com/gaexmudo/status/1883132863459336627,790508929,gaexmudo
1883104200118399470,2025-01-25T10:46:42.000Z,1,"Polresta Kendari Gelar Sertijab, Rotasi Jabatan Diharapkan Tingkatkan Kinerja Polisi https://t.co/Rg9hwsY4Zy",1883104200118399470,,,in,,0,1,0,https://x.com/Polres_kendari/status/1883104200118399470,1257527842453110784,Polres_kendari
1883072118075937244,2025-01-25T08:39:13.000Z,1,"Diskusi Panel dalam rangka Peningkatan Kinerja Kapolsek di Polda Jajaran guna mewujudkan Beyond Trust Polri secara Virtual yang dipimpin Irwasum Polri. Jum'at.24/01/2024 

Bila ada permasalahan dan butuh bantuan Polisi silahkan hubungi :

NO BANTUAN POLISI, WA 081370002110

""KAMI https://t.co/u1veVxIlJW",1883072118075937244,https://pbs.twimg.com/media/GiIEGeebwAAA_C4.jpg,,in,,0,1,1,https://x.com/sumsel_polda/status/1883072118075937244,1463305353773289477,sumsel_polda
1883003127647138119,2025-01-25T06:59:59.000Z,0,"@ahriesonta diadain awards biar kesannya kek polisi pada baik baik🤣 polisi pencitraan anjing

bukannya naikin kinerja, malah maen awards awards-an",1883047146209050632,,ahriesonta,in,,0,0,0,https://x.com/bocahingusans/status/1883047146209050632,1248124162670907395,bocahingusans
1883038357191819276,2025-01-25T06:25:04.000Z,11,"Setiap hari kok ada aja berita tentang polisi ya,gw jadi heran bhkn banyak dr mereka kemungkinan besar akan oknum pada waktunya,,
Jadi pengen gw bikin kliping biar bisa ditempel di mading sbg pengingat bhwa setiap hari ada saja kabar berita buruk ttg kinerja/prilakubdr mereka.",1883038357191819276,,,in,,1,240,2,https://x.com/Akdjohar/status/1883038357191819276,1123282525437042689,Akdjohar
1882666147755225312,2025-01-25T02:52:55.000Z,0,"@Mdy_Asmara1701 65.7% rusak
sisanya 34.3% baik
Artinya survey tsb sdh cukup mewakili logika masyarakat ttg kinerja polisi ✊😌",1882984969775268181,,Mdy_Asmara1701,in,,0,0,0,https://x.com/wisnuputro07/status/1882984969775268181,1509734424031920136,wisnuputro07
1882682356278182382,2025-01-24T07:06:10.000Z,0,@Jovanotrick @polda_maluku @DivHumas_Polri Sangat bangga dengan kinerja polri @polda_maluku dan @DivHumas_Polri benar benar bisa dirasakan oleh masyarakat indonesia. Semoga maju terus polisi indonesia dan bantuan yang diberikan bermanfaat untuk semua yang terdampak #POLRIBerbagi,1882686314950369709,,Jovanotrick,in,,0,0,0,https://x.com/Aditdutgiffar/status/1882686314950369709,1875903400820559872,Aditdutgiffar
1882297207535108458,2025-01-24T06:27:17.000Z,0,"@tempodotco Selagi kapolri nya tidak di Ganti oleh pk presiden prabowo maka jgn berharap kinerja polisi akan mengusut kasus koeupsi dan kasus pagar laut,karena kapolri yg sekarang ini orang nya mulyono,sama seperti yg di kata kan oleh ketum PDIP",1882676529416859907,,tempodotco,in,,0,0,0,https://x.com/RickyDiningrat1/status/1882676529416859907,1170251268633157632,RickyDiningrat1
1882637435047395708,2025-01-24T03:51:56.000Z,193,"Anggota Komisi III DPR Hasbiallah Ilyas mengusulkan tes psikologi secara berkala terhadap polisi.

Menurut dia, tes psikologi ditujukan kepada polisi dengan pangkat rendah, bukan yang berada di tingkat menengah. Ia juga meminta ada evaluasi terhadap kinerja dan penggunaan senjata https://t.co/qvWulVk9pf",1882637435047395708,https://pbs.twimg.com/media/GiB4kLuacAAtrq2.jpg,,in,,8,50,34,https://x.com/tempodotco/status/1882637435047395708,18129942,tempodotco
1882614076951654652,2025-01-24T02:19:07.000Z,0,"Akademisi &amp; mahasiswa ilmu hukum, ilmu kriminologi layak untuk melakukan riset tentang proses mekanisme &amp; metodologi investigasi dalam kinerja polisi. 
Polri harus terbuka untuk menjadi subjek penelitian mekanisme kerja &amp; metodologi investigasi yang selama ini sudah dilakukan.",1882614076951654652,,,in,,0,0,0,https://x.com/redgung/status/1882614076951654652,573331097,redgung
1882612998147338309,2025-01-24T02:14:50.000Z,0,"Mimpi mama ditangkap polisi karena urunan uang ke muridnya untuk murid yg sakit🥲 tapi ya saking jeleknya kinerja polisi sampe ke alam bawah sadar aku, pas ditelp ibu polisinya aku bilang ""bukannya polisi juga gitu ya Bu? Suka mintain uang ke yg butuh bantuan kalian?""😭😭😭😭😭😭",1882612998147338309,,,in,,0,1,0,https://x.com/vidyapidia/status/1882612998147338309,102593253,vidyapidia
1882251657549070427,2025-01-23T23:06:54.000Z,0,"@asumsico selain pejabat, polisi, dan satpol, diriku jg menemukan oknum guru pns yang kerjanya gak jelas kok. baiknya mmg dikaji ulang kinerja mereka ini",1882565701510238668,,asumsico,in,,0,0,0,https://x.com/bilbebelac/status/1882565701510238668,1227544283915276289,bilbebelac
1882297207535108458,2025-01-23T12:08:39.000Z,0,@tempodotco Hallo pak @prabowo?? Pripun Niki kepolisian adem ja dgn kasus laut dikapling2??? Pa perlu evaluasi kinerja kepala polisi??,1882400048128143364,,tempodotco,in,,0,0,0,https://x.com/FirmanSentosa22/status/1882400048128143364,1603701755115470848,FirmanSentosa22
1882297207535108458,2025-01-23T11:18:22.000Z,0,@68Supriyono @tempodotco Intinya pak @prabowo udah gak percaya sama kinerja polisi,1882387392885350571,,68Supriyono,in,,0,0,0,https://x.com/Bang_Mars39/status/1882387392885350571,1566470602629988353,Bang_Mars39
1882369787810193452,2025-01-23T10:08:24.000Z,0,"Anggota Kompolnas Choirul Anam menyoroti kinerja Kepolisian dan meminta polisi untuk menerima kritik dan masukan. Choirul juga menyoroti tentang fenomena 'No Viral No Justice' yang belakangan sering disuarakan oleh netizen. 

Menurut Choirul, polisi yang harus bekerja profesional https://t.co/RUjLLGcJ7s",1882369787810193452,https://pbs.twimg.com/ext_tw_video_thumb/1882369609590013952/pu/img/UiVnTX58Btkj109K.jpg,,in,,0,0,0,https://x.com/pikiran_rakyat/status/1882369787810193452,58880688,pikiran_rakyat
1882063955880984944,2025-01-23T02:43:03.000Z,1,"@kompascom Njiir, kinerja polisi &amp; KPK seancur itu tetep aja dinilai naik.",1882257711703945700,,kompascom,in,,0,0,0,https://x.com/sertikomlis/status/1882257711703945700,1423560162078445568,sertikomlis
1882056591790555347,2025-01-23T01:48:19.000Z,1,@LokalPendaki Efek turunnya taraf kepercayaan masyarakat pada kinerja Polisi,1882243936313581649,,LokalPendaki,in,,0,0,0,https://x.com/takBertujuan/status/1882243936313581649,174172543,takBertujuan
1881920310766932212,2025-01-22T16:40:05.000Z,0,"@eleanorr234 Polisi yang arif bijaksana saat menerima laporan:
""Lu Salah, lu gw hukum, kaga usah nyari-nyari yang nyebar, secara hukum dia dilindungi karena membantu kerja kepolisian dalam melawan kejahatan"".

Mantap Pak Polisi, lanjutkan kinerja apikmu.",1882105967015551270,,eleanorr234,in,,0,0,0,https://x.com/JimmYNWA_97/status/1882105967015551270,1955710040,JimmYNWA_97
1882628368937660919,2025-01-24T09:09:50.000Z,63,"@geloraco Walah Bu kinerja polisi saja sangat buruk akhir akhir ini, bersihin diri dulu baru ngomongin orang lain ..",1882717433586409502,,geloraco,in,,0,1,3,https://x.com/inkyangaktif/status/1882717433586409502,1455047104645111808,inkyangaktif
1882034309953191957,2025-01-22T11:55:20.000Z,0,"di area2 yg kinerja polisi nya blm optimal, seharusnya diperbolehkan sprti ini.",1882034309953191957,,,in,,0,0,0,https://x.com/mas_aro/status/1882034309953191957,81998798,mas_aro
1884193999952699910,2025-01-28T23:38:00.000Z,0,"@mana_buktinya Polisi udah pernah mencoba menampilkan citra baik kinerja melalui acara 86, tp ternyata lebih banyak blundernya dibanding baiknya. Akhirnya ya ini, pake sosmed isinya mandi2in orang 👀",1884385469296959660,,mana_buktinya,in,,0,0,0,https://x.com/letihgundah/status/1884385469296959660,1388030280489787394,letihgundah
1884210173012762877,2025-01-28T23:06:02.000Z,8,"@mrcorleoneeeeee @islah_bahrawi Dikampung saya ada jalanan lurus mulus sepanjang 1 km. Jalanan itu sering digunakan pemuda tidak bertanggung jawab untuk tes balap liar. Setelah adanya polisi tidur, tidak pernah ada lagi balap liar. Saya selalu mengapresiasi kinerja polisi tidur di kampung saya.",1884377425368543595,,mrcorleoneeeeee,in,,0,1,0,https://x.com/anerta30/status/1884377425368543595,1160274878345314306,anerta30
1884372401846460538,2025-01-28T22:46:05.000Z,10,Citra polisi baik di antara banyaknya polisi² korup dan perilaku buruk  untuk mengcounter attack sudah tidak tertolong. Jalan satu²nya ganti Kapolri yang berani merombak total kinerja dan mental anak buahnya. Ada yang begitu??,1884372401846460538,,,in,,0,2,0,https://x.com/_riverheaven/status/1884372401846460538,975389335775199232,_riverheaven
1883766760408821925,2025-01-28T18:25:22.000Z,0,"@JakPalestine19 @arddhe @Purnomodttrad52 Tentu ada polisi baik yang kerjanya benar, tp setelah melihat berita yg berseliweran bbrp tahun belakangan ini ttg kelakuan polisi yg waduh, jelas tingkat kepercayaan pd instansi mereka sdh jebol  jauh ke bawah. Makanya drpd main medsos, mending kerja, perbaiki kinerja. 👍",1884306791884021795,,JakPalestine19,in,,0,0,0,https://x.com/Rujakkks262598/status/1884306791884021795,1645033988996870144,Rujakkks262598
1884301693741064646,2025-01-28T18:05:07.000Z,0,"waalaikumsalam, ini memang tugas polisi ya gais yaa, mengayomi, melindungi, dan melayani. bukan menembak, membunuh dan memfitnah. oh ya udah kewajiban kita mempertanyakan dan mencemooh kinerja mereka karena kita bayar pajak",1884301693741064646,,,in,,0,1,0,https://x.com/sitululluv/status/1884301693741064646,1190236184078733312,sitululluv
1884210303652782449,2025-01-28T17:10:07.000Z,0,"3. Narsisme, saya selalu mengapresiasi kinerja polri ketika berhasil menangkap/ ungkap sebuah kejahatan tapi yg saya kurang setuju adalah hal tersebut dijadikan ajang keren2an padahal ya sudah sewajarnya polisi nanhkap maling atau chef masak terus masakannya enak.",1884287852974072249,,tehtehapayang,in,,0,1,0,https://x.com/tehtehapayang/status/1884287852974072249,218780461,tehtehapayang
1884193999952699910,2025-01-28T16:18:44.000Z,1,"@mana_buktinya Banyak memang yg perlu dikritik dari kinerja polri, tapi menyebarkan kebaikan ""manusiawi"" yang bukan tupoksi polisi ya oke juga.. biar masy yg menilai.. siapa tau jg dari sini byk polisi yg tergugah utk bekerja dgn lebih baik melayani masy",1884274925109928346,,mana_buktinya,in,,0,1,0,https://x.com/Pamankarta/status/1884274925109928346,1704863099629731840,Pamankarta
1884243462540947920,2025-01-28T14:13:43.000Z,1,"Polda Sumut Tuntaskan Kasus Pencemaran Nama Baik di Media Sosial, Ketua DPW PWDPI SUMUT  Apresiasi Kinerja Polisi https://t.co/XNBMhCwiG6",1884243462540947920,,,in,,0,0,0,https://x.com/KabarNgetren/status/1884243462540947920,444928010,KabarNgetren
1884210173012762877,2025-01-28T12:01:26.000Z,604,"Saya yakin, yg sangat membenci polisi pun membutuhkan polisi dalam situasi begini. Jadi, mengkritisi kinerja POLRI itu wajib. Tapi jangan membenci buta, karena stabilitas keamanan itu kebutuhan. Masyarakat bersama POLRI harus saling menguatkan, bukannya saling menjatuhkan.",1884210173012762877,,,in,,63,376,120,https://x.com/islah_bahrawi/status/1884210173012762877,1619899748387000322,islah_bahrawi
1883712332167315472,2025-01-28T11:08:33.000Z,0,"@DS_yantie Di SS ada bothnya Polisi, kalau lapor ke SS sejawatimur banyak yg dengar kalau sampai ga jalan laporanya ya tahu sendiri. Tapi cara SS ini baik utk meningkatkan kinerja Polisi.",1884196862183477640,,DS_yantie,in,,0,0,0,https://x.com/kiki_setya/status/1884196862183477640,158780725,kiki_setya
1883750042781233558,2025-01-28T10:26:09.000Z,0,"@el_avraham Betul. Pak @Purnomodttrad52 bisa dibilang warga negara yang baik. Tapi sebagai Polisi, ya ngga tau. Kan kinerja sebagai Polisinya tidak dipublikasikan. Yg dipublikasikan kan kegiatan sosial sebagai warga sipil (ingat, mengurus ODGJ itu bukan tugas personel Polisi).",1884186192872386664,,el_avraham,in,,0,0,0,https://x.com/KuroKaitou/status/1884186192872386664,458498079,KuroKaitou
1884164482588688430,2025-01-28T08:59:53.000Z,0,"Kalau Orang Pernah Menjadi Polisi, Sedikit BanyakX Ia Tahu Tentang Kinerja Polisi.",1884164482588688430,,,in,,0,0,0,https://x.com/AnsyariNasrull2/status/1884164482588688430,1490014209840533511,AnsyariNasrull2
1884143846285791459,2025-01-28T08:57:49.000Z,1,"@vicko_twitt @__AnakKolong @setkabgoid @DivHumas_Polri #KOMPOLNAS bilang, citra #Polri turun krn tugasnya kompleks.

Oknum² #polisi yg jumlahnya mayoritas berkompi² yg berbuat kriminalitas &amp; bikin kasus dimana², itu yg buat citra Polri turun.

Slama #Kapolri nya msh ternak @Jokowi .. gak bakal beres kinerja #presidenPrabowo

@prabowo",1884163961668657381,,vicko_twitt,in,,0,0,0,https://x.com/fransisca_ning/status/1884163961668657381,1598118226759933952,fransisca_ning
1884140627270774806,2025-01-28T07:25:05.000Z,0,"Alhamdulillah 
Bapak2 Selalu Jadi Pengayom Masyarakat.
Ini Berita Bagus untuk Kepolisian
Pasti Pak Sigit Senang dgn Kinerja Bawahan nya.
Beliau semakin enjoy di pusat dgn hidup hedon nya.
Tetap jadi polisi yg Baik bapak"" polisi✊☺️",1884140627270774806,,,in,,0,0,0,https://x.com/GStidy/status/1884140627270774806,1626003180080472064,GStidy
1884118524874076235,2025-01-28T05:59:08.000Z,0,"Gua beberapa nonton film jepang atau korea, di film itu instansi polisi kinerja kaya keren banget. Kalo di indonesia keknya gabisa wkwk",1884118993902198875,,DSwibi,in,,0,0,0,https://x.com/DSwibi/status/1884118993902198875,1091358473688801280,DSwibi
1884118524874076235,2025-01-28T05:57:16.000Z,0,"Gaperlu konten, banyakin film yang nunjukin kinerja polisi itu keren aja coba. Keknya gabisa deh wkwkwk",1884118524874076235,,,in,,0,1,0,https://x.com/DSwibi/status/1884118524874076235,1091358473688801280,DSwibi
1883795783474155750,2025-01-28T05:22:56.000Z,1,"@Yadiesupri1 @skyphiiii @aromapetrikorr Udh ada brp kasus polisi salah tembak mas? Itu bukti klo kinerja aparat kita masih ga bagus. Opini2 sperti diatas ya bentuk kekecewaan publik thdp kinerja mereka. Terima, evaluasi, berbenah. Udah.",1884109883924177342,,Yadiesupri1,in,,0,0,0,https://x.com/magentajingga_/status/1884109883924177342,1850706958036430848,magentajingga_
1884077263488180508,2025-01-28T03:13:18.000Z,15,"Penelitian terhadap model kinerja polisi di Indonesia - responden ada 551 polisi - menemukan bahwa Silent Behavior (Perilaku Diam) dari para polisi memprediksi penurunan kinerja POLRI.

Faktor lain yang perlu diwaspadai adalah ""Kekompakan"" (dlm makna ttt) 
https://t.co/t6WCdxEqpn https://t.co/OZRp2opYeb",1884077263488180508,https://pbs.twimg.com/media/GiWWRY1aYAAhDGN.jpg,,in,,1,0,7,https://x.com/junemanabraham/status/1884077263488180508,190885140,junemanabraham
1883679610883514548,2025-01-28T02:52:45.000Z,0,"@Purnomodttrad52 makanya lu lu yang pad ajadi polisi itu berkaca, gimana ancurnyakinerja instansi lu selama ini. jadi ya wajar lu dicap pencitraan, dihina dan dicaci maki masyarakat.

daripada kebanyakan ngurusin medsos, mending tingkatin kinerja di lapangan biar slogan lu terbukti!",1884072090925687275,,Purnomodttrad52,in,,0,0,0,https://x.com/bocahingusans/status/1884072090925687275,1248124162670907395,bocahingusans
1884048313063989550,2025-01-28T01:18:16.000Z,0,"Luar biasa kerjanya pak polisi, sudah saatnya pak prabowo harus mereformasi besar -besaran kepolisian mulai atasan sampai bawahan atas kinerja yg sangat lambat dalam menangani pagar laut sepanjang 30 km.https://t.co/ihNSLjYglo",1884048313063989550,,,in,,0,0,0,https://x.com/BasukiOktober/status/1884048313063989550,1630586506900561920,BasukiOktober
1883631773386694949,2025-01-27T19:58:13.000Z,0,"@Purnomodttrad52 @Didinwidod63686 tapi berapa % dari polisi kyk sampean yg mampu &amp; bisa membenahi instansi? seriusan kerjone humas Polri iki ngenes pak, citra kinerja bagus ada tp oknum berkelakuan buruk terus ke blow up.",1883967771446501720,,Purnomodttrad52,in,,0,0,0,https://x.com/Goodwindology/status/1883967771446501720,593490220,Goodwindology
1883762619661914500,2025-01-27T17:54:54.000Z,0,"@indikatorcoid Kabinet gemuk, menteri2 dan wamen bermasalah hukum, kekerasan yg dilakukan Polisi, koruptor diampuni jika kembalikan hasil koruptor diam, Dollar diatas 16 ribu,dll.

Masuk akalkah dengan kontroversi2 di atas, lebih dari 20% Non 02 voter puat dgn kinerja pemerintahan Prabowo?",1883936735085924816,,indikatorcoid,in,,0,0,0,https://x.com/PasTIGAma2024/status/1883936735085924816,1748501226646585344,PasTIGAma2024
1883851256822919298,2025-01-27T17:04:16.000Z,0,"@infoXwor_ Setahu aku Pak Purnomo ini orangnya baik, dia sering nolong orang, kayak ODGJ gitu, jadi kenapa dihujat? Cuma karena benci sama kinerja polisi, gak semua harus dihujat kan",1883923995596300416,,CiervoKing,in,,0,2,0,https://x.com/dilaselalubenar/status/1883923995596300416,1112011945442316289,dilaselalubenar
1883887555890032851,2025-01-27T17:03:40.000Z,3,"@Purnomodttrad52 Ga paham sama ""kinerja"" dan ""fungsi"" polisi disitu, mohon penjelasannya. Biar masyarakat awam seperti saya tau dan tidak terjerumus ke pemikiran buruk tentang polisi yg malah seolah bekerja bukan sesuai job desk nya. Atau bahkan ingin segera ""mengubur"" masalah pagar bambu. 🙏🏻",1883923842697146690,,soredankopi,in,,0,0,0,https://x.com/soredankopi/status/1883923842697146690,140014063,soredankopi
1883679610883514548,2025-01-27T13:49:56.000Z,0,"@Purnomodttrad52 @Jateng_Twit Sangat boleh pak, siapapun berhak bersosmed dgn tujuan apapun. Tp utk skg memang anda gak bs mengelak kalo citra polisi sdh sangat buruk. Cukup perbaiki saja kinerja instusi anda, gak perlu dipoles nanti jg akan baik2 sendiri",1883875088677978252,,Purnomodttrad52,in,,0,0,0,https://x.com/haraudibarkah/status/1883875088677978252,1431590454651285514,haraudibarkah
1883679610883514548,2025-01-27T13:38:07.000Z,0,"@Purnomodttrad52 Salah platform kalian. Warga disini gak goblok. Mau bikin 1000 akun &amp; konten pencitraan tiap hari, citra kalian ya bakal tetep buruk sampe kapanpun. Mending waktunya dipake buat evaluasi, perbaiki kinerja. Rakyat gabutuh polisi baik, cuma butuh polisi yg melakukan tugasnya.",1883872115746865624,,Purnomodttrad52,in,,0,0,0,https://x.com/notyourpalll/status/1883872115746865624,1455570753491914754,notyourpalll
1883870653583159397,2025-01-27T13:32:19.000Z,0,"Polisi mau memperbaiki citra pakai kinerja, bukan sosmed satu dipegang admin banyak gini. Bukan pke buzzer juga.

Logika berpikirnya tolong diperbaiki",1883870653583159397,,,in,,0,0,0,https://x.com/lumierexml/status/1883870653583159397,780277950855929856,lumierexml
1883679610883514548,2025-01-27T12:58:56.000Z,0,"@Purnomodttrad52 Kalo citra buruk itu perbaiki kinerja.

Polisi yg megang barbuk bohongan kasus gama uda ditindak? Kasus banyak yg mandek malah pencitraan menebar kebaikan di sosmed. Perahu bocor itu dibenerin, bukan dicat.",1883862255269445851,,Purnomodttrad52,in,,0,0,0,https://x.com/thecandiedmoon/status/1883862255269445851,902533196574625793,thecandiedmoon
1883679610883514548,2025-01-27T09:55:41.000Z,0,"@Purnomodttrad52 Saranku pak, gk perlu terlalu merespon netizen. 

Sebab mereka seperti itu akibat dari apa yg telah diperbuat polisi itu sendiri, kekecewaan dan ketidakpercayaan sudah alami. 

Anggap saja semua ini penghapus dosa, diterima saja. 

Fokus di kinerja sesuai UU. 
Nanti akan pulih",1883816137793888440,,Purnomodttrad52,in,,0,0,0,https://x.com/gebethcalled/status/1883816137793888440,1382695780994154502,gebethcalled
1883077561292632353,2025-01-27T09:02:44.000Z,0,"@TukangBedah00 Buat apa sih ada polisi? Kok isinya bnyk oknum. Anggaran besar buat mereka, kinerja malah memainkan, memanipulasi, melawan hukum",1883802810543923240,,adanginyah,in,,0,0,0,https://x.com/yusufguwogrogol/status/1883802810543923240,1470010432567975938,yusufguwogrogol
1883801289647358457,2025-01-27T08:56:41.000Z,0,"DI BENCI RAKYAT BUKANNYA TAU DIRI MALAH SEMAKIN MENJADI KELAKUAN POLISI DI NEGERI INI!!. 

JANGAN DIAM SAJA @ListyoSigitP!!. 
MESKI ANDA DIAM SERIBU BAHASA,RAKYAT GAK AKAN BERHENTI MENGKRITIK KINERJA ANDA YG GAK MAMPU MENJALANKAN AMANAH!!. 

@prabowo

https://t.co/vecyq0amJf",1883801289647358457,,,in,,0,0,0,https://x.com/M17522147/status/1883801289647358457,891883949571457024,M17522147
1883480924274528404,2025-01-27T07:30:40.000Z,0,"@MasQomaru @Jateng_Twit Suudzon palamu

Lu kira kantor polisi itu perusahaan? Mereka digajih pake pajak masyarakat ya, kalau kinerja mereka jelek ya harusnya dipecat dong bukan dimutasi doang

Nih ngomong sama orang ini https://t.co/fYA4Ou5o3x",1883779642760606033,https://pbs.twimg.com/media/GiSHmg7bcAAp0RU.jpg,MasQomaru,in,,0,1,0,https://x.com/irsyadul_aja/status/1883779642760606033,1945973528,irsyadul_aja
1883679610883514548,2025-01-27T06:20:33.000Z,112,"@Purnomodttrad52 Ya, mmg hak rakyat/warga utk menilai kinerja &amp; integritas aparat &amp; institusi penegak hukum.

Jk msh ada, atau bahkan byk, yg skeptis.. ya itu konsekuensi yg hrs diperoleh dr kinerja polisi selama ini. Wajar. Tak perlu baper atau resah

Warga yg berhak resah jk aparat suka berulah",1883761997281697983,,Purnomodttrad52,in,,0,3,21,https://x.com/joeyakarta/status/1883761997281697983,295306701,joeyakarta
1883759257419706834,2025-01-27T06:09:40.000Z,39,"Ya, mmg hak rakyat/warga utk menilai kinerja &amp; integritas aparat &amp; institusi penegak hukum.

Jk msh ada, atau bahkan byk, yg skeptis.. ya itu konsekuensi yg hrs diperoleh dr kinerja polisi selama ini. Wajar. Tak perlu baper atau resah

Warga yg berhak resah jk aparat suka berulah",1883759257419706834,,,in,,0,3,9,https://x.com/joeyakarta/status/1883759257419706834,295306701,joeyakarta
1883758694883906043,2025-01-27T06:07:26.000Z,0,"Sayang sekali kalimat yang baik diawal menjadi tergerus nilainya dg 2 kata diakhir “para pembenci”. 

Para pembenci ini siapa maksud bapak ? Jika penjahat atau orang yg melanggar hukum kemungkinan besar benar “benci polisi” karena takut ditangkap. 

Namun jika label “para",1883758694883906043,,,in,,0,0,0,https://x.com/RikeSants/status/1883758694883906043,1389046349895663616,RikeSants
1883747937676836937,2025-01-27T05:24:41.000Z,0,"Gw sih bodo amat ya mau polisi bikin account X, toh gak ngaruh ke kinerja mereka kn? Tetep aja nganu wkwkwo",1883747937676836937,,,in,,0,0,0,https://x.com/yourpadawann/status/1883747937676836937,252440962,yourpadawann
1883631773386694949,2025-01-27T04:00:41.000Z,0,"@bajokng @Purnomodttrad52 Gebyah uyah maksudnya gmana?? Oknum kok sering mas?? Itu namanya bukan oknum, tapi uda sistematis dan itu ga bisa diperbaiki dg kinerja individu polisi level bawah",1883726800939090351,,bajokng,in,,0,1,0,https://x.com/rudyno1/status/1883726800939090351,1978445610,rudyno1
1883679610883514548,2025-01-27T02:12:23.000Z,0,"@Purnomodttrad52 Boleh pak,harusnya anda mendapatkan jbatan kapolri agar framing thd citra buruk kinerja polri bisa panjenengan rubah menjadi polisi baik.Nuwunsewu,di depan mata kami sering disajikan perilaku polisi yg jauh dr kata baik. Sehingga pak purnomo polisi baik 1 kalah polisi jahat 50",1883699542526431491,,Purnomodttrad52,in,,0,0,0,https://x.com/sandyprak/status/1883699542526431491,947861402089222144,sandyprak
1883424678590529937,2025-01-27T01:13:39.000Z,0,"@slam28559 @Beritasatu kita tahu kan polisi kek gimana
yuk semua tandatangani petisi ini
https://t.co/8Jx1ZUfuX0
desak pemerintah mereformasi polisi
pecat polisi yg menambak rakyat sipil
kurangi anggaran polisi di APBN
evaluasi kinerja polisi, kalau suka nyusahin rakyat ya pecat",1883684763317440547,,slam28559,in,,0,0,0,https://x.com/t4rmngt67ytt647/status/1883684763317440547,1730110418708987904,t4rmngt67ytt647
1883631773386694949,2025-01-26T23:30:50.000Z,2,@Purnomodttrad52 Selamat pagi Pak! Selama kinerja polisi masih lebih rendah kualitasnya dibanding damkar saya rasa masih bakal banyak yang akan mengkritik. Kritik bukan hate. Dan tentu saja masyarakat selalu menilai.,1883658887485849616,,Purnomodttrad52,in,,0,0,1,https://x.com/uberfunk/status/1883658887485849616,29174587,uberfunk
1884266171882692917,2025-01-28T15:43:58.000Z,0,https://t.co/mHR2jo5pcC,1884266171882692917,,,zxx,,0,0,0,https://x.com/Baranewsaceh/status/1884266171882692917,2847746144,Baranewsaceh
1884266052189872224,2025-01-28T15:43:29.000Z,0,https://t.co/k9htG6CTXl,1884266052189872224,,,zxx,,0,0,0,https://x.com/Baranewsaceh/status/1884266052189872224,2847746144,Baranewsaceh
1884264848776937664,2025-01-28T15:38:42.000Z,0,https://t.co/yTpdKcVmLm,1884264848776937664,,,zxx,,0,0,0,https://x.com/Baranewsaceh/status/1884264848776937664,2847746144,Baranewsaceh
1884264744946934160,2025-01-28T15:38:17.000Z,0,https://t.co/tJN8YQOoY1,1884264744946934160,,,zxx,,0,0,0,https://x.com/Baranewsaceh/status/1884264744946934160,2847746144,Baranewsaceh
1884264299096625215,2025-01-28T15:36:31.000Z,0,https://t.co/Lg18MbUdJ6,1884264299096625215,,,zxx,,0,0,0,https://x.com/Baranewsaceh/status/1884264299096625215,2847746144,Baranewsaceh
1884264174102118584,2025-01-28T15:36:01.000Z,0,https://t.co/Q6c0BIgrCc,1884264174102118584,,,zxx,,0,0,0,https://x.com/Baranewsaceh/status/1884264174102118584,2847746144,Baranewsaceh
1883364046076010739,2025-01-26T10:41:19.000Z,0,@msaid_didu Kebanyakan duit haramnya. Gaji dari pajak rakyat yg hrusnya jdi halal pun ikutan haram krna rakyat ga ridho sama kinerja nya. KLO kami beruntung kami bisa lihat laknat Allah pada para polisi didunia. Terlalu jahat mereka🤬,1883465235169952024,,msaid_didu,in,,0,0,0,https://x.com/astuti_tit16915/status/1883465235169952024,1741336428750258176,astuti_tit16915
1883450160061333680,2025-01-26T09:41:25.000Z,6,"Saya tidak memilih karena tidak ada yg kenal mereka, baik secara pribadi mau kinerja mereka.

Secara umum sy sebagai rakyat menilai kinerja polisi tidak memuaskan.",1883450160061333680,,,in,,0,1,1,https://x.com/DoankWarto/status/1883450160061333680,938664737369341952,DoankWarto
1885452726643163227,2025-01-31T22:18:54.000Z,0,"Coba pak tanya ke rakyat langsung, gmn kinerja polisi , apakah pro rakyat ?",1885452726643163227,,,in,,0,0,0,https://x.com/smanansah135326/status/1885452726643163227,1685165086028234753,smanansah135326
1885248867169689734,2025-01-31T21:18:14.000Z,0,@pejabrut Kejaksaan &amp; polisi tanpa efisiensi. Lembaga super korup minim kinerja,1885437459015897411,,pejabrut,in,,0,0,0,https://x.com/Djiamput1/status/1885437459015897411,1210758484850966528,Djiamput1
1885285611894169824,2025-01-31T20:29:02.000Z,0,"@kompascom Jebakan Betmen lagi aja !
Salah satu kerusakan bangsa ini, karena kinerja polisi.
Rakyat melapor tapi jadi tersangka, hukum jadi sungsang. 
""Ujung²nya ada cuan kami bertindak, gak ada cuan anda jadi tersangka"" .
#JejakDigitalFakta",1885425076272849344,,kompascom,in,,0,0,0,https://x.com/iwan_ikur/status/1885425076272849344,1704823790377828352,iwan_ikur
1885406151879385393,2025-01-31T19:13:50.000Z,0,"Gila segini gedenya efisiensi anggaran di semua lembaga, Kepolisian nggak kena efisiensi sama sekali?? Sakti sekali sodara...

Apakah rakyat twitter Indonesia sudah puas dengan kinerja polisi Indonesia saat ini??",1885406151879385393,,,in,,0,0,0,https://x.com/jengglongan/status/1885406151879385393,2897183448,jengglongan
1885337799790125208,2025-01-31T15:47:12.000Z,1,"@JhonSitorus_18 Terobosan keren apa si bang, mantan Gubernur saya pak @ganjarpranowo udah lama bikin aturan ini. Polisi nya aja yg lemot. Kinerja nya bobrok.",1885354152907403321,,JhonSitorus_18,in,,0,0,1,https://x.com/reza_nukleuz/status/1885354152907403321,97596431,reza_nukleuz
1885328567082639800,2025-01-31T14:08:21.000Z,0,"Kebanyakan gimmick, kinerja gak bener. Kalau ada kebijakan peralihan hak penerbitan SIM tidak lagi di bawah institusi polisi juga bakal kejang-kejang itu satuan.",1885329273080402285,,LFCholis,in,,0,0,0,https://x.com/LFCholis/status/1885329273080402285,1070394685,LFCholis
1885285611894169824,2025-01-31T13:31:22.000Z,0,"@kompascom Halaaa....fakta lapangan lain, Kapolri sudah punya akun X saja kinerja polisi makin amburadul",1885319968910381096,,kompascom,in,,0,1,0,https://x.com/JELAS_SEKALI/status/1885319968910381096,1704826213842481152,JELAS_SEKALI
1885312530224169359,2025-01-31T13:01:49.000Z,0,"Polisi dong. Anggaran gede, ga kena efisiensi lagi. Pertanggungjawaban kinerja dan anggarannya? Hambuh 🤣",1885312530224169359,,,in,,0,0,3,https://x.com/ask_rizqi/status/1885312530224169359,409591666,ask_rizqi
1881956333324476905,2025-01-31T12:25:37.000Z,0,"@RacoonEntID Fitnah boleh datang, tapi kinerja baik polisi akan selalu terbukti.",1885303421894578188,,RacoonEntID,in,,0,0,0,https://x.com/johnkarlsbaltaz/status/1885303421894578188,448030959,johnkarlsbaltaz
1885232943054094545,2025-01-31T07:45:34.000Z,0,"Prabowo : Ciri negara gagal jika polisi dan TNI nya gagal. 
Coba di survei litbang kompas, kinerja polisi dan TNI kita ini prosentasenya apakah setinggi kepuasan publik thd @prabowo ??
🤔🤔",1885232943054094545,,,in,,0,0,0,https://x.com/HalomoanHa91790/status/1885232943054094545,1766477518784380928,HalomoanHa91790
1885162868825612564,2025-01-31T07:29:00.000Z,0,@Boediantar4 Ciri negara gagal dilihat dari kinerja polisi 😁,1885228774796780013,,Boediantar4,in,,0,0,0,https://x.com/Alfa_Bimas/status/1885228774796780013,1726031471205588992,Alfa_Bimas
1879430261919875177,2025-01-31T06:42:08.000Z,0,"@neVerAl0nely Polisi yang baik tidak memerlukan pembuktian, karena kinerja mereka sudah berbicara sendiri.",1885216979721871466,,neVerAl0nely___,in,,0,0,0,https://x.com/johnkarlsbaltaz/status/1885216979721871466,448030959,johnkarlsbaltaz
1736969298705633406,2025-01-31T06:37:32.000Z,0,"@Pai_C1 Fitnah boleh datang, tapi kinerja polisi yang baik akan selalu terbukti.",1885215822450483612,,Pai_C1,in,,0,0,0,https://x.com/missseck13/status/1885215822450483612,2427678680,missseck13
1884916059389436292,2025-01-31T06:07:40.000Z,0,"@kumparan Yg pertama harusnya dilihat presidenya dulu, tegas enggak brantas korupsi ?🙄, bisa enggak langsung kasih contoh tindakan tegas sat-set , kagak usah omon-omon mulu 🙄 
contoh : jika kinerja polisi jelek,ganti kapolri
Jika kinerja tni jelek,ganti panglima 🙄",1885208306287071249,,kumparan,in,,0,0,0,https://x.com/tejo2015/status/1885208306287071249,3183044484,tejo2015
1885182872493216096,2025-01-31T04:26:36.000Z,0,"Gw lgi scroll lama lama muak juga anjing liat iklan polisi-polisi di x yg berusaha bangun citra. 

Nih ye, lu perbaikin kinerja lu, itu citra auto keangkat. Heran gw, bukannya kerja yg bener malah sibuk aja nge branding instansi. https://t.co/uaxeScRfYM",1885182872493216096,https://pbs.twimg.com/media/GimD07WbYAYuStb.jpg,,in,,0,0,0,https://x.com/andree_enyadua/status/1885182872493216096,1505203487902093313,andree_enyadua
1885182705996095519,2025-01-31T04:25:56.000Z,0,Begini lh kinerja polisi saat ini jadi pemeras terhadap Rakyat,1885182705996095519,,,in,,0,0,0,https://x.com/RickyDiningrat1/status/1885182705996095519,1170251268633157632,RickyDiningrat1
1885171424719233427,2025-01-31T03:41:07.000Z,5,"Kepala Satuan Polisi Pamong Praja Kab. Pringsewu Jahron, S.Pd., menghadiri Rapat Koordinasi Kinerja Badan Adhoc se-Kab. Pringsewu dan Pemberian Penghargaan KPU Kab. Pringsewu pada Pemilihan Kepala Daerah Serentak Tahun 2024 di Aula Universitas Aisyiyah Pringsewu.
(24/01/2025) https://t.co/wsv3yUgsK4",1885171424719233427,https://pbs.twimg.com/media/Gil5a06bYAMHq63.jpg,,in,,0,0,0,https://x.com/polpp_pringsewu/status/1885171424719233427,1144598237258506240,polpp_pringsewu
1885171178983350535,2025-01-31T03:40:08.000Z,0,"Kepala Satuan Polisi Pamong Praja Provinsi Sulawesi Selatan Menghadiri Undangan Penandatanganan Dokumen Perjanjian Kinerja Kepala Perangkat Daerah Tahun 2025.

#satpolppsulsel #satpolppindonesia #humassatpol #sulselprov https://t.co/BfuUr5pMC6",1885171178983350535,https://pbs.twimg.com/media/Gil5MM7bIAAZeai.jpg,,in,,0,0,0,https://x.com/satpolppsulsel/status/1885171178983350535,1793563002551390208,satpolppsulsel
1884813256101175507,2025-01-31T03:11:29.000Z,0,"@masaiyagitusih @TheCreatorSF @evi_sufiani @njogolathi @ktttsy @DivHumas_Polri @ahriesonta @ListyoSigitP guru diapresiasi karena kinerjanya yg baik, bukan dari SOP yang dia lakukan. perannya kan mencerdaskan kehidupan bangsa. bisa bedain antara sesuai SOP dengan kinerja baik? coba sebutin prestasi polisi yang diakui masyarakat? masyarakatnya aja takut wkwk",1885163968471457821,,masaiyagitusih,in,,0,1,0,https://x.com/Bitweird_/status/1885163968471457821,1303858508060741632,Bitweird_
1885126132993057275,2025-01-31T01:46:09.000Z,7,"@Purnomodttrad52 Parahnya ada orang yang mengerti hukum dan bisa menyelesaikan kuliahnya dengan nilai skripsi ""Sangat Memuaskan"" di bilang orang gila sama polisi, hanya karena orang itu berani speak up kebobrokan moral dan kinerja polisi yang tidak becus dengan seenak udel memberhentikan",1885142495165899039,,Purnomodttrad52,in,,0,1,0,https://x.com/TiurWahyuni/status/1885142495165899039,1364531709815918593,TiurWahyuni
1885138350836953355,2025-01-31T01:29:41.000Z,0,Jujur lebih kagum liat kinerja damkar dri pd polisi 🤡,1885138350836953355,,,in,,0,0,0,https://x.com/pwetiedir/status/1885138350836953355,1443090510,pwetiedir
1885101522939503064,2025-01-31T01:06:04.000Z,0,"@susipudjiastuti @prabowo Polisi harusnya sebagai penegak hukum malah kebanyakan jadi pelanggar hukum

Kinerja TNI liat aja kasus pagar laut",1885132406451298382,,susipudjiastuti,in,,0,0,0,https://x.com/rizalafta/status/1885132406451298382,2796373482,rizalafta
1884949142142914752,2025-01-30T23:01:48.000Z,0,"@CakD3pp Kata pak @prabowo ""NEGARA GAGAL KARENA KINERJA POLISI DAN TNI YANG GAGAL""",1885101135171862808,,CakD3pp,in,,0,0,0,https://x.com/marimo_op212/status/1885101135171862808,1604419667699064832,marimo_op212
1884936751711764560,2025-01-30T14:44:39.000Z,18,"@FarhanAtjeh @bacottetangga__ @Purnomodttrad52 Kalau semua polisi kerjanya seperti ini, ga perlu akun resmi polri untuk menyebarkan hal tsb, masyarakat sendiri yg akan posting dan reposting mengelu-elukan kinerja anggota polri yg berjasa tsb.",1884976022820642995,,FarhanAtjeh,in,,0,1,0,https://x.com/HendriJaya2023/status/1884976022820642995,1721838773133291520,HendriJaya2023
1884936751711764560,2025-01-30T14:15:00.000Z,0,"@bacottetangga__ Bravo POLRI, saya sangat mengapresiasi kinerja polisi yang seperti ini, memberantas para begal jahanam.",1884968559287418991,,Goonddrong,in,,0,0,0,https://x.com/anerta30/status/1884968559287418991,1160274878345314306,anerta30
1883669074494070800,2025-01-30T14:03:09.000Z,0,"@Purnomodttrad52 @panca66 narasinya ""pembenci"", seolah urusan institusi polri yg terus menerus bikin kasus oknum dianggap masalah personal.

1. Yg bapak sering posting ini, bukan tupoksi utama polisi, malah dinsos
2. Anggaran polisi itu 100T setahun, ga bisa dijawab dg kinerja sporadis individu",1884965577456042038,,Purnomodttrad52,in,,0,0,0,https://x.com/rudyno1/status/1884965577456042038,1978445610,rudyno1
1884962845697421417,2025-01-30T13:52:17.000Z,5,"Pantesan aja banyak akun-akun GOBLOK yg memuji² kinerja buruk #Polri 😤

Bahkan salah 1 nya bilang kalau Polri tidak akan melindungi anggotanya yg melanggar hukum.

YAKIN ?🤔

Bagaimana dg kasus penembakan GAMMA yg #Kapolresta #Semarang langsung bikin barang bukti PALSU?

#polisi",1884962845697421417,,,in,,0,2,1,https://x.com/fransisca_ning/status/1884962845697421417,1598118226759933952,fransisca_ning
1884830526839963966,2025-01-30T13:19:39.000Z,4,"@bosanpsbb @hansdavidian Mungkin dari Tim survey kepuasaan masyarakat terhadap kinerja polisi, tapi survey independent buka yang pencitraan😂",1884954631169777731,,bosanpsbb,in,,0,1,0,https://x.com/Ramaxx222/status/1884954631169777731,1502084236483825668,Ramaxx222
1884626855548047686,2025-01-30T07:16:31.000Z,1,"@himawansugeha95 @rainyhindia Jaman dulu ketika ada masalah besar 
Polisi lbh hati2 menangani masalah.thank
Skrng terkesan buru2 atau tebang pilih bikin
Masyarakat slalu curiga dngn kinerja Polisi 🙏",1884863246571909500,,himawansugeha95,in,,0,0,0,https://x.com/Dsusantono1102/status/1884863246571909500,1315667947877142528,Dsusantono1102
1884858114664702325,2025-01-30T06:56:08.000Z,0,"Susah emang dwifungsi polri ini buat apa juga?

Sejak polisi disuruh masuk ke tv dan media sosial sepertinya tidak ada perubahan signifikan pada kinerja polisi",1884858114664702325,,,in,,0,0,0,https://x.com/hadehcoy/status/1884858114664702325,1603575372616183808,hadehcoy
1884770832041574816,2025-01-30T04:44:08.000Z,0,"@Alcantarakinsle @Purnomodttrad52 Apakah dengan postingan pak purnomo bisa membuat citra polisi baik? Yang bisa bikin citra polisi baik ya kinerja mereka sendiri. Banyak kasus disana yang belum selesai, coba selesain kasus itu sesuai UU yg berlaku dan adili pelakunya seadil mungkin, itu yg bikin citra polisi baik",1884824898692063494,,,in,,0,0,0,https://x.com/agagaga_mmpus/status/1884824898692063494,1578214474573840385,agagaga_mmpus
1884755421120094651,2025-01-30T02:40:39.000Z,0,@DS_yantie @antono_putra Kinerja Polisi itu gak bisa dilihat di medsos tok. Banyak kok polisi yg berdedikasi tinggi bekerja dgn sangat baik. Dan itu banyak. Gak ke ekspos aja. Tapi dirasakan masyarakat.,1884793822007480417,,DS_yantie,in,,0,0,0,https://x.com/YokL97/status/1884793822007480417,267593372,YokL97
1883679610883514548,2025-01-30T02:27:41.000Z,1,"@Jateng_Twit @Purnomodttrad52 Betul mas warga X ga gampang termkn pencitraan,,silahkan share kinerja baik polisi yg sesuai tupoksi,,gmn lgi citra buruk polisi ini dri perilaku para para oknumnya sendiri,,rakyat byk yg MUAK dg insitusi ini",1884790557752660313,,Jateng_Twit,in,,0,0,0,https://x.com/alaskarputih/status/1884790557752660313,1766041025766961152,alaskarputih
1884515515785474554,2025-01-30T00:50:08.000Z,0,"@Purnomodttrad52 @doublepaijo Jelek amat kinerja lo jadi polisi, mending mundur aja",1884766009355300901,,Purnomodttrad52,in,,0,0,0,https://x.com/brkskbnn/status/1884766009355300901,1352938194,brkskbnn
1884515515785474554,2025-01-30T00:28:46.000Z,0,"@Purnomodttrad52 Alhamdulillah, kinerja polisi memang luar biasa. Semangat pak. TANPA BLUR nama dan wajah akhirnya bisa diketemukan keluarganya https://t.co/SpPWPVxAyb",1884760632387572044,https://pbs.twimg.com/media/GigDzQ2bcAA5WQg.jpg,Purnomodttrad52,in,,0,0,0,https://x.com/bukanthommy/status/1884760632387572044,1826600366345228288,bukanthommy
1884625533692260780,2025-01-30T00:22:47.000Z,0,"@OposisiCerdas Bener min kinerja polisi Jenderal Hoegeng paling tinggi dedikasinya bagi rakyat, bangsa dan negara....👌👍",1884759124665360510,,OposisiCerdas,in,,0,0,0,https://x.com/atipsthahir/status/1884759124665360510,1468143509454557188,atipsthahir
1884190971753291930,2025-01-29T23:53:10.000Z,0,"@Purnomodttrad52 Wow respect, tp posting kebaikan dalam hal yg berhubungan dengan kinerja polisi aja pak. Kalau kegiatannya kaya gitu, teh novi juga bisa 😊",1884751674755195358,,Purnomodttrad52,in,,0,0,0,https://x.com/ur_eternalbliss/status/1884751674755195358,1242649191005835271,ur_eternalbliss
1884432945592819892,2025-01-29T23:39:09.000Z,0,"@MbahJack2323 @msobri99 Sebagai polisi terbaik di negeri ini tidak hanya dipercaya oleh pak Jokowi tp juga dipercaya pak Prabowo. 
Cari aja kapolri di negara lain apa ada yg sehebat beliau.
Apa itu bukan karena kinerja beliau yg moncer dan presisi.",1884748145227395379,,MbahJack2323,in,,0,0,0,https://x.com/ngecace/status/1884748145227395379,1850152284107501568,ngecace
1884167522355994869,2025-01-29T23:11:22.000Z,2,"@ebonXboy @dedykelana5 Sepertinya  Bapak Presiden @Prabowo tidak terusik sama sekali dengan kinerja  Kapolri. 
Berarti masih Ok untuk berkelanjutan. 
Karena Ganti Kapolri juga blm tentu akan lebih baik, karena lebih banyak oknum dri pada polisi yg sebenarnya.",1884741152974533084,,ebonXboy,in,,0,1,0,https://x.com/DMieaceh80579/status/1884741152974533084,1813506920973762560,DMieaceh80579
1884430734641016837,2025-01-29T23:01:34.000Z,0,"@rafenditya Itu kan kinerja institusi Polisi, kalo pak @Purnomodttrad52 mah baik.",1884738685889081659,,rafenditya,in,,0,0,0,https://x.com/NggaNyangkaa/status/1884738685889081659,2237635111,NggaNyangkaa
1885381948866216312,2025-01-31T17:37:39.000Z,2,"Dr jauh hari kami sdh sarankan buat aplikasi lapor polisi ya kan Om @Pupufafa1 yg terkoneksi langsung dan dapat di monitor oleh kapolri @ListyoSigitP tp gk mau dibuat krn takut ketahuan kinerja buruk jajaran dr laporan seluruh indonesia .. 

Nasi sdh jd bubur pasti copot",1885381948866216312,,,in,,0,0,1,https://x.com/Cristoper1982/status/1885381948866216312,1454100235173523459,Cristoper1982
1879326432155062485,2025-01-31T12:30:28.000Z,0,"@RadioElshinta Kinerja polisi sering diputarbalikkan, tapi mereka tetap fokus pada tugasnya.",1885304641707270330,,RadioElshinta,in,,0,0,0,https://x.com/joe20170/status/1885304641707270330,307280856,joe20170
1881956333324476905,2025-01-31T12:27:20.000Z,0,"@RacoonEntID Polisi yang baik tidak butuh pembuktian, karena kinerja mereka sudah berbicara sendiri",1885303853475914076,,RacoonEntID,in,,0,0,0,https://x.com/joe20170/status/1885303853475914076,307280856,joe20170
1885182274582569189,2025-01-31T10:08:21.000Z,1,@Purnomodttrad52 Yg sy ga suka dr polisi ngurus kasus kematian janggal saja maksa ga boleh otopsi padahal yg minta keluqrga seolah ga mau repott 😛😛😛🤮🤮 sy mau isilop berubah kerja beneran sesuai tupoksinya bukan cosplay jd dinsos itu BAIK ! JA ! tapi perbaiki dulu kinerja anda ! https://t.co/CVA1cq2n50,1885268876398911625,https://pbs.twimg.com/media/GinSDTwbwAAMbVZ.jpg,Purnomodttrad52,in,,0,0,0,https://x.com/Just_MasBima/status/1885268876398911625,160440270,Just_MasBima
1885230225870774382,2025-01-31T07:34:47.000Z,3,"Ia menyinggung kekuasaan dari rakyat yang diberikan kepada tentara dan polisi.

Dia mewanti-wanti kepada para tentara dan polisi tidak terlena dengan pangkat dan jabatan. Menurut Prabowo jabatan atau pangkat adalah bentuk penghormatan dari rakyat.
https://t.co/najjzEB7x4",1885230231155519940,,tempodotco,in,,0,1,1,https://x.com/tempodotco/status/1885230231155519940,18129942,tempodotco
