conversation_id_str,created_at,favorite_count,full_text,id_str,image_url,in_reply_to_screen_name,lang,location,quote_count,reply_count,retweet_count,tweet_url,user_id_str,username
1764616276230725927,2024-03-04T11:37:59.000Z,0,"Pj. Bupati Tangerang Andi Ony mengapresiasi kinerja Satuan Polisi Pamong Praja (Satpol PP), Satuan Perlindungan Masyarakat (Satlinmas) dan petugas Pemadam Kebaranan (Damkar) Kabupaten Tangerang. https://t.co/JZDiq9CsJS",1764616276230725927,https://pbs.twimg.com/media/GH0tIyCaEAAF6c4.jpg,,in,,0,1,0,https://x.com/PemKabTangerang/status/1764616276230725927,2480614310,PemKabTangerang
1764255691748073583,2024-03-04T10:14:00.000Z,1,@KituuWeh @tanyakanrl dari shiva juga kita belajar bahwa kinerja polisi disana keknya ga beda jauh sama kinerjanya ladusing deh😭😭,1764595140407197746,,KituuWeh,in,,0,0,0,https://x.com/stellajeruq/status/1764595140407197746,1324685042056978438,stellajeruq
1764187775878987990,2024-03-03T07:25:10.000Z,1,@ttheomanalu Ya kan emang gitu kerjaan polisi. Masih percaya sama kinerja polisi? Kalo saya sih NO,1764190261763317901,,ttheomanalu,in,,0,0,0,https://x.com/BambangAdiYusw1/status/1764190261763317901,1266115779805581312,BambangAdiYusw1
1763964631117414656,2024-03-02T16:28:35.000Z,0,"Kenapa Persib vs Psrsija harus tanpa penonton?

Padahal, urang lihat kinerja polisi di match vs PSIS itu bagus banget loh.

@persib @teddy_tjahjono",1763964631117414656,,,in,,0,0,0,https://x.com/imtress/status/1763964631117414656,2388502476,imtress
1763899678092144696,2024-03-02T12:27:36.000Z,0,Motif: Karena rasa marah dan ketidakpuasan atas kinerja polisi pada kasus kematian Kakak tersangka sehingga meneror para polisi dengan bom pada salah satu sipil bernama Seo Myung Hui.,1763903985478664364,,seoghyneon,in,,0,1,0,https://x.com/seoghyneon/status/1763903985478664364,715175587585757185,seoghyneon
1763767766690263082,2024-03-02T04:12:55.000Z,1,"@DivHumas_Polri @HumasPoldaSumut https://t.co/dMXMhXmUP3
DI TANYA NGAK DI JAWAB,DI KRITIK NGAK DI EVALUASI KINERJA ANGGOTA NYA..
Di suru buat Dumas..
Sdh pernah..ya tetap aja HASILNYA membela sesama rekan POLISI. TDK MEMBERIKAN SURAT SPDP APA TDK MENYALAHI ATURAN PENYIDIKAN?
APA DASAR HUKUMNYA MELAKUKAN SPT ITU https://t.co/wTLKaXFQgP",1763779492697583705,https://pbs.twimg.com/media/GHo0F1NbUAAzq_R.jpg,Akbar67875158,in,,0,2,1,https://x.com/Akbar67875158/status/1763779492697583705,1295393084562223104,Akbar67875158
1763629411268694257,2024-03-01T18:16:32.000Z,0,Dan AHY pun boleh jd dimnta utk trs bikin Testimoni dg blg kinerja Jokowi baik sewaktu diangkat jd menteri.Dan udah dijalankan dg sgt  lebay...😀 https://t.co/TdZZkDCHnh,1763629411268694257,,,in,,0,0,0,https://x.com/chenoa2104/status/1763629411268694257,1342031068875014145,chenoa2104
1763518482895994984,2024-03-01T10:55:45.000Z,0,"Audit Kinerja Tahap 1 TA. 2024 Aspek Perencanaan dan Pengorganisasian di Polresta Cirebon

#polrestacirebon #kapolrestacirebon 
@divisihumaspolri  @polisi_indonesia  @spripim.polri @humaspoldajabar https://t.co/8Cg1haWMKF",1763518482895994984,https://pbs.twimg.com/ext_tw_video_thumb/1763518437136199680/pu/img/LxmVxKAzOONQXKPA.jpg,,in,,0,0,0,https://x.com/humas_gempol/status/1763518482895994984,1050047834404208640,humas_gempol
1762795267575959721,2024-03-01T08:02:03.000Z,0,"@Miduk17 Dr dulu juga ad bberp masyarakt yng gk respct TNI tp mengagungkan polisi, akhirnya ada kasus sambo pada melek semua. Akhirny pda respct sm TNI yng kinerja lebih bagus dr pd polisi. Lihat tu kasus sambo setaun aj gk kelar kelar",1763474769826250849,,JhonSitorus_18,in,,0,0,0,https://x.com/Aqua_air457/status/1763474769826250849,1455032998223515648,Aqua_air457
1761760324854923585,2024-03-01T04:32:26.000Z,0,@kurawa @MellisA_An @seeksixsuck Apresiasi kinerja polisi lindungi ponpes dr segala bentuk kekerasan.. kita dukung polri jaga keamanan,1763422018371027094,,kurawa,in,,0,0,0,https://x.com/Hakalesyy/status/1763422018371027094,1505764385167327237,Hakalesyy
1762116662927700247,2024-03-01T04:28:17.000Z,0,@Heraloebss Apresiasi kinerja polisi lindungi ponpes dr segala bentuk kekerasan.. kita dukung polri jaga keamanan,1763420973741838772,,Heraloebss,in,,0,0,0,https://x.com/Hakalesyy/status/1763420973741838772,1505764385167327237,Hakalesyy
1761760324854923585,2024-03-01T04:16:59.000Z,0,@kurawa Apresiasi kinerja polisi lindungi ponpes dr segala bentuk kekerasan.. kita dukung polri jaga keamanan,1763418129055773172,,kurawa,in,,0,0,0,https://x.com/Hakalesyy/status/1763418129055773172,1505764385167327237,Hakalesyy
1761760324854923585,2024-03-01T04:09:36.000Z,0,@kurawa Apresiasi kinerja polisi lindungi ponpes dr segala bentuk kekerasan.. kita dukung polri jaga keamanan,1763416269758636380,,kurawa,in,,0,0,0,https://x.com/Hakalesyy/status/1763416269758636380,1505764385167327237,Hakalesyy
1765449283896279089,2024-03-07T18:33:56.000Z,0,"@StefanAntonio__ @KPK_RI Asem tenan, 
dari sejak adanya berita ini aku selalu salah membacanya sebagai ICW karena sudah melekat di otak bahwa temuan-temuan kasus korupsi itu diurus oleh ICW.
suerr, 
Aku baru ngeh kenapa kalian mempermasalahkan laporan IPW ini. 
Tugas IPW itu mengawasi kinerja polisi.",1765808114262323261,,StefanAntonio__,in,,0,0,0,https://x.com/donibar/status/1765808114262323261,74681935,donibar
1765719919566770601,2024-03-07T12:43:28.000Z,0,"Kinerja Polda sangat buruk, padahal anggarannya Mega jumbo @ListyoSigitP
https://t.co/SyRYzuE1Bl",1765719919566770601,,,in,,0,0,0,https://x.com/Jajang_CBA/status/1765719919566770601,2274344047,Jajang_CBA
1765554733912388092,2024-03-07T10:34:22.000Z,0,"@wa_rmhearted KEJADIANNYA PERSIS BGT SAMA AKUUUU!!! ini kakaknya lapor polisi gak ya? Please minta bantuan polisi, gw juga salah satu yg (mohon maap) sempet skeptis sama kinerja polisi, tp qadarullah hpku balik dibantu mereka. Jadi gw ajak ketemuan tu maling bilang mau nebus aja, persis bgt—",1765687429741342721,,wa_rmhearted,in,,0,1,0,https://x.com/rianirrr/status/1765687429741342721,2227747472,rianirrr
1765672297132912737,2024-03-07T09:34:14.000Z,0,"TK: Ranger biru
SD: Polisi
SMP: Guru Olahraga
SMA: Guru Olahraga
Kuliah: Guru Olahraga yang berusaha mengajar dengan maksimal
Kerja: Guru Olahraga dengan sertifikasi dan capaian2 kinerja yang baik + kepikiran mau jadi guru content creator",1765672297132912737,,,in,,0,0,0,https://x.com/FahddelAbdillah/status/1765672297132912737,763377967598669825,FahddelAbdillah
1765298630817452292,2024-03-06T12:21:47.000Z,37,"@amyinbattle @DivHumas_Polri  apakah ini perlakuan yg benar? Hal sperti ini hukumnya mmg msh abu2, namun dgn keterliban polisi malah nambah nilai minus kinerja polisi dimata rakyat",1765352074085281954,,,in,,0,1,0,https://x.com/iam_bolobolo/status/1765352074085281954,599250357,iam_bolobolo
1765334193096265888,2024-03-06T11:10:44.000Z,0,"IPW Indonesian Police Watch yg urus sbg alat kontrol publik thd kinerja polisi kok mlh laporin Ganjar paslon korupsi,padahal situasi penghitungan suara bermasalah blm kelar. Buta😁😂 https://t.co/eUAJ1HM378",1765334193096265888,https://pbs.twimg.com/ext_tw_video_thumb/1765334013307461632/pu/img/6Yk_zYs4ucwvgXlm.jpg,,in,,0,0,0,https://x.com/anonimman137997/status/1765334193096265888,1704116159665389568,anonimman137997
1765264922039250958,2024-03-06T06:35:29.000Z,0,"SEMAKIN HEBAT KINERJA POLISI... 
SUDAH SANGAT SEPANTASNYA KALAU RAKYAT MEMBENCI POLISI!! 

MANA MATA MU @ListyoSigitP ??!!. 

@jokowi 
@gibran_tweet 
@kaesangp",1765264922039250958,,,in,,0,0,0,https://x.com/M17522147/status/1765264922039250958,891883949571457024,M17522147
1765001971185209362,2024-03-06T03:45:12.000Z,1,@Anak__Ogi IPW hrsnya laporin Polisi² yg gak netral..  ganti tugas ya IPW bukannya awasi kinerja polisi,1765222071779611077,,Anak__Ogi,in,,0,0,0,https://x.com/Johnnytawas/status/1765222071779611077,31678590,Johnnytawas
1765067696448954708,2024-03-05T17:31:46.000Z,0,"#POLISI_PENOLONG_MASYARAKAT_APRESIASI_KINERJA_POLISI_DARI_KETUA_GEREJA 

#polrestulungagung 
#pidpolsekngunut 
#akbpteukuarsyakhadafi 
#apresiasikinerjapolri 
#jatimbangkit 
#pemiludamai 
#fyp https://t.co/KzPjhuokYB",1765067696448954708,https://pbs.twimg.com/ext_tw_video_thumb/1765067625720324096/pu/img/MduNNvU-xuaa3fuV.jpg,,qme,,0,0,1,https://x.com/PidNgunu1/status/1765067696448954708,1440965262463823874,PidNgunu1
1764477094711746850,2024-03-05T11:50:29.000Z,1,"@kiddiejaemin @tanyarlfes liat aja di film² India banyak kok yang angkat kasus² pemerkosaan gitu, dan ngeliatin cara kerja polisinya, kurasa sih itu film merupakan cara menyindir mereka terhadap kinerja polisi disana deh",1764981806867329367,,OliverLa_Rosa,in,,0,0,0,https://x.com/Rahmawati2306/status/1764981806867329367,1462305336484720645,Rahmawati2306
1764941285675135442,2024-03-05T09:09:30.000Z,0,"Semangat dalam memberikan kinerja terbaik, profesional, dan berintegritas dalam mewujudkan ketentraman dan ketertiban umum, serta perlindungan kepada masyarakat dan Mendukung Pemilu dan Pilkada 2024 💪🏻

Salam Praja Wibawa! Kami Bangga menjadi Polisi Pamong Praja 🙌🏻✨",1764941294596399347,,halo_bandung,in,,0,0,0,https://x.com/halo_bandung/status/1764941294596399347,1933882213,halo_bandung
1766700464698237180,2024-03-10T05:39:49.000Z,0,Halo polisi kinerja anda diragukan nih,1766700464698237180,,,in,,0,0,0,https://x.com/pertalitelangka/status/1766700464698237180,82378323,pertalitelangka
1766700298670837937,2024-03-10T05:39:09.000Z,0,Halo pak polisi kinerja anda di ragukan nih,1766700298670837937,,,in,,0,0,0,https://x.com/pertalitelangka/status/1766700298670837937,82378323,pertalitelangka
1764606557336248414,2024-03-08T04:50:08.000Z,0,"@m1n4_95 Yaa kita lihat aja kinerja dari polisi,mungkin mereka bareskrim bisa ngatasinya",1765963188796006833,,m1n4_95,in,,0,0,0,https://x.com/itoo92277381/status/1765963188796006833,1186467825361149952,itoo92277381
1765954442262933873,2024-03-08T04:15:23.000Z,3,"Berbagai kalangan menyampaikan apresiasi atas kinerja Polda Sumsel dalam menjaga keamanan selama proses Pemilu 2024 yang berjalan dengan damai aman, dan sejuk di Provinsi Sumatera Selatan. Ini terlihat pada saat Aksi Peduli Jaringan Mahasiswa Pemantau Pemilu yang memberikan orasi https://t.co/rwtZrapKco",1765954442262933873,https://pbs.twimg.com/media/GIHuMnZbUAA6UCs.jpg,,in,,0,0,0,https://x.com/sumsel_polda/status/1765954442262933873,1463305353773289477,sumsel_polda
1766691263900946722,2024-03-14T15:15:24.000Z,0,@kumparan Ayo Pak Polisi berantas habis para pelaku narkoba hingga ke akar-akarnya. Kami bangga sekali dengan kinerja seperti inj,1768294868814799025,,kumparan,in,,0,0,0,https://x.com/tiwi34833962/status/1768294868814799025,1098076212897886208,tiwi34833962
1768186586414600661,2024-03-14T08:05:08.000Z,0,"LEMKAPI Berikan Presisi Award kepada Direktur Reserse Narkoba Polda Sumsel

Palembang - Lembaga Kajian Strategis Kepolisian (LEMKAPI) memberikan penghargaan Presisi Award kepada Direktur Reserse Narkoba Polda Sumatera Selatan (Sumsel), Kombes Pol Dolifar Manurung, SIK., https://t.co/UPx1tlWjFG",1768186586414600661,https://pbs.twimg.com/amplify_video_thumb/1768186525936979968/img/yW9jp0JmJT9nKotZ.jpg,,in,,0,1,0,https://x.com/sumsel_polda/status/1768186586414600661,1463305353773289477,sumsel_polda
1768186172357177627,2024-03-14T08:03:29.000Z,0,'Kami mengapresiasi atas  dedikasi dan loyalitas kepada Polda Sumsel khususnya Ditresnarkoba yang telah memberikan pelayanan dan perlindungan kepada masyarakat. Kami memantau Polda Sumsel di awal bulan Februari 2024 berhasil mengungkap sindikat narkoba Internasional dan berhasil https://t.co/vJhzu4iFb0,1768186172357177627,https://pbs.twimg.com/media/GInb8rwaMAAiw1B.jpg,,in,,0,0,0,https://x.com/sumsel_polda/status/1768186172357177627,1463305353773289477,sumsel_polda
1768154574911897782,2024-03-14T05:57:56.000Z,1,'Kami mengapresiasi atas  dedikasi dan loyalitas kepada Polda Sumsel khususnya Ditresnarkoba yang telah memberikan pelayanan dan perlindungan kepada masyarakat. Kami memantau Polda Sumsel di awal bulan Februari 2024 berhasil mengungkap sindikat narkoba Internasional dan berhasil https://t.co/j4DJam1V3w,1768154574911897782,https://pbs.twimg.com/media/GIm_NbPasAAttAx.jpg,,in,,0,0,1,https://x.com/sumsel_polda/status/1768154574911897782,1463305353773289477,sumsel_polda
1768103827323158534,2024-03-14T02:48:11.000Z,0,@abu_waras Sebenarnya bpk dan bpkp harus turun periksa. Kalau tidak ya kejagung. Polisi? Entahlah. Pasalnya adalah kinerja yg g seimbang dg nilai pekerjaan. Cocoknya bpkp dan bpk atas perintah kejagung. Dan dalam pengawasan presiden...halaaaah,1768106825642287493,,abu_waras,in,,0,0,0,https://x.com/Safri70/status/1768106825642287493,1285824787495792643,Safri70
1767912018986885303,2024-03-13T22:18:41.000Z,2,"@dbluestarqueen @are_inismyname @prabowo @kurawa @temanduit @seeksixsuck @zarryhendrik @P4P4B0W0_2024 @bengkeldodo @Bank_Joee_ @Ndons_Back @99propaganda Capres tukang bully.
Tanpa sadar ikut menghina kinerja TNI, polisi dg memberi nilai Kemenhan 11 dari 100, dan angka 5 dari 10.
Para keluarga besar mereka dan rakyat sangat tdk suka perilaku mereka.
Dihukum tdk di pilih.

Suara rakyat mana lagi yg akan muncul? Sadar kesalahan lah",1768039004514254927,,dbluestarqueen,in,,0,0,0,https://x.com/IrawanRommi/status/1768039004514254927,1348987504985133057,IrawanRommi
1767725244561695038,2024-03-13T01:31:55.000Z,69,"kalau mau lihat, kinerja TNI-Polisi di lembaga sipil. 

coba lihat instansi-instansi spt

@BNPTRI , @INFOBNN , @HumasBakamlaRI , @BNPB_Indonesia , @SAR_PUSAT / BNPP. 

selain lihat kinerjanya, lihat juga kenaikan tunkin 10 tahun terahir.",1767725244561695038,,,in,,2,2,28,https://x.com/direktoridosen/status/1767725244561695038,1901591046,direktoridosen
1769602130732515738,2024-03-18T06:11:55.000Z,0,"@rifqahsania narkoba itu hal yang memang harus diperangi karena dapat merusak generasi bangsa dan sangat senang sekali dengan kinerja polisi yang mampu menangkap pengedar. Kita juga harus Bersama Berantas Kriminalitas
#SelamatkanGenerasiIndonesia",1769607648599834894,,rifqahsania,in,,0,0,0,https://x.com/milkitamatcha/status/1769607648599834894,1391258871746813959,milkitamatcha
1769602375780815265,2024-03-18T06:11:55.000Z,0,"@Onyekcuuu salutt dan bangga selalu dengan kinerja pak polisi, Bersama Berantas Kriminalitas
#SelamatkanGenerasiIndonesia",1769607647190556941,,Onyekcuuu,in,,0,0,0,https://x.com/meilinamei227/status/1769607647190556941,1729896361389379584,meilinamei227
1769602375780815265,2024-03-18T06:09:45.000Z,0,"@Onyekcuuu Patut diapresiasi atas kinerja polisi yang gercep menangkap pengedar narkoba #SelamatkanGenerasiIndonesia
Bersama Berantas Kriminalitas",1769607102052581852,,Onyekcuuu,in,,0,0,0,https://x.com/xforniaa/status/1769607102052581852,1465670084303589388,xforniaa
1769602130644775297,2024-03-18T06:08:43.000Z,0,"@ivanckak salut sama kinerja bapak2 polisi kita yg selalu gercep menyelesaikan berbagai masalah terutama terkait narkotika. 
yuk kita Bersama Berantas Kriminalitas demi untuk #SelamatkanGenerasiIndonesia",1769606844081987663,,ivanckak,in,,0,0,0,https://x.com/mahesawardani/status/1769606844081987663,1709026380116299776,mahesawardani
1769602130644775297,2024-03-18T06:05:53.000Z,0,"@ivanckak apresiasi untuk polisi yang sudah berjasa dengan membongkar kasus narkoba ini, semoga bisa dilanjutkan dengan kinerja yang baik ini dan mari Bersama Berantas Kriminalitas #SelamatkanGenerasiIndonesia",1769606130312077325,,ivanckak,in,,0,0,0,https://x.com/elxyana/status/1769606130312077325,1394478521649483776,elxyana
1769487392665436512,2024-03-17T22:14:04.000Z,0,Lebih percaya besok turun ujan duit daripda kinerja polisi WKWK,1769487392665436512,,,in,,0,0,0,https://x.com/haijustmee/status/1769487392665436512,1476344158352654336,haijustmee
1769283578402390398,2024-03-17T08:44:11.000Z,1,"https://t.co/gDFMPfpfz0
#indonesiabersinar",1769283578402390398,,,qme,,0,0,0,https://x.com/Siskafonda/status/1769283578402390398,223771512,Siskafonda
1769172190170402997,2024-03-17T01:21:34.000Z,0,https://t.co/cYXk49kbgf,1769172190170402997,,,zxx,,0,0,0,https://x.com/Voxnusantara1/status/1769172190170402997,1445890837473161218,Voxnusantara1
1768921995142639701,2024-03-16T11:11:59.000Z,2,"@Galihwindiharso @SammiSoh warga diterkam Harimau 2MD 1 LB 1 sudah membaik, warga tidak puas dengan kinerja polisi hutan yang dianggap lambat menangkap dan memindahkan Harimau, padahal dari pihak PPA sudah pasang kandang perangkap tapi ya apa boleh dikata 1bulan terpasang nihil hasilnya dan warga pun murka",1768958387289751756,,Galihwindiharso,in,,1,1,1,https://x.com/KxxKers/status/1768958387289751756,1005495025,KxxKers
1768542798847037828,2024-03-15T11:23:28.000Z,3,@sdnarm @araraphnx @tokopedia @JNE_ID @TokopediaCare @JNECare Masih percaya sama kinerja polisi?gw sih engga.Motor gw kemalingan udh bikin laporan ke polisi juga udah 2 bulan kaga ada tuh kabar gimana kek,1768598888368480519,,,in,,0,0,0,https://x.com/austerlitz_T/status/1768598888368480519,1143029555533213696,austerlitz_T
1770685543048786119,2024-03-21T21:41:52.000Z,3,"@andrekelv @catuaries Tiap liat kenyataan kinerja polisi di negara lain, bahkan di film yg saking peduli dan mengayomi masyarakatnya, gw selalu sakit hati kalo nginget2 kinerja polisi di negara sendiri",1770928842472853942,,andrekelv,in,,0,0,0,https://x.com/ZakariaPriyadi/status/1770928842472853942,973025514,ZakariaPriyadi
1770043791300247930,2024-03-21T20:21:34.000Z,1,@detikcom Memang mantap kinerja polisi kita berhasil menangkap dokter gadungan yang bikin geger di Cikarang,1770908630985986129,,detikcom,in,,0,0,0,https://x.com/aldialam200/status/1770908630985986129,1519186940381503489,aldialam200
1770043791300247930,2024-03-21T16:42:12.000Z,0,"@detikcom Hebat kinerja polisi dalam menangkap pelaku kriminal. Semoga pelaku mendapatkan hukuman yang setimpal atas tindakannya yang merugikan orang lain, terutama yang berpotensi mengancam nyawa.",1770853427196604721,,detikcom,in,,0,0,0,https://x.com/calmwomen/status/1770853427196604721,1587827716836888576,calmwomen
1767711499320279251,2024-03-21T12:52:38.000Z,0,@RadioElshinta Ayo kita sama2 mendukung kinerja Polisi dengan cara memberikan informasi yang cepat &amp; akurat apabila ada tawuran karena sangat meresahkan terutama di bulan ramadhan,1770795655578931219,,RadioElshinta,in,,0,0,0,https://x.com/tiwi34833962/status/1770795655578931219,1098076212897886208,tiwi34833962
1770793306361823523,2024-03-21T12:43:18.000Z,1,AJI Manado kecewa dengan kinerja polisi yang sudah setahun tak bisa memecahkan dan menemukan pelaku kasus tabrak lari jurnalis Riyo Noor saat hendak meliput. #publisherstory #manadobacirita https://t.co/R3Z593eTPX,1770793306361823523,,,in,,0,0,1,https://x.com/kumparan/status/1770793306361823523,759692754985242625,kumparan
1769679665202081959,2024-03-19T10:54:16.000Z,2,@kegblgnunfaedh Masih yakin sama kinerja polisi yang lambat banget ini???,1770041091921764804,,kegblgnunfaedh,in,,0,0,0,https://x.com/desmodromici1/status/1770041091921764804,1708794041998147584,desmodromici1
1770015383946448950,2024-03-19T09:12:07.000Z,103,"Desak Polda Metro Jaya Cegah Firli Bahuri ke Luar Negeri, ICW Sebut Kinerja Polisi Amat Buruk dan Lambat https://t.co/hLVXncWPkv #TempoMetro",1770015383946448950,,,in,,1,4,51,https://x.com/tempodotco/status/1770015383946448950,18129942,tempodotco
1772328424998322487,2024-03-25T18:23:19.000Z,2,"80 Status Twiter Core Dao
- December 16, 2022
 Visi &amp; Misi
Whitepaper
https://t.co/ZxW6UsbIy8

✍️Pergilah ke tempat tempat yang belum pernah tersentuh kemudian tinggalkan jejak barangkali suatu saat terpakai sebagai petunjuk arah bagi para Penjelajah .

----------------------",1772328424998322487,,,in,,0,0,0,https://x.com/KatulistiwaL3/status/1772328424998322487,1456497802796621824,KatulistiwaL3
1771896604091703747,2024-03-25T16:05:47.000Z,0,"@Maruahalsiahaa2 @aniesbaswedan Saat nya menagih janji dan liat kinerja, jgn lagi main buzzer untuk nutupi kelemahan, jgn nanti rakyat tagih janji malah di laporkan polisi....sampai nanti di pelantikan.....",1772293814092247485,,Maruahalsiahaa2,in,,0,0,0,https://x.com/SsstMynameindra/status/1772293814092247485,84285908,SsstMynameindra
1772255393462485181,2024-03-25T13:33:07.000Z,0,"“Tri Brata dan Catur Prasetya jadikan pedoman hidup dalam hal meningkatkan kinerja yang ada.”
Presisi Demi Indonesia #RakernisPolri2024

Kapolri 
Jenderal Polisi Drs. Listyo Sigit Prabowo, https://t.co/cVlXHn974n.
Pembukaan Rakernis Divisi Polri T.A. 2024
Jakarta, Jumat (22/3) https://t.co/7J3TtmkStA",1772255393462485181,https://pbs.twimg.com/media/GJhQ4rwaEAAjclc.jpg,,in,,0,0,0,https://x.com/polsek_tgldlimo/status/1772255393462485181,923684916050608128,polsek_tgldlimo
1771883264304918531,2024-03-25T11:46:05.000Z,0,"@lupapasword5 @IrzanaZilin @dprhiburanmalam Engga gua benci kinerja polisi soal maling motor/mobil, tapi lu tetep tolol.",1772228457499594876,,,in,,0,0,0,https://x.com/clayiskoro/status/1772228457499594876,1287909664907120645,clayiskoro
1772211578588565902,2024-03-25T10:39:01.000Z,0,"Jadikan Rakernis ini menjadi momentum penting untuk terus meningkatkan kinerja Polisi Pariwisata Polda Jawa Barat dalam menjaga keamanan dan ketertiban di destinasi-destinasi pariwisata di Jawa Barat. 
@divisihumaspolri
@spripim.polri
https://t.co/Coofb4CN5v",1772211578588565902,,,in,,0,0,0,https://x.com/POLSEKPAMEUNGP6/status/1772211578588565902,1430389731884343298,POLSEKPAMEUNGP6
1772085826391855533,2024-03-25T02:19:19.000Z,0,"“Tri Brata dan Catur Prasetya jadikan pedoman hidup dalam hal meningkatkan kinerja yang ada.”
Presisi Demi Indonesia #RakernisPolri2024

Kapolri
Jenderal Polisi Drs. Listyo Sigit Prabowo, https://t.co/zmLyTt65wA.
Pembukaan Rakernis Divisi Polri T.A. 2024

https://t.co/DTq8dTR5BW",1772085826391855533,,,in,,0,0,0,https://x.com/polsekptkutara/status/1772085826391855533,1182317217624383490,polsekptkutara
1772085747517980962,2024-03-25T02:19:00.000Z,0,"“Tri Brata dan Catur Prasetya jadikan pedoman hidup dalam hal meningkatkan kinerja yang ada.”
Presisi Demi Indonesia #RakernisPolri2024

Kapolri
Jenderal Polisi Drs. Listyo Sigit Prabowo, https://t.co/GrUxVJSF56.
Pembukaan Rakernis Divisi Polri T.A. 2024

https://t.co/LQK10WEqSJ",1772085747517980962,,,in,,0,0,0,https://x.com/polsek_ptkutara/status/1772085747517980962,869434599171960833,polsek_ptkutara
1771872945264095591,2024-03-24T15:00:25.000Z,2,@kegblgnunfaedh Kita lihat kinerja pak polisi mengusut kasus ini.. kita tunggu update nya ..,1771914976355361192,,kegblgnunfaedh,in,,0,0,0,https://x.com/MrJoybryan/status/1771914976355361192,2920422782,MrJoybryan
1771800770532262130,2024-03-24T07:26:36.000Z,0,"“Tri Brata dan Catur Prasetya jadikan pedoman hidup dalam hal meningkatkan kinerja yang ada.”
Presisi Demi Indonesia #RakernisPolri2024

Kapolri 
Jenderal Polisi Drs. Listyo Sigit Prabowo, https://t.co/deOaXH0GFB.
Pembukaan Rakernis Divisi Polri T.A. 2024
Jakarta, Jumat (22/3) https://t.co/sJsy5Vsm0T",1771800770532262130,https://pbs.twimg.com/media/GJazY0uasAAEsPu.jpg,,in,,0,0,0,https://x.com/PolresNunukan/status/1771800770532262130,1259651843879133185,PolresNunukan
1771773622803186012,2024-03-24T05:38:45.000Z,0,"Sampe ku bawa ni motor ke Jogja

Niatnya mau keliling jawa gw, mau muter-muter jogja, touring lagi.

Sialnya baru sebulan disini malah dimaling

Disini juga puncak kekecewaan aku sama kinerja polisi",1771773626783617470,,RAGIIIIIIL,in,,0,1,1,https://x.com/RAGIIIIIIL/status/1771773626783617470,991781529285152768,RAGIIIIIIL
1771406278386143548,2024-03-23T23:25:28.000Z,0,"@xquitavee @jokowi @ListyoSigitP Satu hukum yg perlu diterapkan. Pemimpin yang berjanji namun tidak ditepati harus dihukum. SETUJU? jgn cuma bisanya karah dikritik. Tapi kinerja gk diperbaiki. Noh banyak yg bunuh diri krn judi online, narkoba dll. Kemana aja lu. Negara sprti gk punya polisi presiden. Hajar mafia",1771679688005447886,,xquitavee,in,,0,0,0,https://x.com/reyhanarif/status/1771679688005447886,1737531550601027584,reyhanarif
1771493138290311213,2024-03-23T11:04:11.000Z,0,"“Tri Brata dan Catur Prasetya jadikan pedoman hidup dalam hal meningkatkan kinerja yang ada.”
Presisi Demi Indonesia #RakernisPolri2024

Kapolri 
Jenderal Polisi Drs. Listyo Sigit Prabowo, https://t.co/piocZXWgDT.
Pembukaan Rakernis Divisi Polri T.A. 2024
Jakarta, Jumat (22/3) https://t.co/k3OV3Gu6od",1771493138290311213,https://pbs.twimg.com/media/GJWbfnlbsAAT1zh.jpg,,in,,0,0,0,https://x.com/ppidbrimobsulut/status/1771493138290311213,1227034081407291392,ppidbrimobsulut
1771468677721788824,2024-03-23T09:26:59.000Z,0,"“Tri Brata dan Catur Prasetya jadikan pedoman hidup dalam hal meningkatkan kinerja yang ada.”
Presisi Demi Indonesia #RakernisPolri2024

Kapolri 
Jenderal Polisi Drs. Listyo Sigit Prabowo, https://t.co/deOaXH0GFB.
Pembukaan Rakernis Divisi Polri T.A. 2024
Jakarta, Jumat (22/3) https://t.co/XDF9sw1li3",1771468677721788824,https://pbs.twimg.com/media/GJWFXM7a8AA_jE-.jpg,,in,,0,0,0,https://x.com/PolresNunukan/status/1771468677721788824,1259651843879133185,PolresNunukan
1771445052440485937,2024-03-23T07:53:07.000Z,0,"“Tri Brata dan Catur Prasetya jadikan pedoman hidup dalam hal meningkatkan kinerja yang ada.” Presisi Demi Indonesia #RakernisPolri2024 Kapolri Jenderal Polisi Drs. Listyo Sigit Prabowo, https://t.co/5r78MTcd7k. 
https://t.co/engyGkxPwX",1771445052440485937,,,in,,0,0,0,https://x.com/ditpolairuddiy/status/1771445052440485937,2439261715,ditpolairuddiy
1771441987918635434,2024-03-23T07:40:56.000Z,0,"“Tri Brata dan Catur Prasetya jadikan pedoman hidup dalam hal meningkatkan kinerja yang ada.”
Presisi Demi Indonesia #RakernisPolri2024

Kapolri 
Jenderal Polisi Drs. Listyo Sigit Prabowo, https://t.co/jYoLgyid9h.
https://t.co/BitSkMaMjK",1771441987918635434,,,in,,0,0,0,https://x.com/PolsekCikpus/status/1771441987918635434,1187000254022860801,PolsekCikpus
1771424719436493095,2024-03-23T06:32:19.000Z,0,"“Tri Brata dan Catur Prasetya jadikan pedoman hidup dalam hal meningkatkan kinerja yang ada.”
Presisi Demi Indonesia #RakernisPolri2024

Kapolri 
Jenderal Polisi Drs. Listyo Sigit Prabowo, M. Si.
Pembukaan Rakernis Divisi Polri T.A. 2024 https://t.co/4XmB8ld3Yb",1771424719436493095,https://pbs.twimg.com/media/GJVdZN-bcAAe4Ef.jpg,,in,,0,0,0,https://x.com/PulungPolsek/status/1771424719436493095,974110547091234816,PulungPolsek
1771410279685034181,2024-03-23T05:34:56.000Z,1,"“Tri Brata dan Catur Prasetya jadikan pedoman hidup dalam hal meningkatkan kinerja yang ada.”
Presisi Demi Indonesia #RakernisPolri2024

Kapolri 
Jenderal Polisi Drs. Listyo Sigit Prabowo, https://t.co/GSTmpuJj1u.
Pembukaan Rakernis Divisi Polri T.A. 2024
Jakarta, Jumat (22/3) https://t.co/Ve7nfFMqFc",1771410279685034181,https://pbs.twimg.com/media/GJVQQqwbQAA8W0w.jpg,,in,,0,0,0,https://x.com/brimobsumutnews/status/1771410279685034181,1300369726862798848,brimobsumutnews
1771388505136193747,2024-03-23T04:08:25.000Z,0,"“Tri Brata dan Catur Prasetya jadikan pedoman hidup dalam hal meningkatkan kinerja yang ada.”
Presisi Demi Indonesia #RakernisPolri2024

Kapolri 
Jenderal Polisi Drs. Listyo Sigit Prabowo, https://t.co/nKPLb1dl6k.
Pembukaan Rakernis Divisi Polri T.A. 2024
Jakarta, Jumat (22/3) https://t.co/xkg5Y6Q7LG",1771388505136193747,https://pbs.twimg.com/media/GJU8c8KaMAAYCGL.jpg,,in,,0,0,0,https://x.com/PolsekCwgResKNG/status/1771388505136193747,1587260205704048640,PolsekCwgResKNG
1771374665686204794,2024-03-23T03:13:25.000Z,1,"“Tri Brata dan Catur Prasetya jadikan pedoman hidup dalam hal meningkatkan kinerja yang ada.”
Presisi Demi Indonesia #RakernisPolri2024

Kapolri 
Jenderal Polisi Drs. Listyo Sigit Prabowo, https://t.co/sr9xQASH9m.
Pembukaan Rakernis Divisi Polri T.A. 2024
Jakarta, Jumat (22/3) https://t.co/pahs0LOuzx",1771374665686204794,https://pbs.twimg.com/media/GJUv3reacAAE07-.jpg,,in,,0,0,0,https://x.com/resta_sukabumi/status/1771374665686204794,1052465567569862657,resta_sukabumi
1771365000969670731,2024-03-23T02:35:01.000Z,0,"“Tri Brata dan Catur Prasetya jadikan pedoman hidup dalam hal meningkatkan kinerja yang ada.”
Presisi Demi Indonesia #RakernisPolri2024

Kapolri 
Jenderal Polisi Drs. Listyo Sigit Prabowo, https://t.co/FaCkKWa1qp.
Pembukaan Rakernis Divisi Polri T.A. 2024
Jakarta, Jumat (22/3) https://t.co/X52fzcvtES",1771365000969670731,https://pbs.twimg.com/media/GJUnFJSakAA8Q0M.jpg,,in,,0,0,0,https://x.com/polsekbukitraya/status/1771365000969670731,1294983509983948801,polsekbukitraya
1771364923089817930,2024-03-23T02:34:42.000Z,0,"“Tri Brata dan Catur Prasetya jadikan pedoman hidup dalam hal meningkatkan kinerja yang ada.”
Presisi Demi Indonesia #RakernisPolri2024

Kapolri 
Jenderal Polisi Drs. Listyo Sigit Prabowo, https://t.co/WTtVVvHN04.
Pembukaan Rakernis Divisi Polri T.A. 2024
Jakarta, Jumat (22/3) https://t.co/sZzr1elYXd",1771364923089817930,https://pbs.twimg.com/media/GJUnAEeaQAAerbp.jpg,,in,,0,0,0,https://x.com/Humas_Pontianak/status/1771364923089817930,1089210006816223232,Humas_Pontianak
1771321197353144482,2024-03-22T23:40:57.000Z,0,"“Tri Brata dan Catur Prasetya jadikan pedoman hidup dalam hal meningkatkan kinerja yang ada.”
Presisi Demi Indonesia #RakernisPolri2024

Kapolri 
Jenderal Polisi Drs. Listyo Sigit Prabowo, https://t.co/y5PyPGb6VI.
Pembukaan Rakernis Divisi Polri T.A. 2024
Jakarta, Jumat (22/3) https://t.co/zqsoogScOX",1771321197353144482,https://pbs.twimg.com/media/GJT_OWqaAAAnp4a.jpg,,in,,0,0,0,https://x.com/POLSEKMMS2022/status/1771321197353144482,1589490472627896320,POLSEKMMS2022
1771300221911453945,2024-03-22T22:17:36.000Z,0,"“Tri Brata dan Catur Prasetya jadikan pedoman hidup dalam hal meningkatkan kinerja yang ada.”
Presisi Demi Indonesia #RakernisPolri2024

Kapolri 
Jenderal Polisi Drs. Listyo Sigit Prabowo, https://t.co/n8wKLJXz2s.
Pembukaan Rakernis Divisi Polri T.A. 2024
Jakarta, Jumat (22/3) https://t.co/n4oqkPuzDG",1771300221911453945,https://pbs.twimg.com/media/GJTsKgYacAEz644.jpg,,in,,0,0,0,https://x.com/RiausilipPolsek/status/1771300221911453945,1587094726343217152,RiausilipPolsek
1771234767088021741,2024-03-22T17:57:31.000Z,0,"KEKERASAN DAMPAK DARI KEKECEWAAN MASYARAKAT DARI APARAT PENEGAK HUKUM DI NEGERI NYA SENDIRI YG GAK PROFESIONAL...
KINERJA YG SANGAT BURUK DARI PIMPINAN POLISI PUN GAK PERNAH DI EVALUASI OLEH PRESIDEN.. 
PERLAKUAN HUKUM RAKYAT YG SAMA KE KORUPTOR TINGGAL MENUNGGU WAKTUNYA!!!.",1771234767088021741,,,in,,0,0,0,https://x.com/M17522147/status/1771234767088021741,891883949571457024,M17522147
1771224191917818011,2024-03-22T17:15:29.000Z,0,"“Tri Brata dan Catur Prasetya jadikan pedoman hidup dalam hal meningkatkan kinerja yang ada.”
Presisi Demi Indonesia #RakernisPolri2024

Kapolri 
Jenderal Polisi Drs. Listyo Sigit Prabowo, https://t.co/v9eoqqziCj.
Pembukaan Rakernis Divisi Polri T.A. 2024
Jakarta, Jumat (22/3) https://t.co/uNhPtFrsWt",1771224191917818011,https://pbs.twimg.com/media/GJSnA_DacAA_WSW.jpg,,in,,0,0,0,https://x.com/PolsekCilandak9/status/1771224191917818011,1279956647914299392,PolsekCilandak9
1771209030368956657,2024-03-22T16:15:14.000Z,1,"“Tri Brata dan Catur Prasetya jadikan pedoman hidup dalam hal meningkatkan kinerja yang ada.”
Presisi Demi Indonesia #RakernisPolri2024

Kapolri 
Jenderal Polisi Drs. Listyo Sigit Prabowo, https://t.co/wmNU774sbt.
Pembukaan Rakernis Divisi Polri T.A. 2024
Jakarta, Jumat (22/3)",1771209030368956657,,,in,,0,0,0,https://x.com/PolsekRejoso10/status/1771209030368956657,1454270238363557895,PolsekRejoso10
1771205240072655149,2024-03-22T16:00:11.000Z,0,"“Tri Brata dan Catur Prasetya jadikan pedoman hidup dalam hal meningkatkan kinerja yang ada.”
Presisi Demi Indonesia #RakernisPolri2024

Kapolri 
Jenderal Polisi Drs. Listyo Sigit Prabowo, https://t.co/eKmsqHK91S.
Pembukaan Rakernis Divisi Polri T.A. 2024
Jakarta, Jumat (22/3) https://t.co/coWDTY4L54",1771205240072655149,https://pbs.twimg.com/media/GJSVwZuasAAP4YN.jpg,,in,,0,0,0,https://x.com/SEKPamonaBarat/status/1771205240072655149,1091165346520682498,SEKPamonaBarat
1771203429756555391,2024-03-22T15:52:59.000Z,0,"“Tri Brata dan Catur Prasetya jadikan pedoman hidup dalam hal meningkatkan kinerja yang ada.”
Presisi Demi Indonesia #RakernisPolri2024

Kapolri 
Jenderal Polisi Drs. Listyo Sigit Prabowo, https://t.co/Ig2CkQ9YUF.
Pembukaan Rakernis Divisi Polri T.A. 2024
Jakarta, Jumat (22/3) https://t.co/QAoN4MI7iv",1771203429756555391,https://pbs.twimg.com/media/GJSUIbJaQAEWqqF.jpg,,in,,0,0,0,https://x.com/setu_polsek/status/1771203429756555391,1600662626144780288,setu_polsek
1771202729035096280,2024-03-22T15:50:12.000Z,0,"“Tri Brata dan Catur Prasetya jadikan pedoman hidup dalam hal meningkatkan kinerja yang ada.”
Presisi Demi Indonesia #RakernisPolri2024

Kapolri 
Jenderal Polisi Drs. Listyo Sigit Prabowo, https://t.co/IkW2TYsZSQ.
Pembukaan Rakernis Divisi Polri T.A. 2024
Jakarta, Jumat (22/3)",1771202729035096280,,,in,,0,0,0,https://x.com/HumasNgluyu/status/1771202729035096280,1440816751160135694,HumasNgluyu
1771196718631006381,2024-03-22T15:26:19.000Z,0,"“Tri Brata dan Catur Prasetya jadikan pedoman hidup dalam hal meningkatkan kinerja yang ada.”
Presisi Demi Indonesia #RakernisPolri2024

Kapolri 
Jenderal Polisi Drs. Listyo Sigit Prabowo, https://t.co/GOGHUXXUhw.
Pembukaan Rakernis Divisi Polri T.A. 2024
Jakarta, Jumat (22/3) https://t.co/PG1a40v0gw",1771196718631006381,https://pbs.twimg.com/media/GJSOB1TaYAA3iRF.jpg,,in,,0,0,0,https://x.com/humas_polsekjtu/status/1771196718631006381,1252130644395618304,humas_polsekjtu
1771194716266123770,2024-03-22T15:18:22.000Z,0,"“Tri Brata dan Catur Prasetya jadikan pedoman hidup dalam hal meningkatkan kinerja yang ada.”
Presisi Demi Indonesia #RakernisPolri2024

Kapolri 
Jenderal Polisi Drs. Listyo Sigit Prabowo, https://t.co/ifOluEff1h.
Pembukaan Rakernis Divisi Polri T.A. 2024
Jakarta, Jumat (22/3) https://t.co/SRVDAegsmC",1771194716266123770,https://pbs.twimg.com/media/GJSMF81bcAADrsJ.jpg,,in,,0,0,0,https://x.com/MakhinSusanto/status/1771194716266123770,1611166356879323137,MakhinSusanto
1771194594576785589,2024-03-22T15:17:53.000Z,1,"“Tri Brata dan Catur Prasetya jadikan pedoman hidup dalam hal meningkatkan kinerja yang ada.”
Presisi Demi Indonesia #RakernisPolri2024

Kapolri 
Jenderal Polisi Drs. Listyo Sigit Prabowo, https://t.co/Wb3QaipVFT.
Pembukaan Rakernis Divisi Polri T.A. 2024
Jakarta, Jumat (22/3) https://t.co/1fwhPEA9BJ",1771194594576785589,https://pbs.twimg.com/media/GJSMENgbMAAEb4n.jpg,,in,,0,0,0,https://x.com/PolresTW/status/1771194594576785589,1468109313977683978,PolresTW
1771194409511432299,2024-03-22T15:17:09.000Z,0,"Kapolri 
Jenderal Polisi Drs. Listyo Sigit Prabowo, https://t.co/7OTlYTRSGt.
Pembukaan Rakernis Divisi Polri T.A. 2024
Jakarta, Jumat (22/3)
“Tri Brata dan Catur Prasetya jadikan pedoman hidup dalam hal meningkatkan kinerja yang ada.”
Presisi Demi Indonesia #RakernisPolri2024 https://t.co/R1LzUrjcQJ",1771194409511432299,https://pbs.twimg.com/media/GJSL65rbcAAoIW4.jpg,,in,,0,0,0,https://x.com/PolsekPosokota2/status/1771194409511432299,1510464346937503745,PolsekPosokota2
1771187860445483013,2024-03-22T14:51:07.000Z,0,"“Tri Brata dan Catur Prasetya jadikan pedoman hidup dalam hal meningkatkan kinerja yang ada.”
Presisi Demi Indonesia #RakernisPolri2024

Kapolri 
Jenderal Polisi Drs. Listyo Sigit Prabowo, https://t.co/Jl2HEr0Z8S.
Pembukaan Rakernis Divisi Polri T.A. 2024
Jakarta, Jumat (22/3) https://t.co/Rk5jlVo4wa",1771187860445483013,https://pbs.twimg.com/media/GJSF9kPbYAAAggk.jpg,,in,,0,0,0,https://x.com/HumasPkp/status/1771187860445483013,1197013912593395713,HumasPkp
1771183826699477256,2024-03-22T14:35:05.000Z,2,"“Tri Brata dan Catur Prasetya jadikan pedoman hidup dalam hal meningkatkan kinerja yang ada.”
Presisi Demi Indonesia #RakernisPolri2024

Kapolri 
Jenderal Polisi Drs. Listyo Sigit Prabowo, https://t.co/odXzL0PQJL.
Pembukaan Rakernis Divisi Polri T.A. 2024
Jakarta, Jumat (22/3) https://t.co/ANOk3ubm58",1771183826699477256,https://pbs.twimg.com/media/GJSCSqjbAAAprn1.jpg,,in,,0,0,0,https://x.com/BidhumasKalbar/status/1771183826699477256,1341795113685532672,BidhumasKalbar
1771183773926805903,2024-03-22T14:34:53.000Z,1,"“Tri Brata dan Catur Prasetya jadikan pedoman hidup dalam hal meningkatkan kinerja yang ada.”
Presisi Demi Indonesia #RakernisPolri2024

Kapolri 
Jenderal Polisi Drs. Listyo Sigit Prabowo, https://t.co/rLP1S8To4S.
Pembukaan Rakernis Divisi Polri T.A. 2024
Jakarta, Jumat (22/3) https://t.co/58XCxZFMOD",1771183773926805903,https://pbs.twimg.com/media/GJSCQVoakAAxANO.jpg,,in,,0,0,0,https://x.com/gantung_polsek/status/1771183773926805903,1586983016387072000,gantung_polsek
1771181764653842684,2024-03-22T14:26:54.000Z,0,"“Tri Brata dan Catur Prasetya jadikan pedoman hidup dalam hal meningkatkan kinerja yang ada.”
Presisi Demi Indonesia #RakernisPolri2024

Kapolri 
Jenderal Polisi Drs. Listyo Sigit Prabowo, https://t.co/AxEt0VcJUc.
Pembukaan Rakernis Divisi Polri T.A. 2024
Jakarta, Jumat (22/3) https://t.co/g0noyLtFy5",1771181764653842684,https://pbs.twimg.com/media/GJSAbVaaYAA8T4i.jpg,,in,,0,0,0,https://x.com/Humas_Karsa/status/1771181764653842684,1578304408630489090,Humas_Karsa
1771175247385157673,2024-03-22T14:01:00.000Z,0,"“Tri Brata dan Catur Prasetya jadikan pedoman hidup dalam hal meningkatkan kinerja yang ada.”
Presisi Demi Indonesia #RakernisPolri2024

Kapolri 
Jenderal Polisi Drs. Listyo Sigit Prabowo, https://t.co/O7ZKXoCdz2.
Pembukaan Rakernis Divisi Polri T.A. 2024
Jakarta, Jumat (22/3) https://t.co/JyPLqk5Zz8",1771175247385157673,https://pbs.twimg.com/media/GJR6fa6awAAXgwI.jpg,,in,,0,0,0,https://x.com/SektorSepatan/status/1771175247385157673,1185843118152667136,SektorSepatan
1771174030558798018,2024-03-22T13:56:10.000Z,1,"“Tri Brata dan Catur Prasetya jadikan pedoman hidup dalam hal meningkatkan kinerja yang ada.”
Presisi Demi Indonesia #RakernisPolri2024

Kapolri 
Jenderal Polisi Drs. Listyo Sigit Prabowo, https://t.co/EfMjRC7bdr.
Pembukaan Rakernis Divisi Polri T.A. 2024
Jakarta, Jumat (22/3) https://t.co/CLnGrCGL1u",1771174030558798018,https://pbs.twimg.com/media/GJR5ZMwa0AAegdC.jpg,,in,,0,0,0,https://x.com/PolsekDlingo/status/1771174030558798018,1590218330803093505,PolsekDlingo
1771170532651679915,2024-03-22T13:42:16.000Z,0,"“Tri Brata dan Catur Prasetya jadikan pedoman hidup dalam hal meningkatkan kinerja yang ada.”
Presisi Demi Indonesia #RakernisPolri2024

Kapolri 
Jenderal Polisi Drs. Listyo Sigit Prabowo, https://t.co/H2PNCTq1Lz.
Pembukaan Rakernis Divisi Polri T.A. 2024
Jakarta, Jumat (22/3) https://t.co/xvfabc2CJf",1771170532651679915,https://pbs.twimg.com/media/GJR2KOIbsAEhy_d.jpg,,in,,0,0,0,https://x.com/humaspolreswk/status/1771170532651679915,767610884269146112,humaspolreswk
1771141205163979008,2024-03-22T11:45:44.000Z,1,"“Tri Brata dan Catur Prasetya jadikan pedoman hidup dalam hal meningkatkan kinerja yang ada.”
Presisi Demi Indonesia #RakernisPolri2024

Kapolri 
Jenderal Polisi Drs. Listyo Sigit Prabowo, https://t.co/VB4kWuJVaK.
Pembukaan Rakernis Divisi Polri T.A. 2024
Jakarta, Jumat (22/3) https://t.co/4vrA7N8Pkt",1771141205163979008,https://pbs.twimg.com/media/GJRbijZW8AA9wkp.jpg,,in,,0,0,0,https://x.com/HumasJatiasih/status/1771141205163979008,1594221561703149569,HumasJatiasih
1771140608113197065,2024-03-22T11:43:21.000Z,0,"“Tri Brata dan Catur Prasetya jadikan pedoman hidup dalam hal meningkatkan kinerja yang ada.”
Presisi Demi Indonesia #RakernisPolri2024

Kapolri 
Jenderal Polisi Drs. Listyo Sigit Prabowo, https://t.co/kImI7k7ZtC.
Pembukaan Rakernis Divisi Polri T.A. 2024
Jakarta, Jumat (22/3) https://t.co/1jrlSxPuoi",1771140608113197065,https://pbs.twimg.com/media/GJRa-_VagAAfpW7.jpg,,in,,0,0,0,https://x.com/resbatanghari/status/1771140608113197065,1668129540839964672,resbatanghari
1771140587753996700,2024-03-22T11:43:16.000Z,3,"“Tri Brata dan Catur Prasetya jadikan pedoman hidup dalam hal meningkatkan kinerja yang ada.”
Presisi Demi Indonesia #RakernisPolri2024

Kapolri 
Jenderal Polisi Drs. Listyo Sigit Prabowo, https://t.co/ochp5I1nus.
Pembukaan Rakernis Divisi Polri T.A. 2024
Jakarta, Jumat (22/3) https://t.co/fufmIy4aYi",1771140587753996700,https://pbs.twimg.com/media/GJRa-k0bsAAPJuV.jpg,,in,,0,0,0,https://x.com/PolsekPanggang1/status/1771140587753996700,1588042399325954048,PolsekPanggang1
1771140417733689770,2024-03-22T11:42:36.000Z,0,"“Tri Brata dan Catur Prasetya jadikan pedoman hidup dalam hal meningkatkan kinerja yang ada.”
Presisi Demi Indonesia #RakernisPolri2024

Kapolri 
Jenderal Polisi Drs. Listyo Sigit Prabowo, https://t.co/yq59HGab5Z.
Pembukaan Rakernis Divisi Polri T.A. 2024
Jakarta, Jumat (22/3) https://t.co/9rKWgxjOaJ",1771140417733689770,https://pbs.twimg.com/media/GJRa0s5aUAAH8Rt.jpg,,in,,0,0,0,https://x.com/JayapuraKota/status/1771140417733689770,859009737123258368,JayapuraKota
1771140214205059137,2024-03-22T11:41:47.000Z,1,"“Tri Brata dan Catur Prasetya jadikan pedoman hidup dalam hal meningkatkan kinerja yang ada.”
Presisi Demi Indonesia #RakernisPolri2024

Kapolri 
Jenderal Polisi Drs. Listyo Sigit Prabowo, https://t.co/ZJALxrWDu8.
Pembukaan Rakernis Divisi Polri T.A. 2024
Jakarta, Jumat (22/3) https://t.co/E8o2hpL8qg",1771140214205059137,https://pbs.twimg.com/media/GJRaofJa0AAD-US.jpg,,in,,0,0,0,https://x.com/PolsekmatramanH/status/1771140214205059137,1258676516965068802,PolsekmatramanH
1771139888001478795,2024-03-22T11:40:30.000Z,1,"“Tri Brata dan Catur Prasetya jadikan pedoman hidup dalam hal meningkatkan kinerja yang ada.”
Presisi Demi Indonesia #RakernisPolri2024

Kapolri 
Jenderal Polisi Drs. Listyo Sigit Prabowo, https://t.co/n7ePz4vBfJ.
Pembukaan Rakernis Divisi Polri T.A. 2024
Jakarta, Jumat (22/3)",1771139888001478795,,,in,,0,0,0,https://x.com/SekNgronggot5/status/1771139888001478795,1454281913397432321,SekNgronggot5
1771139883446460838,2024-03-22T11:40:29.000Z,0,"“Tri Brata dan Catur Prasetya jadikan pedoman hidup dalam hal meningkatkan kinerja yang ada.”
Presisi Demi Indonesia #RakernisPolri2024

Kapolri 
Jenderal Polisi Drs. Listyo Sigit Prabowo, https://t.co/yMss4uuw2l.
Pembukaan Rakernis Divisi Polri T.A. 2024
Jakarta, Jumat (22/3) https://t.co/0aZpYoxvbT",1771139883446460838,https://pbs.twimg.com/media/GJRaVnFbsAAWzvJ.jpg,,in,,0,0,0,https://x.com/PolsekGala/status/1771139883446460838,1586904072602255361,PolsekGala
1771138943003889901,2024-03-22T11:36:44.000Z,6,"“Tri Brata dan Catur Prasetya jadikan pedoman hidup dalam hal meningkatkan kinerja yang ada.”
Presisi Demi Indonesia #RakernisPolri2024

Kapolri 
Jenderal Polisi Drs. Listyo Sigit Prabowo, https://t.co/ava1MOlIh9.
Pembukaan Rakernis Divisi Polri T.A. 2024
Jakarta, Jumat (22/3) https://t.co/ge2vWjP9L9",1771138943003889901,https://pbs.twimg.com/media/GJRZexqaIAAf9t-.jpg,,in,,0,0,0,https://x.com/HNgawen/status/1771138943003889901,1235807749214064642,HNgawen
1771138233004683374,2024-03-22T11:33:55.000Z,0,"“Tri Brata dan Catur Prasetya jadikan pedoman hidup dalam hal meningkatkan kinerja yang ada.”
Presisi Demi Indonesia #RakernisPolri2024

Kapolri 
Jenderal Polisi Drs. Listyo Sigit Prabowo, https://t.co/yms06Nlm5P.
Pembukaan Rakernis Divisi Polri T.A. 2024
Jakarta, Jumat (22/3) https://t.co/CHG6Xgqt0c",1771138233004683374,https://pbs.twimg.com/media/GJRY1e5bkAAh11K.jpg,,in,,0,0,0,https://x.com/POLSEKPAMEUNGP6/status/1771138233004683374,1430389731884343298,POLSEKPAMEUNGP6
1771137941722775837,2024-03-22T11:32:46.000Z,0,"“Tri Brata dan Catur Prasetya jadikan pedoman hidup dalam hal meningkatkan kinerja yang ada.”
Presisi Demi Indonesia #RakernisPolri2024

Kapolri 
Jenderal Polisi Drs. Listyo Sigit Prabowo, https://t.co/lWMQlIH4fR.
Pembukaan Rakernis Divisi Polri T.A. 2024
Jakarta, Jumat (22/3) https://t.co/p2Sgb7HVXE",1771137941722775837,https://pbs.twimg.com/media/GJRYkV1boAASoL-.jpg,,in,,0,0,0,https://x.com/HumasResPWK/status/1771137941722775837,1706937185692475392,HumasResPWK
1771137635081392286,2024-03-22T11:31:33.000Z,0,"“Tri Brata dan Catur Prasetya jadikan pedoman hidup dalam hal meningkatkan kinerja yang ada.”
Presisi Demi Indonesia #RakernisPolri2024

Kapolri 
Jenderal Polisi Drs. Listyo Sigit Prabowo, https://t.co/PmHG2pGWuA.
Pembukaan Rakernis Divisi Polri T.A. 2024
Jakarta, Jumat (22/3) https://t.co/8bD3tSvHUe",1771137635081392286,https://pbs.twimg.com/media/GJRYSslbYAAf9HW.jpg,,in,,0,0,0,https://x.com/bungoropolsek1/status/1771137635081392286,1566610340149833728,bungoropolsek1
1771137479682539560,2024-03-22T11:30:55.000Z,0,"“Tri Brata dan Catur Prasetya jadikan pedoman hidup dalam hal meningkatkan kinerja yang ada.”
Presisi Demi Indonesia #RakernisPolri2024

Kapolri 
Jenderal Polisi Drs. Listyo Sigit Prabowo, https://t.co/RYu9HvbPlr.
Pembukaan Rakernis Divisi Polri T.A. 2024
Jakarta, Jumat (22/3) https://t.co/gyCuzdtQXR",1771137479682539560,https://pbs.twimg.com/media/GJRYJqga0AAyvqQ.jpg,,in,,0,0,0,https://x.com/PolsekAntapani_/status/1771137479682539560,1751247483869839360,PolsekAntapani_
1771137016698478623,2024-03-22T11:29:05.000Z,0,"“Tri Brata dan Catur Prasetya jadikan pedoman hidup dalam hal meningkatkan kinerja yang ada.”
Presisi Demi Indonesia #RakernisPolri2024

Kapolri 
Jenderal Polisi Drs. Listyo Sigit Prabowo, https://t.co/pYrIwn6EOR.
Pembukaan Rakernis Divisi Polri T.A. 2024
Jakarta, Jumat (22/3) https://t.co/ctxyA94ADl",1771137016698478623,https://pbs.twimg.com/media/GJRXuuBbIAAzzok.jpg,,in,,0,0,0,https://x.com/pidressitubondo/status/1771137016698478623,218735896,pidressitubondo
1771136800414945489,2024-03-22T11:28:14.000Z,0,"“Tri Brata dan Catur Prasetya jadikan pedoman hidup dalam hal meningkatkan kinerja yang ada.”
Presisi Demi Indonesia #RakernisPolri2024

Kapolri 
Jenderal Polisi Drs. Listyo Sigit Prabowo, https://t.co/ndG9GrmW7o.
Pembukaan Rakernis Divisi Polri T.A. 2024
Jakarta, Jumat (22/3) https://t.co/c9GhzIRqhf",1771136800414945489,https://pbs.twimg.com/media/GJRXhCpawAEi7Jy.jpg,,in,,0,0,0,https://x.com/polrespasaman/status/1771136800414945489,1184419459936612352,polrespasaman
1771136604985569733,2024-03-22T11:27:27.000Z,0,"“Tri Brata dan Catur Prasetya jadikan pedoman hidup dalam hal meningkatkan kinerja yang ada.”
Presisi Demi Indonesia #RakernisPolri2024

Kapolri 
Jenderal Polisi Drs. Listyo Sigit Prabowo, https://t.co/OYyOMfNFbi.
Pembukaan Rakernis Divisi Polri T.A. 2024
Jakarta, Jumat (22/3) https://t.co/apSql2VtL1",1771136604985569733,https://pbs.twimg.com/media/GJRXWwiaIAA8714.jpg,,in,,0,0,0,https://x.com/KerinciPolres/status/1771136604985569733,1222410650925719552,KerinciPolres
1771136364224172133,2024-03-22T11:26:30.000Z,0,"“Tri Brata dan Catur Prasetya jadikan pedoman hidup dalam hal meningkatkan kinerja yang ada.”
Presisi Demi Indonesia #RakernisPolri2024

Kapolri 
Jenderal Polisi Drs. Listyo Sigit Prabowo, https://t.co/QWNDLrcOm0.
Pembukaan Rakernis Divisi Polri T.A. 2024
Jakarta, Jumat (22/3) https://t.co/IAEf0pW046",1771136364224172133,https://pbs.twimg.com/media/GJRXIXFasAEgs4V.jpg,,in,,0,0,0,https://x.com/humas_jaksel/status/1771136364224172133,1580421611009646592,humas_jaksel
1771135927395737854,2024-03-22T11:24:45.000Z,10,"“Tri Brata dan Catur Prasetya jadikan pedoman hidup dalam hal meningkatkan kinerja yang ada.”
Presisi Demi Indonesia #RakernisPolri2024

Kapolri 
Jenderal Polisi Drs. Listyo Sigit Prabowo, https://t.co/NoYUQMjoXj.
Pembukaan Rakernis Divisi Polri T.A. 2024
Jakarta, Jumat (22/3) https://t.co/erc7BPWeXj",1771135927395737854,https://pbs.twimg.com/media/GJRWvUTasAAB5UQ.jpg,,in,,0,4,0,https://x.com/GkPatuk/status/1771135927395737854,1236927039585652737,GkPatuk
1771135634398482577,2024-03-22T11:23:36.000Z,1,"“Tri Brata dan Catur Prasetya jadikan pedoman hidup dalam hal meningkatkan kinerja yang ada.”
Presisi Demi Indonesia #RakernisPolri2024

Kapolri 
Jenderal Polisi Drs. Listyo Sigit Prabowo, https://t.co/QHf5FYz5vm.
Pembukaan Rakernis Divisi Polri T.A. 2024
Jakarta, Jumat (22/3) https://t.co/I02aPvy9Zc",1771135634398482577,https://pbs.twimg.com/media/GJRWd3laUAAYfrx.jpg,,in,,0,0,0,https://x.com/Humas_Res_Bkt/status/1771135634398482577,201535121,Humas_Res_Bkt
1771135225227276405,2024-03-22T11:21:58.000Z,2,"“Tri Brata dan Catur Prasetya jadikan pedoman hidup dalam hal meningkatkan kinerja yang ada.”
Presisi Demi Indonesia #RakernisPolri2024

Kapolri 
Jenderal Polisi Drs. Listyo Sigit Prabowo, https://t.co/18NedpCOQG.
Pembukaan Rakernis Divisi Polri T.A. 2024
Jakarta, Jumat (22/3) https://t.co/NIBdKWQBFq",1771135225227276405,https://pbs.twimg.com/media/GJRWGb6bMAA43cv.jpg,,in,,0,0,0,https://x.com/humaspolsekgk/status/1771135225227276405,1155119184784711683,humaspolsekgk
1771134965830611301,2024-03-22T11:20:56.000Z,0,"“Tri Brata dan Catur Prasetya jadikan pedoman hidup dalam hal meningkatkan kinerja yang ada.”
Presisi Demi Indonesia #RakernisPolri2024

Kapolri 
Jenderal Polisi Drs. Listyo Sigit Prabowo, https://t.co/CGYaRTewpH.
Pembukaan Rakernis Divisi Polri T.A. 2024
Jakarta, Jumat (22/3) https://t.co/0lWpTS0RY2",1771134965830611301,https://pbs.twimg.com/media/GJRV3SSb0AAPork.jpg,,in,,0,0,0,https://x.com/Polsekmapsu19/status/1771134965830611301,1398155916768280578,Polsekmapsu19
1771134656358064142,2024-03-22T11:19:42.000Z,0,"“Tri Brata dan Catur Prasetya jadikan pedoman hidup dalam hal meningkatkan kinerja yang ada.”
Presisi Demi Indonesia #RakernisPolri2024

Kapolri 
Jenderal Polisi Drs. Listyo Sigit Prabowo, https://t.co/lVOkZaz77r.
Pembukaan Rakernis Divisi Polri T.A. 2024
Jakarta, Jumat (22/3) https://t.co/4VPlJeZHJC",1771134656358064142,https://pbs.twimg.com/media/GJRVlU_bgAEuBGu.jpg,,in,,0,0,0,https://x.com/andiSuryaDinat5/status/1771134656358064142,1272833161177645056,andiSuryaDinat5
1771134269567734251,2024-03-22T11:18:10.000Z,0,"“Tri Brata dan Catur Prasetya jadikan pedoman hidup dalam hal meningkatkan kinerja yang ada.”
Presisi Demi Indonesia #RakernisPolri2024

Kapolri 
Jenderal Polisi Drs. Listyo Sigit Prabowo, https://t.co/Q9QWRD6IpJ.
Pembukaan Rakernis Divisi Polri T.A. 2024
Jakarta, Jumat (22/3) https://t.co/WZ3kPGW8DS",1771134269567734251,https://pbs.twimg.com/media/GJRVOzja0AAtq5W.jpg,,in,,0,0,0,https://x.com/polsek_skjd/status/1771134269567734251,1595352231376990208,polsek_skjd
1771133798794883432,2024-03-22T11:16:18.000Z,2,"“Tri Brata dan Catur Prasetya jadikan pedoman hidup dalam hal meningkatkan kinerja yang ada.”
Presisi Demi Indonesia #RakernisPolri2024

Kapolri 
Jenderal Polisi Drs. Listyo Sigit Prabowo, https://t.co/kmvUyVD7cV.
Pembukaan Rakernis Divisi Polri T.A. 2024
Jakarta, Jumat (22/3) https://t.co/1wIk5cRJYV",1771133798794883432,https://pbs.twimg.com/media/GJRUza4agAETN4Y.jpg,,in,,0,0,0,https://x.com/M_PolresBanjar/status/1771133798794883432,1449930863135780867,M_PolresBanjar
1771133577843146773,2024-03-22T11:15:25.000Z,2,"“Tri Brata dan Catur Prasetya jadikan pedoman hidup dalam hal meningkatkan kinerja yang ada.”
Presisi Demi Indonesia #RakernisPolri2024

Kapolri 
Jenderal Polisi Drs. Listyo Sigit Prabowo, https://t.co/A9i3JQbVoY.
Pembukaan Rakernis Divisi Polri T.A. 2024
Jakarta, Jumat (22/3) https://t.co/OOaFLAFwh1",1771133577843146773,https://pbs.twimg.com/media/GJRUl6LaAAEDWCk.jpg,,in,,0,0,0,https://x.com/PonjongPolsek/status/1771133577843146773,1246595386170429440,PonjongPolsek
1771133567835439526,2024-03-22T11:15:23.000Z,0,"“Tri Brata dan Catur Prasetya jadikan pedoman hidup dalam hal meningkatkan kinerja yang ada.”
Presisi Demi Indonesia #RakernisPolri2024

Kapolri 
Jenderal Polisi Drs. Listyo Sigit Prabowo, https://t.co/O1myxEFiN5
Pembukaan Rakernis Divisi Polri T.A. 2024 https://t.co/SUaHuKIWWk",1771133567835439526,https://pbs.twimg.com/media/GJRUluRbwAAog8R.jpg,,in,,0,0,0,https://x.com/PolrestaSleman/status/1771133567835439526,2152315448,PolrestaSleman
1771133423496953974,2024-03-22T11:14:48.000Z,0,"“Tri Brata dan Catur Prasetya jadikan pedoman hidup dalam hal meningkatkan kinerja yang ada.”
Presisi Demi Indonesia #RakernisPolri2024

Kapolri 
Jenderal Polisi Drs. Listyo Sigit Prabowo, https://t.co/vwLQ8gI13D.
Pembukaan Rakernis Divisi Polri T.A. 2024
Jakarta, Jumat (22/3) https://t.co/MYpa0c3dIG",1771133423496953974,https://pbs.twimg.com/media/GJRUb86aEAA6Sw8.jpg,,in,,0,0,0,https://x.com/humas_poldaPB/status/1771133423496953974,745397756999524354,humas_poldaPB
1771133205497983388,2024-03-22T11:13:56.000Z,1,"“Tri Brata dan Catur Prasetya jadikan pedoman hidup dalam hal meningkatkan kinerja yang ada.”
Presisi Demi Indonesia #RakernisPolri2024

Kapolri 
Jenderal Polisi Drs. Listyo Sigit Prabowo, https://t.co/fIuc57jNn9.
Pembukaan Rakernis Divisi Polri T.A. 2024
Jakarta, Jumat (22/3) https://t.co/nXzqJgYKN1",1771133205497983388,https://pbs.twimg.com/media/GJRUL01boAA4uHQ.jpg,,in,,0,0,0,https://x.com/humaspolresaga3/status/1771133205497983388,1502517737754542086,humaspolresaga3
1771132956368843210,2024-03-22T11:12:57.000Z,0,"“Tri Brata dan Catur Prasetya jadikan pedoman hidup dalam hal meningkatkan kinerja yang ada.”
Presisi Demi Indonesia #RakernisPolri2024

Kapolri 
Jenderal Polisi Drs. Listyo Sigit Prabowo, https://t.co/PGFe4xKDQG.
Pembukaan Rakernis Divisi Polri T.A. 2024
Jakarta, Jumat (22/3) https://t.co/YKLKdgcPJ7",1771132956368843210,https://pbs.twimg.com/media/GJRUCWTa0AA7GlP.jpg,,in,,0,0,0,https://x.com/humaspolres_cjr/status/1771132956368843210,1166188967558934528,humaspolres_cjr
1771132622875558001,2024-03-22T11:11:38.000Z,3,"“Tri Brata dan Catur Prasetya jadikan pedoman hidup dalam hal meningkatkan kinerja yang ada.”
Presisi Demi Indonesia #RakernisPolri2024

Kapolri 
Jenderal Polisi Drs. Listyo Sigit Prabowo, https://t.co/Z44DQ5Cdzb.
Pembukaan Rakernis Divisi Polri T.A. 2024
Jakarta, Jumat (22/3) https://t.co/lD1SrOITq6",1771132622875558001,https://pbs.twimg.com/media/GJRTu-cagAAzt2s.jpg,,in,,0,0,0,https://x.com/PolsekCangkuang/status/1771132622875558001,1372940096551280643,PolsekCangkuang
1771132025745084836,2024-03-22T11:09:15.000Z,0,"“Tri Brata dan Catur Prasetya jadikan pedoman hidup dalam hal meningkatkan kinerja yang ada.”
Presisi Demi Indonesia #RakernisPolri2024

Kapolri 
Jenderal Polisi Drs. Listyo Sigit Prabowo, https://t.co/92eC1RQpkr.
Pembukaan Rakernis Divisi Polri T.A. 2024
Jakarta, Jumat (22/3) https://t.co/CvUIOILF1A",1771132025745084836,https://pbs.twimg.com/media/GJRTMNRaAAAgXA8.jpg,,in,,0,0,0,https://x.com/SliyegPolsek/status/1771132025745084836,1270975514199486464,SliyegPolsek
1771131867603046684,2024-03-22T11:08:37.000Z,0,"“Tri Brata dan Catur Prasetya jadikan pedoman hidup dalam hal meningkatkan kinerja yang ada.”
Presisi Demi Indonesia #RakernisPolri2024

Kapolri 
Jenderal Polisi Drs. Listyo Sigit Prabowo, https://t.co/8n0DptAMIu.
Pembukaan Rakernis Divisi Polri T.A. 2024
Jakarta, Jumat (22/3) https://t.co/FSotPXjW8q",1771131867603046684,https://pbs.twimg.com/media/GJRTC-EaYAEBQ9i.jpg,,in,,0,0,0,https://x.com/polresbjb/status/1771131867603046684,1439087851711303681,polresbjb
1771131601998774725,2024-03-22T11:07:34.000Z,0,"“Tri Brata dan Catur Prasetya jadikan pedoman hidup dalam hal meningkatkan kinerja yang ada.”
Presisi Demi Indonesia #RakernisPolri2024

Kapolri 
Jenderal Polisi Drs. Listyo Sigit Prabowo, https://t.co/t89LLrFtxf.
Pembukaan Rakernis Divisi Polri T.A. 2024
Jakarta, Jumat (22/3) https://t.co/jz5kBgMwhX",1771131601998774725,https://pbs.twimg.com/media/GJRSzApbYAASrNl.jpg,,in,,0,0,0,https://x.com/PolsekIbun/status/1771131601998774725,1587073428560846848,PolsekIbun
1771131321009787363,2024-03-22T11:06:27.000Z,0,"“Tri Brata dan Catur Prasetya jadikan pedoman hidup dalam hal meningkatkan kinerja yang ada.”
Presisi Demi Indonesia #RakernisPolri2024

Kapolri 
Jenderal Polisi Drs. Listyo Sigit Prabowo, https://t.co/f6ERqYCuKW.
Pembukaan Rakernis Divisi Polri T.A. 2024
Jakarta, Jumat (22/3) https://t.co/sXVBZ940FA",1771131321009787363,https://pbs.twimg.com/media/GJRSjIbWMAA6-eU.jpg,,in,,0,0,0,https://x.com/PolsekTarumaja1/status/1771131321009787363,1187187710227697665,PolsekTarumaja1
1771130807446311406,2024-03-22T11:04:25.000Z,1,"“Tri Brata dan Catur Prasetya jadikan pedoman hidup dalam hal meningkatkan kinerja yang ada.”
Presisi Demi Indonesia #RakernisPolri2024

Kapolri 
Jenderal Polisi Drs. Listyo Sigit Prabowo, https://t.co/OG2HumjJhr.
Pembukaan Rakernis Divisi Polri T.A. 2024
Jakarta, Jumat (22/3) https://t.co/EzrzsyCVDp",1771130807446311406,https://pbs.twimg.com/media/GJRSE7PaUAA8xIk.jpg,,in,,0,0,0,https://x.com/Sekdemangpmj/status/1771130807446311406,1092967217782640640,Sekdemangpmj
1771130232281714750,2024-03-22T11:02:08.000Z,0,"“Tri Brata dan Catur Prasetya jadikan pedoman hidup dalam hal meningkatkan kinerja yang ada.”
Presisi Demi Indonesia #RakernisPolri2024

Kapolri 
Jenderal Polisi Drs. Listyo Sigit Prabowo, https://t.co/H0KApUDZ24.

https://t.co/s7EJpVnwFF",1771130232281714750,,,in,,0,0,0,https://x.com/polsek_karawaci/status/1771130232281714750,1175971426567720961,polsek_karawaci
1771129752868597836,2024-03-22T11:00:13.000Z,0,"“Tri Brata dan Catur Prasetya jadikan pedoman hidup dalam hal meningkatkan kinerja yang ada.”
Presisi Demi Indonesia #RakernisPolri2024

Kapolri 
Jenderal Polisi Drs. Listyo Sigit Prabowo, https://t.co/HDFv89quwu.
Pembukaan Rakernis Divisi Polri T.A. 2024
Jakarta, Jumat (22/3) https://t.co/GpPX9fDZaX",1771129752868597836,https://pbs.twimg.com/media/GJRRHmXaEAEOm2l.jpg,,in,,0,0,0,https://x.com/polsekpinangtng/status/1771129752868597836,1588159938450567169,polsekpinangtng
1771129711705636927,2024-03-22T11:00:03.000Z,0,"“Tri Brata dan Catur Prasetya jadikan pedoman hidup dalam hal meningkatkan kinerja yang ada.”
Presisi Demi Indonesia #RakernisPolri2024

Kapolri 
Jenderal Polisi Drs. Listyo Sigit Prabowo, https://t.co/XM53ML7Oyi.
Pembukaan Rakernis Divisi Polri T.A. 2024
Jakarta, Jumat (22/3) https://t.co/AHia37ORJC",1771129711705636927,https://pbs.twimg.com/media/GJRRFMAacAAthfz.jpg,,in,,0,0,0,https://x.com/polsekpolsel1/status/1771129711705636927,1587634618903146497,polsekpolsel1
1771129349825339689,2024-03-22T10:58:37.000Z,0,"“Tri Brata dan Catur Prasetya jadikan pedoman hidup dalam hal meningkatkan kinerja yang ada.”
Presisi Demi Indonesia #RakernisPolri2024

Kapolri 
Jenderal Polisi Drs. Listyo Sigit P, https://t.co/SgBNw835U3.
Pembukaan Rakernis Div Polri T.A. 2024 (22/3)
https://t.co/EdxG4RBGQP",1771129349825339689,,,in,,0,0,0,https://x.com/humas_tambun/status/1771129349825339689,1501044740623863808,humas_tambun
1771128892289638496,2024-03-22T10:56:48.000Z,1,"“Tri Brata dan Catur Prasetya jadikan pedoman hidup dalam hal meningkatkan kinerja yang ada.”
Presisi Demi Indonesia #RakernisPolri2024

Kapolri 
Jenderal Polisi Drs. Listyo Sigit Prabowo, https://t.co/Lv3YRHj4W1.
Pembukaan Rakernis Divisi Polri T.A. 2024
Jakarta, Jumat (22/3) https://t.co/q6GldgdGnt",1771128892289638496,https://pbs.twimg.com/media/GJRQVE8a4AA6H96.jpg,,in,,0,0,0,https://x.com/HumasKupang/status/1771128892289638496,988414760914903041,HumasKupang
1771128550260986202,2024-03-22T10:55:27.000Z,5,"“Tri Brata dan Catur Prasetya jadikan pedoman hidup dalam hal meningkatkan kinerja yang ada.”
Presisi Demi Indonesia #RakernisPolri2024

Kapolri 
Jenderal Polisi Drs. Listyo Sigit Prabowo, https://t.co/ZkOKl3nrJp.
Pembukaan Rakernis Divisi Polri T.A. 2024
Jakarta, Jumat (22/3) https://t.co/qzgKLzyRY8",1771128550260986202,https://pbs.twimg.com/media/GJRQBNBa0AAeQ-f.jpg,,in,,0,1,0,https://x.com/HKarangmojo/status/1771128550260986202,978478736994521089,HKarangmojo
1771128391162536158,2024-03-22T10:54:49.000Z,1,"“Tri Brata dan Catur Prasetya jadikan pedoman hidup dalam hal meningkatkan kinerja yang ada.”
Presisi Demi Indonesia #RakernisPolri2024

Kapolri 
Jenderal Polisi Drs. Listyo Sigit Prabowo, https://t.co/Bcsk5VvPrn.
Pembukaan Rakernis Divisi Polri T.A. 2024
Jakarta, Jumat (22/3) https://t.co/eDQXRK0Ghy",1771128391162536158,https://pbs.twimg.com/media/GJRP4pBbMAAH5AP.jpg,,in,,0,0,0,https://x.com/pakualaman1/status/1771128391162536158,1174442132196622338,pakualaman1
1771128229283426475,2024-03-22T10:54:10.000Z,3,"“Tri Brata dan Catur Prasetya jadikan pedoman hidup dalam hal meningkatkan kinerja yang ada.”
Presisi Demi Indonesia #RakernisPolri2024

Kapolri 
Jenderal Polisi Drs. Listyo Sigit Prabowo, https://t.co/tz8WFRJtDB.
Pembukaan Rakernis Divisi Polri T.A. 2024
Jakarta, Jumat (22/3) https://t.co/uonrUUAqNs",1771128229283426475,https://pbs.twimg.com/media/GJRPuwZa8AAmqj2.jpg,,in,,0,0,0,https://x.com/polrespdpanjang/status/1771128229283426475,1519801519,polrespdpanjang
1771128128284610791,2024-03-22T10:53:46.000Z,0,"“Tri Brata dan Catur Prasetya jadikan pedoman hidup dalam hal meningkatkan kinerja yang ada.”
Presisi Demi Indonesia #RakernisPolri2024

Kapolri 
Jenderal Polisi Drs. Listyo Sigit Prabowo, https://t.co/aW0UWmAFGA.
Pembukaan Rakernis Divisi Polri T.A. 2024
Jakarta, Jumat (22/3) https://t.co/ulbfRVhCPO",1771128128284610791,https://pbs.twimg.com/media/GJRPpVda8AEB1tN.jpg,,in,,0,0,0,https://x.com/polseklimbang4n/status/1771128128284610791,1598290658153725952,polseklimbang4n
1771127907634815399,2024-03-22T10:52:53.000Z,0,"“Tri Brata dan Catur Prasetya jadikan pedoman hidup dalam hal meningkatkan kinerja yang ada.”
Presisi Demi Indonesia #RakernisPolri2024

Kapolri 
Jenderal Polisi Drs. Listyo Sigit Prabowo, https://t.co/lPkmOmJA78.
Pembukaan Rakernis Divisi Polri T.A. 2024
Jakarta, Jumat (22/3) https://t.co/PfJi0nR8Ru",1771127907634815399,https://pbs.twimg.com/media/GJRPb6pbsAArxNK.jpg,,in,,0,0,0,https://x.com/HaltengPolres/status/1771127907634815399,1222661635996667908,HaltengPolres
1771127634719891540,2024-03-22T10:51:48.000Z,0,"“Tri Brata dan Catur Prasetya jadikan pedoman hidup dalam hal meningkatkan kinerja yang ada.”
Presisi Demi Indonesia #RakernisPolri2024

Kapolri 
Jenderal Polisi Drs. Listyo Sigit Prabowo, https://t.co/lQV8sQDiwL.
Pembukaan Rakernis Divisi Polri T.A. 2024
Jakarta, Jumat (22/3) https://t.co/z5f5vRfE4H",1771127634719891540,https://pbs.twimg.com/media/GJRPMTtboAAhGiM.jpg,,in,,0,0,0,https://x.com/PolsekNanggulan/status/1771127634719891540,1575665909934731264,PolsekNanggulan
1771127597147324486,2024-03-22T10:51:39.000Z,1,"“Tri Brata dan Catur Prasetya jadikan pedoman hidup dalam hal meningkatkan kinerja yang ada.”
Presisi Demi Indonesia #RakernisPolri2024

Kapolri 
Jenderal Polisi Drs. Listyo Sigit Prabowo, https://t.co/uVdIuXAMgg.
Pembukaan Rakernis Divisi Polri T.A. 2024
Jakarta, Jumat (22/3) https://t.co/ZqEqzQVkU5",1771127597147324486,https://pbs.twimg.com/media/GJRPKWka0AEKAKt.jpg,,in,,0,0,0,https://x.com/HumasPolsekJat2/status/1771127597147324486,1247733760679751680,HumasPolsekJat2
1771127048624566552,2024-03-22T10:49:28.000Z,0,"“Tri Brata dan Catur Prasetya jadikan pedoman hidup dalam hal meningkatkan kinerja yang ada.”
Presisi Demi Indonesia #RakernisPolri2024

Kapolri 
Jenderal Polisi Drs. Listyo Sigit Prabowo, https://t.co/emUGm9WMln.
Pembukaan Rakernis Divisi Polri T.A. 2024
Jakarta, Jumat (22/3) https://t.co/7rzVDggHdB",1771127048624566552,https://pbs.twimg.com/media/GJROqd8bQAA-XFo.jpg,,in,,0,0,0,https://x.com/HumasPolsekMS/status/1771127048624566552,1683737175094104064,HumasPolsekMS
1771126772299698454,2024-03-22T10:48:23.000Z,3,"“Tri Brata dan Catur Prasetya jadikan pedoman hidup dalam hal meningkatkan kinerja yang ada.”
Presisi Demi Indonesia #RakernisPolri2024

Kapolri 
Jenderal Polisi Drs. Listyo Sigit Prabowo, https://t.co/hOoaEyILeM.
Pembukaan Rakernis Divisi Polri T.A. 2024
Jakarta, Jumat (22/3) https://t.co/RGv7luVwQE",1771126772299698454,https://pbs.twimg.com/media/GJROZp0bsAAIIyR.jpg,,in,,0,0,0,https://x.com/BeltimSi/status/1771126772299698454,1403200318729461765,BeltimSi
1771126741349876124,2024-03-22T10:48:15.000Z,0,"“Tri Brata dan Catur Prasetya jadikan pedoman hidup dalam hal meningkatkan kinerja yang ada.”
Presisi Demi Indonesia #RakernisPolri2024

Kapolri 
Jenderal Polisi Drs. Listyo Sigit Prabowo, https://t.co/7oTY2SlGM9.
Pembukaan Rakernis Divisi Polri T.A. 2024
Jakarta, Jumat (22/3) https://t.co/Arsi1m1FDz",1771126741349876124,https://pbs.twimg.com/media/GJROTl8bkAAroXP.jpg,,in,,0,0,0,https://x.com/HPolresttu/status/1771126741349876124,1582775347266740229,HPolresttu
1771126440479846427,2024-03-22T10:47:04.000Z,1,"“Tri Brata dan Catur Prasetya jadikan pedoman hidup dalam hal meningkatkan kinerja yang ada.”
Presisi Demi Indonesia #RakernisPolri2024

Kapolri 
Jenderal Polisi Drs. Listyo Sigit Prabowo, https://t.co/lXxBOJcsKm.
Pembukaan Rakernis Divisi Polri T.A. 2024
Jakarta, Jumat (22/3) https://t.co/MOO8rSC3fv",1771126440479846427,https://pbs.twimg.com/media/GJROHGmaEAAC8d2.jpg,,in,,0,0,0,https://x.com/FirmanRiza6/status/1771126440479846427,1508364182017966081,FirmanRiza6
1771125868561387844,2024-03-22T10:44:47.000Z,0,"“Tri Brata dan Catur Prasetya jadikan pedoman hidup dalam hal meningkatkan kinerja yang ada.”
Presisi Demi Indonesia #RakernisPolri2024

Kapolri 
Jenderal Polisi Drs. Listyo Sigit Prabowo, https://t.co/vAmEExCgzy.
Pembukaan Rakernis Divisi Polri T.A. 2024
Jakarta, Jumat (22/3) https://t.co/adapow3GGn",1771125868561387844,https://pbs.twimg.com/media/GJRNlb0aAAAow3M.jpg,,in,,0,0,0,https://x.com/JenepontoPolsek/status/1771125868561387844,1547057000500318208,JenepontoPolsek
1771125828891656615,2024-03-22T10:44:38.000Z,0,"“Tri Brata dan Catur Prasetya jadikan pedoman hidup dalam hal meningkatkan kinerja yang ada.”
Presisi Demi Indonesia #RakernisPolri2024

Kapolri 
Jenderal Polisi Drs. Listyo Sigit Prabowo, https://t.co/97cpDtcSPM.
Pembukaan Rakernis Divisi Polri T.A. 2024
Jakarta, Jumat (22/3) https://t.co/j8evAnlyQa",1771125828891656615,https://pbs.twimg.com/media/GJRNjgFagAAuObq.jpg,,in,,0,0,0,https://x.com/Humaspolressbg_/status/1771125828891656615,1438367952152104960,Humaspolressbg_
1771125784054542422,2024-03-22T10:44:27.000Z,0,"“Tri Brata dan Catur Prasetya jadikan pedoman hidup dalam hal meningkatkan kinerja yang ada.”
Presisi Demi Indonesia #RakernisPolri2024

Kapolri 
Jenderal Polisi Drs. Listyo Sigit Prabowo, https://t.co/TwPK7Lrekz.
Pembukaan Rakernis Divisi Polri T.A. 2024
Jakarta, Jumat (22/3) https://t.co/bBwVghfWJN",1771125784054542422,https://pbs.twimg.com/media/GJRNgn_awAAltu9.jpg,,in,,0,0,0,https://x.com/SekDayeuhkolot1/status/1771125784054542422,1231810190678192129,SekDayeuhkolot1
1771125671731032492,2024-03-22T10:44:00.000Z,1,"“Tri Brata dan Catur Prasetya jadikan pedoman hidup dalam hal meningkatkan kinerja yang ada.”
Presisi Demi Indonesia #RakernisPolri2024

Kapolri 
Jenderal Polisi Drs. Listyo Sigit Prabowo, https://t.co/SdbfGDktS8.
Pembukaan Rakernis Divisi Polri T.A. 2024
Jakarta, Jumat (22/3) https://t.co/eC0KW3XtEN",1771125671731032492,https://pbs.twimg.com/media/GJRNaUVakAAOYAi.jpg,,in,,0,0,0,https://x.com/Sek_Cly/status/1771125671731032492,1320706490861117442,Sek_Cly
1771125430122430883,2024-03-22T10:43:03.000Z,1,"“Tri Brata dan Catur Prasetya jadikan pedoman hidup dalam hal meningkatkan kinerja yang ada.”
Presisi Demi Indonesia #RakernisPolri2024

Kapolri 
Jenderal Polisi Drs. Listyo Sigit Prabowo, https://t.co/eh6DzvGkG6.
Pembukaan Rakernis Divisi Polri T.A. 2024
Jakarta, Jumat (22/3) https://t.co/i9mo4bSpDN",1771125430122430883,https://pbs.twimg.com/media/GJRNMT3a8AAbQlJ.jpg,,in,,0,0,0,https://x.com/HumasCipayung/status/1771125430122430883,1266318324968742913,HumasCipayung
1771125183476342890,2024-03-22T10:42:04.000Z,1,"“Tri Brata dan Catur Prasetya jadikan pedoman hidup dalam hal meningkatkan kinerja yang ada.”
Presisi Demi Indonesia #RakernisPolri2024

Kapolri 
Jenderal Polisi Drs. Listyo Sigit Prabowo, https://t.co/HWwXaQG7CP.
Pembukaan Rakernis Divisi Polri T.A. 2024
Jakarta, Jumat (22/3) https://t.co/Z2nB1UGkH0",1771125183476342890,https://pbs.twimg.com/media/GJRM9n2bgAAunGo.jpg,,in,,0,0,0,https://x.com/polsek_regol/status/1771125183476342890,1186963717142892546,polsek_regol
1771124969256497308,2024-03-22T10:41:13.000Z,0,"“Tri Brata dan Catur Prasetya jadikan pedoman hidup dalam hal meningkatkan kinerja yang ada.”
Presisi Demi Indonesia #RakernisPolri2024

Kapolri 
Jenderal Polisi Drs. Listyo Sigit Prabowo, https://t.co/bsfrEX5k83.
Pembukaan Rakernis Divisi Polri T.A. 2024
Jakarta, Jumat (22/3) https://t.co/vPbmkY4JHd",1771124969256497308,https://pbs.twimg.com/media/GJRMwwQb0AAT66h.jpg,,in,,0,0,0,https://x.com/pebayuran77/status/1771124969256497308,1598150793802092544,pebayuran77
1771124867007758465,2024-03-22T10:40:48.000Z,1,"“Tri Brata dan Catur Prasetya jadikan pedoman hidup dalam hal meningkatkan kinerja yang ada.”
Presisi Demi Indonesia #RakernisPolri2024

Kapolri 
Jenderal Polisi Drs. Listyo Sigit Prabowo, https://t.co/M2m3MjDrYz.
Pembukaan Rakernis Divisi Polri T.A. 2024
Jakarta, Jumat (22/3) https://t.co/jB3kSTh4T1",1771124867007758465,https://pbs.twimg.com/media/GJRMrDnasAA-UoX.jpg,,in,,0,0,0,https://x.com/sikka_polres/status/1771124867007758465,2833100712,sikka_polres
1771124434654617644,2024-03-22T10:39:05.000Z,1,"“Tri Brata dan Catur Prasetya jadikan pedoman hidup dalam hal meningkatkan kinerja yang ada.”
Presisi Demi Indonesia #RakernisPolri2024

Kapolri 
Jenderal Polisi Drs. Listyo Sigit Prabowo, https://t.co/GGp2KcERLO.
Pembukaan Rakernis Divisi Polri T.A. 2024
Jakarta, Jumat (22/3) https://t.co/86cslbmsD4",1771124434654617644,https://pbs.twimg.com/media/GJRMR9fbsAAmwtc.jpg,,in,,0,0,0,https://x.com/humas_kotkediri/status/1771124434654617644,1452479519621664776,humas_kotkediri
1771124245927694788,2024-03-22T10:38:20.000Z,0,"“Tri Brata dan Catur Prasetya jadikan pedoman hidup dalam hal meningkatkan kinerja yang ada.”
Presisi Demi Indonesia #RakernisPolri2024

Kapolri 
Jenderal Polisi Drs. Listyo Sigit Prabowo, https://t.co/N0LMhEaWPQ.
Pembukaan Rakernis Divisi Polri T.A. 2024
Jakarta, Jumat (22/3) https://t.co/PuG6G7kBKk",1771124245927694788,https://pbs.twimg.com/media/GJRMHZFbwAAAwT7.jpg,,in,,0,0,0,https://x.com/HumasCiputat/status/1771124245927694788,1188444410972798978,HumasCiputat
1771124022572696018,2024-03-22T10:37:27.000Z,0,"“Tri Brata dan Catur Prasetya jadikan pedoman hidup dalam hal meningkatkan kinerja yang ada.”
Presisi Demi Indonesia #RakernisPolri2024

Kapolri 
Jenderal Polisi Drs. Listyo Sigit Prabowo, https://t.co/WLWaICOgwX.
Pembukaan Rakernis Divisi Polri T.A. 2024
Jakarta, Jumat (22/3) https://t.co/SblVOzvKjP",1771124022572696018,https://pbs.twimg.com/media/GJRL5xKbwAAwHdq.jpg,,in,,0,0,0,https://x.com/Bones_Polsek/status/1771124022572696018,986088623979180033,Bones_Polsek
1771124014725169396,2024-03-22T10:37:25.000Z,1,"“Tri Brata dan Catur Prasetya jadikan pedoman hidup dalam hal meningkatkan kinerja yang ada.”
Presisi Demi Indonesia #RakernisPolri2024

Kapolri 
Jenderal Polisi Drs. Listyo Sigit Prabowo, https://t.co/CAWjTG1V1v.
Pembukaan Rakernis Divisi Polri T.A. 2024
Jakarta, Jumat (22/3) https://t.co/tWV4IlDjrY",1771124014725169396,https://pbs.twimg.com/media/GJRL54qbUAAnFJM.jpg,,in,,0,0,0,https://x.com/Polresbanjarjbr/status/1771124014725169396,1239476849547202561,Polresbanjarjbr
1771123661053022470,2024-03-22T10:36:01.000Z,0,"“Tri Brata dan Catur Prasetya jadikan pedoman hidup dalam hal meningkatkan kinerja yang ada.”
Presisi Demi Indonesia #RakernisPolri2024

Kapolri 
Jenderal Polisi Drs. Listyo Sigit Prabowo, https://t.co/iqD3GpXZy0.
Pembukaan Rakernis Divisi Polri T.A. 2024
Jakarta, Jumat (22/3) https://t.co/Mb6dlUegWs",1771123661053022470,https://pbs.twimg.com/media/GJRLlVZaYAAwe1W.jpg,,in,,0,0,0,https://x.com/pamulang_polsek/status/1771123661053022470,1504498090312859648,pamulang_polsek
1771123424481710274,2024-03-22T10:35:04.000Z,0,"“Tri Brata dan Catur Prasetya jadikan pedoman hidup dalam hal meningkatkan kinerja yang ada.”
Presisi Demi Indonesia #RakernisPolri2024

Kapolri 
Jenderal Polisi Drs. Listyo Sigit Prabowo, https://t.co/v8Q5bFwn5g.
Pembukaan Rakernis Divisi Polri T.A. 2024
Jakarta, Jumat (22/3) https://t.co/NjmrjrECCL",1771123424481710274,https://pbs.twimg.com/media/GJRLXRmbsAA6gyP.jpg,,in,,0,0,0,https://x.com/polda_jambi/status/1771123424481710274,240527619,polda_jambi
1771123359298027726,2024-03-22T10:34:49.000Z,0,"“Tri Brata dan Catur Prasetya jadikan pedoman hidup dalam hal meningkatkan kinerja yang ada.”
Presisi Demi Indonesia #RakernisPolri2024

Kapolri 
Jenderal Polisi Drs. Listyo Sigit Prabowo, https://t.co/8oRjID7TQw.
Pembukaan Rakernis Divisi Polri T.A. 2024
Jakarta, Jumat (22/3) https://t.co/6xpSzddQDc",1771123359298027726,https://pbs.twimg.com/media/GJRLSrJaYAAOUV6.jpg,,in,,0,0,0,https://x.com/PolresHSU/status/1771123359298027726,887599275793825792,PolresHSU
1771122956871360593,2024-03-22T10:33:13.000Z,0,"“Tri Brata dan Catur Prasetya jadikan pedoman hidup dalam hal meningkatkan kinerja yang ada.”
Presisi Demi Indonesia #RakernisPolri2024

Kapolri 
Jenderal Polisi Drs. Listyo Sigit Prabowo, https://t.co/WMwmbW8cpc.
Pembukaan Rakernis Divisi Polri T.A. 2024
Jakarta, Jumat (22/3) https://t.co/LcWnrdMBs9",1771122956871360593,https://pbs.twimg.com/media/GJRK75faYAAMeTn.jpg,,in,,0,0,0,https://x.com/CisaatKota/status/1771122956871360593,1249592031954874371,CisaatKota
1771122823807082539,2024-03-22T10:32:41.000Z,0,"“Tri Brata dan Catur Prasetya jadikan pedoman hidup dalam hal meningkatkan kinerja yang ada.”
Presisi Demi Indonesia #RakernisPolri2024

Kapolri 
Jenderal Polisi Drs. Listyo Sigit Prabowo, https://t.co/KViMgqMLL8.
Pembukaan Rakernis Divisi Polri T.A. 2024
Jakarta, Jumat (22/3) https://t.co/70ARQwM8JR",1771122823807082539,https://pbs.twimg.com/media/GJRKz0CaUAA070Q.jpg,,in,,0,0,0,https://x.com/PanjaluPolsek/status/1771122823807082539,1392404276949913604,PanjaluPolsek
1771122785282379925,2024-03-22T10:32:32.000Z,1,"“Tri Brata dan Catur Prasetya jadikan pedoman hidup dalam hal meningkatkan kinerja yang ada.”
Presisi Demi Indonesia #RakernisPolri2024

Kapolri 
Jenderal Polisi Drs. Listyo Sigit Prabowo, https://t.co/ExUydb2ITW.
Pembukaan Rakernis Divisi Polri T.A. 2024
Jakarta, Jumat (22/3)",1771122785282379925,,,in,,0,0,0,https://x.com/pol_wrjayeng/status/1771122785282379925,1453848113702076417,pol_wrjayeng
1771122779129262294,2024-03-22T10:32:31.000Z,1,"“Tri Brata dan Catur Prasetya jadikan pedoman hidup dalam hal meningkatkan kinerja yang ada.”
Presisi Demi Indonesia #RakernisPolri2024

Kapolri 
Jenderal Polisi Drs. Listyo Sigit Prabowo, https://t.co/nzpr87Qo5m.
Pembukaan Rakernis Divisi Polri T.A. 2024
Jakarta, Jumat (22/3) https://t.co/xj7ZULnxjO",1771122779129262294,https://pbs.twimg.com/media/GJRKx4kbYAEcUZE.jpg,,in,,0,0,0,https://x.com/HumasPolse41070/status/1771122779129262294,1700385266849153024,HumasPolse41070
1771122660149428325,2024-03-22T10:32:02.000Z,1,"“Tri Brata dan Catur Prasetya jadikan pedoman hidup dalam hal meningkatkan kinerja yang ada.”
Presisi Demi Indonesia #RakernisPolri2024

Kapolri 
Jenderal Polisi Drs. Listyo Sigit Prabowo, https://t.co/kTEoi6X4VJ.
Pembukaan Rakernis Divisi Polri T.A. 2024
Jakarta, Jumat (22/3) https://t.co/pa14TgBVjF",1771122660149428325,https://pbs.twimg.com/media/GJRKqUMa0AAsS12.jpg,,in,,0,0,0,https://x.com/polsek_clk/status/1771122660149428325,1424887462329950221,polsek_clk
1771122586317119917,2024-03-22T10:31:45.000Z,0,"“Tri Brata dan Catur Prasetya jadikan pedoman hidup dalam hal meningkatkan kinerja yang ada.”
Presisi Demi Indonesia #RakernisPolri2024

Kapolri 
Jenderal Polisi Drs. Listyo Sigit Prabowo, https://t.co/mmAxJsDjuD.
Pembukaan Rakernis Divisi Polri T.A. 2024
Jakarta, Jumat (22/3) https://t.co/QSGWjsM3Oy",1771122586317119917,https://pbs.twimg.com/media/GJRKmIBbMAAs3Rq.jpg,,in,,0,0,0,https://x.com/satresnarkobar9/status/1771122586317119917,1404629532351496193,satresnarkobar9
1771122396231356771,2024-03-22T10:30:59.000Z,0,"“Tri Brata dan Catur Prasetya jadikan pedoman hidup dalam hal meningkatkan kinerja yang ada.”
Presisi Demi Indonesia #RakernisPolri2024

Kapolri 
Jenderal Polisi Drs. Listyo Sigit Prabowo, https://t.co/Iq8FgoFkVJ.
Pembukaan Rakernis Divisi Polri T.A. 2024
Jakarta, Jumat (22/3) https://t.co/d3hHA0QrQD",1771122396231356771,https://pbs.twimg.com/media/GJRKbLMbwAA7csg.jpg,,in,,0,0,0,https://x.com/Humasressanggau/status/1771122396231356771,949683168965111809,Humasressanggau
1771121908073087112,2024-03-22T10:29:03.000Z,2,"“Tri Brata dan Catur Prasetya jadikan pedoman hidup dalam hal meningkatkan kinerja yang ada.”
Presisi Demi Indonesia #RakernisPolri2024

Kapolri 
Jenderal Polisi Drs. Listyo Sigit Prabowo, https://t.co/7jPP1LfVRy.
Pembukaan Rakernis Divisi Polri T.A. 2024
Jakarta, Jumat (22/3) https://t.co/atLIGNXTzM",1771121908073087112,https://pbs.twimg.com/media/GJRJ_TNbEAAtPz2.jpg,,in,,0,0,0,https://x.com/PolsekWirobraj3/status/1771121908073087112,1131150907851153408,PolsekWirobraj3
1771121498935468050,2024-03-22T10:27:25.000Z,0,"“Tri Brata dan Catur Prasetya jadikan pedoman hidup dalam hal meningkatkan kinerja yang ada.”
Presisi Demi Indonesia #RakernisPolri2024

Kapolri 
Jenderal Polisi Drs. Listyo Sigit Prabowo, https://t.co/u8VdCwn8re.
Pembukaan Rakernis Divisi Polri T.A. 2024
Jakarta, Jumat (22/3) https://t.co/56ySLowusl",1771121498935468050,https://pbs.twimg.com/media/GJRJnShacAEvqKg.jpg,,in,,0,0,0,https://x.com/PolsekBksUtara/status/1771121498935468050,1656647397051871232,PolsekBksUtara
1771121068591534526,2024-03-22T10:25:43.000Z,0,"“Tri Brata dan Catur Prasetya jadikan pedoman hidup dalam hal meningkatkan kinerja yang ada.”
Presisi Demi Indonesia #RakernisPolri2024

Kapolri 
Jenderal Polisi Drs. Listyo Sigit Prabowo, https://t.co/IGeUqNP3e7.
Pembukaan Rakernis Divisi Polri T.A. 2024
Jakarta, Jumat (22/3) https://t.co/oR1W4VvMmI",1771121068591534526,https://pbs.twimg.com/media/GJRJNbNboAAELp3.jpg,,in,,0,0,0,https://x.com/Reshalselhumas/status/1771121068591534526,1710105889318019072,Reshalselhumas
1771121036186263800,2024-03-22T10:25:35.000Z,0,"“Tri Brata dan Catur Prasetya jadikan pedoman hidup dalam hal meningkatkan kinerja yang ada.”
Presisi Demi Indonesia #RakernisPolri2024

Kapolri 
Jenderal Polisi Drs. Listyo Sigit Prabowo, https://t.co/ANZLLVAEuc.
Pembukaan Rakernis Divisi Polri T.A. 2024
Jakarta, Jumat (22/3) https://t.co/HpheZl8BPY",1771121036186263800,https://pbs.twimg.com/media/GJRJL9jawAAcbBW.jpg,,in,,0,0,0,https://x.com/Poldametrojaya_/status/1771121036186263800,1387264474353061889,Poldametrojaya_
1771120950794416198,2024-03-22T10:25:15.000Z,1,"“Tri Brata dan Catur Prasetya jadikan pedoman hidup dalam hal meningkatkan kinerja yang ada.”
Presisi Demi Indonesia #RakernisPolri2024

Kapolri 
Jenderal Polisi Drs. Listyo Sigit Prabowo, https://t.co/23CC7av9Rx.
Pembukaan Rakernis Divisi Polri T.A. 2024
Jakarta, Jumat (22/3) https://t.co/cO877w5TWM",1771120950794416198,https://pbs.twimg.com/media/GJRJHi1aUAAXfm7.jpg,,in,,0,0,1,https://x.com/PolresBantulDIY/status/1771120950794416198,1087785373,PolresBantulDIY
1771120713270996998,2024-03-22T10:24:18.000Z,1,"“Tri Brata dan Catur Prasetya jadikan pedoman hidup dalam hal meningkatkan kinerja yang ada.”
Presisi Demi Indonesia #RakernisPolri2024

Kapolri 
Jenderal Polisi Drs. Listyo Sigit Prabowo, https://t.co/sALPYE53wO.
Pembukaan Rakernis Divisi Polri T.A. 2024
Jakarta, Jumat (22/3) https://t.co/46pSzYvvAI",1771120713270996998,https://pbs.twimg.com/media/GJRI5r3aAAAFykl.jpg,,in,,0,0,0,https://x.com/seksamigaluh/status/1771120713270996998,1697745089504972800,seksamigaluh
1771120627757560131,2024-03-22T10:23:58.000Z,0,"“Tri Brata dan Catur Prasetya jadikan pedoman hidup dalam hal meningkatkan kinerja yang ada.”
Presisi Demi Indonesia #RakernisPolri2024

Kapolri 
Jenderal Polisi Drs. Listyo Sigit Prabowo, https://t.co/ydTXLaVc4m.
Pembukaan Rakernis Divisi Polri T.A. 2024
Jakarta, Jumat (22/3) https://t.co/fcGzDPZOMj",1771120627757560131,https://pbs.twimg.com/media/GJRI0smawAAIlsB.jpg,,in,,0,0,0,https://x.com/HumasMimika/status/1771120627757560131,1422182349249277954,HumasMimika
1771120452821553630,2024-03-22T10:23:16.000Z,1,"“Tri Brata dan Catur Prasetya jadikan pedoman hidup dalam hal meningkatkan kinerja yang ada.”
Presisi Demi Indonesia #RakernisPolri2024

Kapolri 
Jenderal Polisi Drs. Listyo Sigit Prabowo, https://t.co/wfWQlb88EV.
Pembukaan Rakernis Divisi Polri T.A. 2024
Jakarta, Jumat (22/3) https://t.co/CnFCENay0A",1771120452821553630,https://pbs.twimg.com/media/GJRIqHIbQAAO2dd.jpg,,in,,0,0,0,https://x.com/polsekkalasan/status/1771120452821553630,1171996325254025216,polsekkalasan
1771120092421689358,2024-03-22T10:21:50.000Z,1,"“Tri Brata dan Catur Prasetya jadikan pedoman hidup dalam hal meningkatkan kinerja yang ada.”
Presisi Demi Indonesia #RakernisPolri2024

Kapolri 
Jenderal Polisi Drs. Listyo Sigit Prabowo, https://t.co/qYyO9Y3pwP.
Pembukaan Rakernis Divisi Polri T.A. 2024
Jakarta, Jumat (22/3) https://t.co/X3c19UEoss",1771120092421689358,https://pbs.twimg.com/media/GJRIVoIbgAAwovp.jpg,,in,,0,0,0,https://x.com/PolsekCihaurbe3/status/1771120092421689358,1249605913830240256,PolsekCihaurbe3
1771120043079934003,2024-03-22T10:21:38.000Z,0,"“Tri Brata dan Catur Prasetya jadikan pedoman hidup dalam hal meningkatkan kinerja yang ada.”
Presisi Demi Indonesia #RakernisPolri2024

Kapolri 
Jenderal Polisi Drs. Listyo Sigit Prabowo, https://t.co/p3s70C2MUj.
Pembukaan Rakernis Divisi Polri T.A. 2024
Jakarta, Jumat (22/3) https://t.co/7pVN60RUDb",1771120043079934003,https://pbs.twimg.com/media/GJRISsWbIAAK7pl.jpg,,in,,0,0,0,https://x.com/PolsekKuken/status/1771120043079934003,1587623065617584130,PolsekKuken
1771119703924338982,2024-03-22T10:20:17.000Z,1,"“Tri Brata dan Catur Prasetya jadikan pedoman hidup dalam hal meningkatkan kinerja yang ada.”
Presisi Demi Indonesia #RakernisPolri2024

Kapolri 
Jenderal Polisi Drs. Listyo Sigit Prabowo, https://t.co/62OEXAOeMS.
Pembukaan Rakernis Divisi Polri T.A. 2024
Jakarta, Jumat (22/3) https://t.co/7P77XqykmE",1771119703924338982,https://pbs.twimg.com/media/GJRH-_SbMAAbg2f.jpg,,in,,0,0,0,https://x.com/MeliauPolsek/status/1771119703924338982,1181242559936360448,MeliauPolsek
1771119664569205157,2024-03-22T10:20:08.000Z,0,"“Tri Brata dan Catur Prasetya jadikan pedoman hidup dalam hal meningkatkan kinerja yang ada.”
Presisi Demi Indonesia #RakernisPolri2024

Kapolri 
Jenderal Polisi Drs. Listyo Sigit Prabowo, https://t.co/mqOCt0rUBr.
Pembukaan Rakernis Divisi Polri T.A. 2024
Jakarta, Jumat (22/3) https://t.co/iIWQc3rJ0n",1771119664569205157,https://pbs.twimg.com/media/GJRH71KagAAIaea.jpg,,in,,0,0,0,https://x.com/PiyunganPolsek/status/1771119664569205157,1298254109456207874,PiyunganPolsek
1771119258589913143,2024-03-22T10:18:31.000Z,3,"“Tri Brata dan Catur Prasetya jadikan pedoman hidup dalam hal meningkatkan kinerja yang ada.”
Presisi Demi Indonesia #RakernisPolri2024

Kapolri 
Jenderal Polisi Drs. Listyo Sigit Prabowo, https://t.co/OHKOGI5dTk.
Pembukaan Rakernis Divisi Polri T.A. 2024
Jakarta, Jumat (22/3) https://t.co/T2bD52TwOU",1771119258589913143,https://pbs.twimg.com/media/GJRHkuwbAAAKYRi.jpg,,in,,0,2,2,https://x.com/PolsekNagreg/status/1771119258589913143,1184356553131839488,PolsekNagreg
1771119125798215871,2024-03-22T10:18:00.000Z,0,"“Tri Brata dan Catur Prasetya jadikan pedoman hidup dalam hal meningkatkan kinerja yang ada.”
Presisi Demi Indonesia #RakernisPolri2024

Kapolri 
Jenderal Polisi Drs. Listyo Sigit Prabowo, https://t.co/qOrMawXlIM.
Pembukaan Rakernis Divisi Polri T.A. 2024
Jakarta, Jumat (22/3) https://t.co/CsKNknZGbb",1771119125798215871,https://pbs.twimg.com/media/GJRHc2RawAALJ9r.jpg,,in,,0,0,0,https://x.com/humas_sarai/status/1771119125798215871,1521097123969777664,humas_sarai
1771118330545586259,2024-03-22T10:14:50.000Z,5,"“Tri Brata dan Catur Prasetya jadikan pedoman hidup dalam hal meningkatkan kinerja yang ada.”
Presisi Demi Indonesia #RakernisPolri2024

Kapolri 
Jenderal Polisi Drs. Listyo Sigit Prabowo, https://t.co/DpYKB389R7.
Pembukaan Rakernis Divisi Polri T.A. 2024
Jakarta, Jumat (22/3) https://t.co/XTeURqI4cj",1771118330545586259,https://pbs.twimg.com/media/GJRGu1fawAAWqNx.jpg,,in,,0,0,4,https://x.com/sihumasrespct/status/1771118330545586259,1617517710438727681,sihumasrespct
1771118146784727246,2024-03-22T10:14:06.000Z,0,"“Tri Brata dan Catur Prasetya jadikan pedoman hidup dalam hal meningkatkan kinerja yang ada.”
Presisi Demi Indonesia #RakernisPolri2024

Kapolri 
Jenderal Polisi Drs. Listyo Sigit Prabowo, https://t.co/UgzgMXqkZO.
Pembukaan Rakernis Divisi Polri T.A. 2024
Jakarta, Jumat (22/3) https://t.co/5Om3iUaeII",1771118146784727246,https://pbs.twimg.com/media/GJRGkYCbAAAfrtP.jpg,,in,,0,0,0,https://x.com/PolsekSoreang1/status/1771118146784727246,1275344835470221315,PolsekSoreang1
1771117898398065090,2024-03-22T10:13:07.000Z,0,"“Tri Brata dan Catur Prasetya jadikan pedoman hidup dalam hal meningkatkan kinerja yang ada.”
Presisi Demi Indonesia #RakernisPolri2024

Kapolri 
Jenderal Polisi Drs. Listyo Sigit Prabowo, https://t.co/tURThQykz5.
Pembukaan Rakernis Divisi Polri T.A. 2024
Jakarta, Jumat (22/3) https://t.co/Q9AeA3Vm1U",1771117898398065090,https://pbs.twimg.com/media/GJRGVkqbYAAiGAU.jpg,,in,,0,0,0,https://x.com/humasresRonda/status/1771117898398065090,775878699891560448,humasresRonda
1771117715421593622,2024-03-22T10:12:23.000Z,2,"“Tri Brata dan Catur Prasetya jadikan pedoman hidup dalam hal meningkatkan kinerja yang ada.”
Presisi Demi Indonesia #RakernisPolri2024

Kapolri 
Jenderal Polisi Drs. Listyo Sigit Prabowo, https://t.co/tez2XdQJiw.
Pembukaan Rakernis Divisi Polri T.A. 2024
Jakarta, Jumat (22/3) https://t.co/gPNk6LSuli",1771117715421593622,https://pbs.twimg.com/media/GJRGLMfagAAfRiC.jpg,,in,,0,0,1,https://x.com/ResImyu/status/1771117715421593622,2528791784,ResImyu
1771117618449305971,2024-03-22T10:12:00.000Z,0,"“Tri Brata dan Catur Prasetya jadikan pedoman hidup dalam hal meningkatkan kinerja yang ada.”
Presisi Demi Indonesia #RakernisPolri2024

Kapolri 
Jenderal Polisi Drs. Listyo Sigit Prabowo, https://t.co/pHoBcOfB2d.
Pembukaan Rakernis Divisi Polri T.A. 2024
Jakarta, Jumat (22/3) https://t.co/gJMM67ILQJ",1771117618449305971,https://pbs.twimg.com/media/GJRGCZwa0AENrCU.jpg,,in,,0,0,0,https://x.com/polreslahat/status/1771117618449305971,786388870761881600,polreslahat
1771117442833756489,2024-03-22T10:11:18.000Z,0,"“Tri Brata dan Catur Prasetya jadikan pedoman hidup dalam hal meningkatkan kinerja yang ada.”
Presisi Demi Indonesia #RakernisPolri2024

Kapolri 
Jenderal Polisi Drs. Listyo Sigit Prabowo, https://t.co/g5M823CVCt.
Pembukaan Rakernis Divisi Polri T.A. 2024
Jakarta, Jumat (22/3) https://t.co/t66Ggn8z4n",1771117442833756489,https://pbs.twimg.com/media/GJRF7Xea4AAxtnF.jpg,,in,,0,0,0,https://x.com/TeluknagaP74044/status/1771117442833756489,1739180138544467968,TeluknagaP74044
1771117355114053878,2024-03-22T10:10:57.000Z,1,"“Tri Brata dan Catur Prasetya jadikan pedoman hidup dalam hal meningkatkan kinerja yang ada.”
Presisi Demi Indonesia #RakernisPolri2024

Kapolri 
Jenderal Polisi Drs. Listyo Sigit Prabowo, https://t.co/2eFoExw2UO.
Pembukaan Rakernis Divisi Polri T.A. 2024
Jakarta, Jumat (22/3) https://t.co/oFYsGoZyB7",1771117355114053878,https://pbs.twimg.com/media/GJRF2SHaMAAeFzO.jpg,,in,,0,0,0,https://x.com/HumasBengkalis1/status/1771117355114053878,1281501088345026560,HumasBengkalis1
1771117299715682374,2024-03-22T10:10:44.000Z,0,"“Tri Brata dan Catur Prasetya jadikan pedoman hidup dalam hal meningkatkan kinerja yang ada.”
Presisi Demi Indonesia #RakernisPolri2024

Kapolri 
Jenderal Polisi Drs. Listyo Sigit Prabowo
https://t.co/GqpHpOVO2e",1771117299715682374,,,in,,0,0,0,https://x.com/Polsekbarossmi/status/1771117299715682374,940086585940254721,Polsekbarossmi
1771116652102651956,2024-03-22T10:08:10.000Z,0,"“Tri Brata dan Catur Prasetya jadikan pedoman hidup dalam hal meningkatkan kinerja yang ada.”
Presisi Demi Indonesia #RakernisPolri2024

Kapolri 
Jenderal Polisi Drs. Listyo Sigit Prabowo, https://t.co/1PQQCHIEXI.
Pembukaan Rakernis Divisi Polri T.A. 2024
Jakarta, Jumat (22/3) https://t.co/t5TqNCDP9s",1771116652102651956,https://pbs.twimg.com/media/GJRFMyIasAAPzEA.jpg,,in,,0,0,0,https://x.com/polreshaltim1/status/1771116652102651956,1626461388217675776,polreshaltim1
1771116143081857083,2024-03-22T10:06:08.000Z,1,"“Tri Brata dan Catur Prasetya jadikan pedoman hidup dalam hal meningkatkan kinerja yang ada.”
Presisi Demi Indonesia #RakernisPolri2024

Kapolri 
Jenderal Polisi Drs. Listyo Sigit Prabowo, https://t.co/EWOJ9h3AUR.
Pembukaan Rakernis Divisi Polri T.A. 2024
Jakarta, Jumat (22/3) https://t.co/j6I1eWT06Y",1771116143081857083,https://pbs.twimg.com/media/GJREvvVW4AAOoAX.jpg,,in,,0,0,0,https://x.com/PolsekBdg/status/1771116143081857083,1173525238367145984,PolsekBdg
1771116086081229090,2024-03-22T10:05:55.000Z,0,"“Tri Brata dan Catur Prasetya jadikan pedoman hidup dalam hal meningkatkan kinerja yang ada.”
Presisi Demi Indonesia #RakernisPolri2024

Kapolri 
Jenderal Polisi Drs. Listyo Sigit Prabowo, https://t.co/3roa5v6qzh.
Pembukaan Rakernis Divisi Polri T.A. 2024
Jakarta, Jumat (22/3) https://t.co/r2TT2iATZK",1771116086081229090,https://pbs.twimg.com/media/GJREr8-aIAA-6lP.jpg,,in,,0,0,0,https://x.com/SEKPATTALLASANG/status/1771116086081229090,1516952425755660288,SEKPATTALLASANG
1771116001859637268,2024-03-22T10:05:35.000Z,0,"“Tri Brata dan Catur Prasetya jadikan pedoman hidup dalam hal meningkatkan kinerja yang ada.”
Presisi Demi Indonesia #RakernisPolri2024

Kapolri 
Jenderal Polisi Drs. Listyo Sigit Prabowo, https://t.co/ULLbjBP8h3.
Pembukaan Rakernis Divisi Polri T.A. 2024
Jakarta, Jumat (22/3) https://t.co/NQTN4aGg0Z",1771116001859637268,https://pbs.twimg.com/media/GJREm0pbAAAFjrj.jpg,,in,,0,0,0,https://x.com/PolsekAjangale1/status/1771116001859637268,1730418900100341760,PolsekAjangale1
1771115933614174228,2024-03-22T10:05:18.000Z,0,"“Tri Brata dan Catur Prasetya jadikan pedoman hidup dalam hal meningkatkan kinerja yang ada.”
Presisi Demi Indonesia #RakernisPolri2024

Kapolri 
Jenderal Polisi Drs. Listyo Sigit Prabowo, https://t.co/3W2KU6lpKE.
Pembukaan Rakernis Divisi Polri T.A. 2024
Jakarta, Jumat (22/3) https://t.co/w80vVNBpf1",1771115933614174228,https://pbs.twimg.com/media/GJREjJEaIAAVWu0.jpg,,in,,0,0,0,https://x.com/Polsekcicendo2/status/1771115933614174228,1182971550196068353,Polsekcicendo2
1771115212634275878,2024-03-22T10:02:27.000Z,1,"“Tri Brata dan Catur Prasetya jadikan pedoman hidup dalam hal meningkatkan kinerja yang ada.”
Presisi Demi Indonesia #RakernisPolri2024

Kapolri 
Jenderal Polisi Drs. Listyo Sigit Prabowo, https://t.co/lBGxRZydFQ.
Pembukaan Rakernis Divisi Polri T.A. 2024
Jakarta, Jumat (22/3) https://t.co/dcWFpc2FKy",1771115212634275878,https://pbs.twimg.com/media/GJRD5IsbsAAZgsd.jpg,,in,,0,0,0,https://x.com/polseksrandakan/status/1771115212634275878,1283065501560627201,polseksrandakan
1771115146376794593,2024-03-22T10:02:11.000Z,0,"“Tri Brata dan Catur Prasetya jadikan pedoman hidup dalam hal meningkatkan kinerja yang ada.”
Presisi Demi Indonesia #RakernisPolri2024

Kapolri 
Jenderal Polisi Drs. Listyo Sigit Prabowo, https://t.co/FlqiePrrzi.
Pembukaan Rakernis Divisi Polri T.A. 2024
Jakarta, Jumat (22/3) https://t.co/Zb6v0qZIuB",1771115146376794593,https://pbs.twimg.com/media/GJRD0imboAAfxnk.jpg,,in,,0,0,0,https://x.com/polres_melawi86/status/1771115146376794593,1747090307798441984,polres_melawi86
1771114837827096814,2024-03-22T10:00:57.000Z,0,"“Tri Brata dan Catur Prasetya jadikan pedoman hidup dalam hal meningkatkan kinerja yang ada.”
Presisi Demi Indonesia #RakernisPolri2024

Kapolri 
Jenderal Polisi Drs. Listyo Sigit Prabowo, https://t.co/S9ZEwEZzAt.
Pembukaan Rakernis Divisi Polri T.A. 2024
Jakarta, Jumat (22/3) https://t.co/SKP86HPmLc",1771114837827096814,https://pbs.twimg.com/media/GJRDjxlakAAo8Oi.jpg,,in,,0,0,0,https://x.com/LosarangPolsek/status/1771114837827096814,1189530198745600001,LosarangPolsek
1771114498252046559,2024-03-22T09:59:36.000Z,1,"“Tri Brata dan Catur Prasetya jadikan pedoman hidup dalam hal meningkatkan kinerja yang ada.”
Presisi Demi Indonesia #RakernisPolri2024

Kapolri 
Jenderal Polisi Drs. Listyo Sigit Prabowo, https://t.co/eMfiejVllq.
Pembukaan Rakernis Divisi Polri T.A. 2024
Jakarta, Jumat (22/3) https://t.co/v8DaUAewmB",1771114498252046559,https://pbs.twimg.com/media/GJRDP_WakAAc2xw.jpg,,in,,0,0,0,https://x.com/PPanjatan/status/1771114498252046559,1158961642769510400,PPanjatan
1771114412424008163,2024-03-22T09:59:16.000Z,0,"“Tri Brata dan Catur Prasetya jadikan pedoman hidup dalam hal meningkatkan kinerja yang ada.”
Presisi Demi Indonesia #RakernisPolri2024

Kapolri 
Jenderal Polisi Drs. Listyo Sigit Prabowo, https://t.co/Jss7xDshqM.
Pembukaan Rakernis Divisi Polri T.A. 2024
Jakarta, Jumat (22/3) https://t.co/gsG9aICr56",1771114412424008163,https://pbs.twimg.com/media/GJRDKJCawAAQhXo.jpg,,in,,0,0,0,https://x.com/im_utuhslebew/status/1771114412424008163,1568045311368765441,im_utuhslebew
1771114393889280303,2024-03-22T09:59:11.000Z,0,"“Tri Brata dan Catur Prasetya jadikan pedoman hidup dalam hal meningkatkan kinerja yang ada.”
Presisi Demi Indonesia #RakernisPolri2024

Kapolri 
Jenderal Polisi Drs. Listyo Sigit Prabowo, https://t.co/1l4nCtnPLm.
Pembukaan Rakernis Divisi Polri T.A. 2024
Jakarta, Jumat (22/3) https://t.co/mLUSiVv3jk",1771114393889280303,https://pbs.twimg.com/media/GJRDJmya8AAqG9i.jpg,,in,,0,0,0,https://x.com/PolsekMampang/status/1771114393889280303,1105334674602127360,PolsekMampang
1771114312268157089,2024-03-22T09:58:52.000Z,0,"“Tri Brata dan Catur Prasetya jadikan pedoman hidup dalam hal meningkatkan kinerja yang ada.”
Presisi Demi Indonesia #RakernisPolri2024

Kapolri 
Jenderal Polisi Drs. Listyo Sigit Prabowo, https://t.co/pSUTLpxT6W.
Pembukaan Rakernis Divisi Polri T.A. 2024
Jakarta, Jumat (22/3) https://t.co/tr6r7WSRdU",1771114312268157089,https://pbs.twimg.com/media/GJRDEpwbIAAR4ZE.jpg,,in,,0,0,0,https://x.com/Sekgedebage/status/1771114312268157089,1579296009188167680,Sekgedebage
1771114264243396889,2024-03-22T09:58:40.000Z,1,"“Tri Brata dan Catur Prasetya jadikan pedoman hidup dalam hal meningkatkan kinerja yang ada.”
Presisi Demi Indonesia #RakernisPolri2024

Kapolri 
Jenderal Polisi Drs. Listyo Sigit Prabowo, https://t.co/yqPGWxoRqM.
Pembukaan Rakernis Divisi Polri T.A. 2024
Jakarta, Jumat (22/3) https://t.co/DQ7TNm9Tj0",1771114264243396889,https://pbs.twimg.com/media/GJRDCSMbkAAx-Ev.jpg,,in,,0,0,0,https://x.com/PolsekBatara/status/1771114264243396889,1356571379089346560,PolsekBatara
1771113952015249904,2024-03-22T09:57:26.000Z,0,"“Tri Brata dan Catur Prasetya jadikan pedoman hidup dalam hal meningkatkan kinerja yang ada.”
Presisi Demi Indonesia #RakernisPolri2024

Kapolri 
Jenderal Polisi Drs. Listyo Sigit Prabowo, https://t.co/sCqkUepzNN.
Pembukaan Rakernis Divisi Polri T.A. 2024
Jakarta, Jumat (22/3) https://t.co/DOpmDGtKJX",1771113952015249904,https://pbs.twimg.com/media/GJRCv2vaYAAUv-Z.jpg,,in,,0,0,0,https://x.com/PolsekSindang/status/1771113952015249904,871441724823949312,PolsekSindang
1771113502775853059,2024-03-22T09:55:39.000Z,0,"“Tri Brata dan Catur Prasetya jadikan pedoman hidup dalam hal meningkatkan kinerja yang ada.”
Presisi Demi Indonesia #RakernisPolri2024

Kapolri 
Jenderal Polisi Drs. Listyo Sigit Prabowo, https://t.co/zXbxrM3H8m.
Pembukaan Rakernis Divisi Polri T.A. 2024
Jakarta, Jumat (22/3) https://t.co/MV1vVHLcaw",1771113502775853059,https://pbs.twimg.com/media/GJRCWBJb0AA2TsW.jpg,,in,,0,0,0,https://x.com/HumasResCms/status/1771113502775853059,727738974618435585,HumasResCms
1771113009013985449,2024-03-22T09:53:41.000Z,1,"“Tri Brata dan Catur Prasetya jadikan pedoman hidup dalam hal meningkatkan kinerja yang ada.”
Presisi Demi Indonesia #RakernisPolri2024

Kapolri 
Jenderal Polisi Drs. Listyo Sigit Prabowo, https://t.co/ZNADywCNrI.
Pembukaan Rakernis Divisi Polri T.A. 2024
Jakarta, Jumat (22/3) https://t.co/y5Z29POcx0",1771113009013985449,https://pbs.twimg.com/media/GJRB5KNaYAAEoJH.jpg,,in,,0,0,0,https://x.com/TolikaraPolres/status/1771113009013985449,1300280897896210434,TolikaraPolres
1771112868416802825,2024-03-22T09:53:08.000Z,0,"“Tri Brata dan Catur Prasetya jadikan pedoman hidup dalam hal meningkatkan kinerja yang ada.”
Presisi Demi Indonesia #RakernisPolri2024

Kapolri 
Jenderal Polisi Drs. Listyo Sigit Prabowo, https://t.co/X1uxzQKC0U.
Pembukaan Rakernis Divisi Polri T.A. 2024
Jakarta, Jumat (22/3) https://t.co/zd7cbkUWB9",1771112868416802825,https://pbs.twimg.com/media/GJRBwpNaAAAFtN7.jpg,,in,,0,0,0,https://x.com/POLRESBULUNGAN1/status/1771112868416802825,1341213131935137793,POLRESBULUNGAN1
1771112713282076811,2024-03-22T09:52:31.000Z,9,"“Tri Brata dan Catur Prasetya jadikan pedoman hidup dalam hal meningkatkan kinerja yang ada.”
Presisi Demi Indonesia #RakernisPolri2024

Kapolri 
Jenderal Polisi Drs. Listyo Sigit Prabowo, https://t.co/i2dolEv8QQ.
Pembukaan Rakernis Divisi Polri T.A. 2024
Jakarta, Jumat (22/3) https://t.co/TcGuHScc2d",1771112713282076811,https://pbs.twimg.com/media/GJRBoGVbQAAWI0F.jpg,,in,,0,0,7,https://x.com/ResNgawi/status/1771112713282076811,2152483394,ResNgawi
1771112338890141808,2024-03-22T09:51:01.000Z,0,"“Tri Brata dan Catur Prasetya jadikan pedoman hidup dalam hal meningkatkan kinerja yang ada.”
Presisi Demi Indonesia #RakernisPolri2024

Kapolri 
Jenderal Polisi Drs. Listyo Sigit Prabowo, https://t.co/xtQLBSTovd.
Pembukaan Rakernis Divisi Polri T.A. 2024
Jakarta, Jumat (22/3) https://t.co/OWgH3xSsVT",1771112338890141808,https://pbs.twimg.com/media/GJRBRuYaoAAqS58.jpg,,in,,0,0,0,https://x.com/POLSEK_JTJOGJA/status/1771112338890141808,1223871925685899266,POLSEK_JTJOGJA
1771112132924543086,2024-03-22T09:50:12.000Z,2,"“Tri Brata dan Catur Prasetya jadikan pedoman hidup dalam hal meningkatkan kinerja yang ada.”
Presisi Demi Indonesia #RakernisPolri2024

Kapolri 
Jenderal Polisi Drs. Listyo Sigit Prabowo, https://t.co/hl2YOCLQn0.
Pembukaan Rakernis Divisi Polri T.A. 2024
Jakarta, Jumat (22/3) https://t.co/HhCJGVDpZQ",1771112132924543086,https://pbs.twimg.com/media/GJRBBp2bIAAPej7.jpg,,in,,0,0,0,https://x.com/humas_polda_ntt/status/1771112132924543086,4667368345,humas_polda_ntt
1771112076007833676,2024-03-22T09:49:59.000Z,1,"“Tri Brata dan Catur Prasetya jadikan pedoman hidup dalam hal meningkatkan kinerja yang ada.”
Presisi Demi Indonesia #RakernisPolri2024

Kapolri 
Jenderal Polisi Drs. Listyo Sigit Prabowo, https://t.co/AEOoQxOvPF.
Pembukaan Rakernis Divisi Polri T.A. 2024
Jakarta, Jumat (22/3) https://t.co/2roZg2ji92",1771112076007833676,https://pbs.twimg.com/media/GJRBCc6aMAAtId2.jpg,,in,,0,0,0,https://x.com/polres_pinrang/status/1771112076007833676,1468392532019380224,polres_pinrang
1771111267501318240,2024-03-22T09:46:46.000Z,3,"“Tri Brata dan Catur Prasetya jadikan pedoman hidup dalam hal meningkatkan kinerja yang ada.”
Presisi Demi Indonesia #RakernisPolri2024

Kapolri 
Jenderal Polisi Drs. Listyo Sigit Prabowo, https://t.co/9XSUB0joN7.
Pembukaan Rakernis Divisi Polri T.A. 2024
Jakarta, Jumat (22/3) https://t.co/5Ds0ae2Nr5",1771111267501318240,https://pbs.twimg.com/media/GJRASgKaIAA1w8Y.jpg,,in,,0,0,0,https://x.com/CirebonPolresta/status/1771111267501318240,1262277887236825088,CirebonPolresta
1771111133065470400,2024-03-22T09:46:14.000Z,0,"“Tri Brata dan Catur Prasetya jadikan pedoman hidup dalam hal meningkatkan kinerja yang ada.”
Presisi Demi Indonesia #RakernisPolri2024

Kapolri 
Jenderal Polisi Drs. Listyo Sigit Prabowo, https://t.co/RR7NlIFOe7.
Pembukaan Rakernis Divisi Polri T.A. 2024
Jakarta, Jumat (22/3) https://t.co/MybdTlEUHs",1771111133065470400,https://pbs.twimg.com/media/GJRAMEdaYAA2wib.jpg,,in,,0,0,0,https://x.com/Polrestro_Depok/status/1771111133065470400,1161847667124686853,Polrestro_Depok
1771111018032517519,2024-03-22T09:45:47.000Z,1,"“Tri Brata dan Catur Prasetya jadikan pedoman hidup dalam hal meningkatkan kinerja yang ada.”
Presisi Demi Indonesia #RakernisPolri2024

Kapolri 
Jenderal Polisi Drs. Listyo Sigit Prabowo, https://t.co/N1AX0U1y8Q.
Pembukaan Rakernis Divisi Polri T.A. 2024
Jakarta, Jumat (22/3) https://t.co/3JyVi2srz3",1771111018032517519,https://pbs.twimg.com/media/GJRAFY1bMAAXp4h.jpg,,in,,0,0,0,https://x.com/Kasi_HmsResNgd/status/1771111018032517519,1589492664336285696,Kasi_HmsResNgd
1771110888906641837,2024-03-22T09:45:16.000Z,1,"“Tri Brata dan Catur Prasetya jadikan pedoman hidup dalam hal meningkatkan kinerja yang ada.”
Presisi Demi Indonesia #RakernisPolri2024

Kapolri 
Jenderal Polisi Drs. Listyo Sigit Prabowo, https://t.co/P8hnNkLKlz.
Pembukaan Rakernis Divisi Polri T.A. 2024
Jakarta, Jumat (22/3) https://t.co/ZW644G35Vm",1771110888906641837,https://pbs.twimg.com/media/GJQ_93PaAAAQ6K4.jpg,,in,,0,0,0,https://x.com/sidrap_polres/status/1771110888906641837,1573149318680555524,sidrap_polres
1771110855226368089,2024-03-22T09:45:08.000Z,0,"“Tri Brata dan Catur Prasetya jadikan pedoman hidup dalam hal meningkatkan kinerja yang ada.”
Presisi Demi Indonesia #RakernisPolri2024

Kapolri 
Jenderal Polisi Drs. Listyo Sigit Prabowo, https://t.co/AyMaDSxV5e.
Pembukaan Rakernis Divisi Polri T.A. 2024
Jakarta, Jumat (22/3) https://t.co/wA7ZS6tn8V",1771110855226368089,https://pbs.twimg.com/media/GJQ_78zaAAEjV31.jpg,,in,,0,0,0,https://x.com/PolsekMlati/status/1771110855226368089,845346235435278336,PolsekMlati
1771110789111484795,2024-03-22T09:44:52.000Z,0,"“Tri Brata dan Catur Prasetya jadikan pedoman hidup dalam hal meningkatkan kinerja yang ada.”
Presisi Demi Indonesia #RakernisPolri2024

Kapolri 
Jenderal Polisi Drs. Listyo Sigit Prabowo, https://t.co/GBsbf9Ejrs.
Pembukaan Rakernis Divisi Polri T.A. 2024
Jakarta, Jumat (22/3) https://t.co/vfDZszrpxs",1771110789111484795,https://pbs.twimg.com/media/GJQ_3sAbAAAtOJS.jpg,,in,,0,0,0,https://x.com/polsekkg2353376/status/1771110789111484795,1750319791326523392,polsekkg2353376
1771110659138474166,2024-03-22T09:44:21.000Z,0,"“Tri Brata dan Catur Prasetya jadikan pedoman hidup dalam hal meningkatkan kinerja yang ada.”
Presisi Demi Indonesia #RakernisPolri2024

Kapolri 
Jenderal Polisi Drs. Listyo Sigit Prabowo, https://t.co/6erndMZ2sK.
Pembukaan Rakernis Divisi Polri T.A. 2024
Jakarta, Jumat (22/3) https://t.co/DUYg8hs6Iq",1771110659138474166,https://pbs.twimg.com/media/GJQ_weHaQAA9ySa.jpg,,in,,0,0,0,https://x.com/LakaPangke70779/status/1771110659138474166,1706984584662122496,LakaPangke70779
1771110650988650872,2024-03-22T09:44:19.000Z,0,"“Tri Brata dan Catur Prasetya jadikan pedoman hidup dalam hal meningkatkan kinerja yang ada.”
Presisi Demi Indonesia #RakernisPolri2024

Kapolri 
Jenderal Polisi Drs. Listyo Sigit Prabowo, https://t.co/LnLUOySATQ.
Pembukaan Rakernis Divisi Polri T.A. 2024
Jakarta, Jumat (22/3) https://t.co/iK2XtvnfxB",1771110650988650872,https://pbs.twimg.com/media/GJQ_trSbsAACefb.jpg,,in,,0,0,0,https://x.com/SektorMandalle/status/1771110650988650872,1580814937387307009,SektorMandalle
1771110608563536326,2024-03-22T09:44:09.000Z,0,"“Tri Brata dan Catur Prasetya jadikan pedoman hidup dalam hal meningkatkan kinerja yang ada.”
Presisi Demi Indonesia #RakernisPolri2024

Kapolri 
Jenderal Polisi Drs. Listyo Sigit Prabowo, https://t.co/9r5Lecb81v.
Pembukaan Rakernis Divisi Polri T.A. 2024
Jakarta, Jumat (22/3) https://t.co/Du1W0WIuNE",1771110608563536326,https://pbs.twimg.com/media/GJQ_tMQakAA5dJn.jpg,,in,,0,0,0,https://x.com/AndiAnh25520285/status/1771110608563536326,1315930972546711552,AndiAnh25520285
1771110508998832234,2024-03-22T09:43:45.000Z,0,"“Tri Brata dan Catur Prasetya jadikan pedoman hidup dalam hal meningkatkan kinerja yang ada.”
Presisi Demi Indonesia #RakernisPolri2024

Kapolri 
Jenderal Polisi Drs. Listyo Sigit Prabowo, https://t.co/9r5LecaAbX.
Pembukaan Rakernis Divisi Polri T.A. 2024
Jakarta, Jumat (22/3) https://t.co/abIii16bGk",1771110508998832234,https://pbs.twimg.com/media/GJQ_nePasAAIO6d.jpg,,in,,0,0,0,https://x.com/AndiAnh25520285/status/1771110508998832234,1315930972546711552,AndiAnh25520285
1771110323128570289,2024-03-22T09:43:01.000Z,16,"“Tri Brata dan Catur Prasetya jadikan pedoman hidup dalam hal meningkatkan kinerja yang ada.”
Presisi Demi Indonesia #RakernisPolri2024

Kapolri 
Jenderal Polisi Drs. Listyo Sigit Prabowo, M. Si.
Pembukaan Rakernis Divisi Polri T.A. 2024
Jakarta, Jumat (22/3) https://t.co/8y2IAiej3F",1771110323128570289,https://pbs.twimg.com/media/GJQ_cPMasAANY1X.jpg,,in,,0,2,6,https://x.com/DivHumas_Polri/status/1771110323128570289,138290629,DivHumas_Polri
1771110275674190277,2024-03-22T09:42:50.000Z,1,"“Tri Brata dan Catur Prasetya jadikan pedoman hidup dalam hal meningkatkan kinerja yang ada.”
Presisi Demi Indonesia #RakernisPolri2024

Kapolri 
Jenderal Polisi Drs. Listyo Sigit Prabowo, https://t.co/4lgjPs4jrP.
Pembukaan Rakernis Divisi Polri T.A. 2024
Jakarta, Jumat (22/3) https://t.co/TZ5mG1M3Aw",1771110275674190277,https://pbs.twimg.com/media/GJQ_aLgasAAESOQ.jpg,,in,,0,0,0,https://x.com/HumasResTernate/status/1771110275674190277,950548150359441408,HumasResTernate
1771110232951050620,2024-03-22T09:42:39.000Z,0,"“Tri Brata dan Catur Prasetya jadikan pedoman hidup dalam hal meningkatkan kinerja yang ada.”
Presisi Demi Indonesia #RakernisPolri2024

Kapolri 
Jenderal Polisi Drs. Listyo Sigit Prabowo, https://t.co/UDCQIsrCDY.
Pembukaan Rakernis Divisi Polri T.A. 2024
Jakarta, Jumat (22/3) https://t.co/iDadUmSTGW",1771110232951050620,https://pbs.twimg.com/media/GJQ_Vb_agAEvub1.jpg,,in,,0,0,0,https://x.com/resbaritokuala/status/1771110232951050620,1590604731814400000,resbaritokuala
1771110106710884375,2024-03-22T09:42:09.000Z,0,"“Tri Brata dan Catur Prasetya jadikan pedoman hidup dalam hal meningkatkan kinerja yang ada.”
Presisi Demi Indonesia #RakernisPolri2024

Kapolri 
Jenderal Polisi Drs. Listyo Sigit Prabowo, https://t.co/a2jj1TVU4u.
Pembukaan Rakernis Divisi Polri T.A. 2024
https://t.co/PtkBJ35NQv",1771110106710884375,,,in,,0,0,0,https://x.com/HumasPolsekMG/status/1771110106710884375,1154308056605286400,HumasPolsekMG
1771110096338116797,2024-03-22T09:42:07.000Z,0,"“Tri Brata dan Catur Prasetya jadikan pedoman hidup dalam hal meningkatkan kinerja yang ada.”
Presisi Demi Indonesia #RakernisPolri2024

Kapolri 
Jenderal Polisi Drs. Listyo Sigit Prabowo, https://t.co/QnKReSyRTO.
Pembukaan Rakernis Divisi Polri T.A. 2024
Jakarta, Jumat (22/3) https://t.co/1aMqFYJ4Lb",1771110096338116797,https://pbs.twimg.com/media/GJQ_PXda4AA76hO.jpg,,in,,1,0,0,https://x.com/polresjogja/status/1771110096338116797,2818951754,polresjogja
1771110044832264277,2024-03-22T09:41:54.000Z,0,"“Tri Brata dan Catur Prasetya jadikan pedoman hidup dalam hal meningkatkan kinerja yang ada.”
Presisi Demi Indonesia #RakernisPolri2024

Kapolri 
Jenderal Polisi Drs. Listyo Sigit Prabowo, https://t.co/jTk06LFfvh.
Pembukaan Rakernis Divisi Polri T.A. 2024
Jakarta, Jumat (22/3) https://t.co/DP1q3aOfo4",1771110044832264277,https://pbs.twimg.com/media/GJQ_MtLa4AAzO1L.jpg,,in,,0,0,0,https://x.com/PAwangpone33906/status/1771110044832264277,1730082160131153920,PAwangpone33906
1771110005716218227,2024-03-22T09:41:45.000Z,0,"“Tri Brata dan Catur Prasetya jadikan pedoman hidup dalam hal meningkatkan kinerja yang ada.”
Presisi Demi Indonesia #RakernisPolri2024

Kapolri 
Jenderal Polisi Drs. Listyo Sigit Prabowo, https://t.co/ss6GnGpZhG.
Pembukaan Rakernis Divisi Polri T.A. 2024
Jakarta, Jumat (22/3) https://t.co/Mpv7JFs0es",1771110005716218227,https://pbs.twimg.com/media/GJQ_KJ8a8AADhId.jpg,,in,,0,0,0,https://x.com/humaspolsulteng/status/1771110005716218227,308209934,humaspolsulteng
1771109901198336030,2024-03-22T09:41:20.000Z,1,"“Tri Brata dan Catur Prasetya jadikan pedoman hidup dalam hal meningkatkan kinerja yang ada.”
Presisi Demi Indonesia #RakernisPolri2024

Kapolri 
Jenderal Polisi Drs. Listyo Sigit Prabowo, https://t.co/zB2Jzfo5MY.
Pembukaan Rakernis Divisi Polri T.A. 2024
Jakarta, Jumat (22/3) https://t.co/p7Ektulu7O",1771109901198336030,https://pbs.twimg.com/media/GJQ_D4MaIAA5wgb.jpg,,in,,0,0,0,https://x.com/Polsekmenggala1/status/1771109901198336030,1252600797885423616,Polsekmenggala1
1771109850304381249,2024-03-22T09:41:08.000Z,0,"“Tri Brata dan Catur Prasetya jadikan pedoman hidup dalam hal meningkatkan kinerja yang ada.”
Presisi Demi Indonesia #RakernisPolri2024

Kapolri 
Jenderal Polisi Drs. Listyo Sigit Prabowo, https://t.co/3f1TdsbBwo.
Pembukaan Rakernis Divisi Polri T.A. 2024
Jakarta, Jumat (22/3) https://t.co/qvED97aVNg",1771109850304381249,https://pbs.twimg.com/media/GJQ_BZ4bUAAqOY-.jpg,,in,,0,0,0,https://x.com/Humaspolseksen5/status/1771109850304381249,1330715020653588482,Humaspolseksen5
1771109537711317326,2024-03-22T09:39:54.000Z,2,"“Tri Brata dan Catur Prasetya jadikan pedoman hidup dalam hal meningkatkan kinerja yang ada.”
Presisi Demi Indonesia #RakernisPolri2024

Kapolri 
Jenderal Polisi Drs. Listyo Sigit Prabowo, https://t.co/kb5TxeMPF3.
Pembukaan Rakernis Divisi Polri T.A. 2024
Jakarta, Jumat (22/3) https://t.co/CwkSO1MhAM",1771109537711317326,https://pbs.twimg.com/media/GJQ-sUebMAAwwPH.jpg,,in,,0,0,0,https://x.com/HumasPoldaRiau/status/1771109537711317326,1247672666,HumasPoldaRiau
1771109493499371931,2024-03-22T09:39:43.000Z,0,"“Tri Brata dan Catur Prasetya jadikan pedoman hidup dalam hal meningkatkan kinerja yang ada.”
Presisi Demi Indonesia #RakernisPolri2024

Kapolri 
Jenderal Polisi Drs. Listyo Sigit Prabowo, https://t.co/IbHfDCWnBS.
Pembukaan Rakernis Divisi Polri T.A. 2024
Jakarta, Jumat (22/3) https://t.co/ZgPBncyeHZ",1771109493499371931,https://pbs.twimg.com/media/GJQ-sR9aYAEXn9o.jpg,,in,,0,0,0,https://x.com/EnrekangPolres/status/1771109493499371931,1392107658598039552,EnrekangPolres
1771109408489021582,2024-03-22T09:39:23.000Z,1,"“Tri Brata dan Catur Prasetya jadikan pedoman hidup dalam hal meningkatkan kinerja yang ada.”
Presisi Demi Indonesia #RakernisPolri2024

Kapolri 
Jenderal Polisi Drs. Listyo Sigit Prabowo, https://t.co/fkCMHCW3UR.
Pembukaan Rakernis Divisi Polri T.A. 2024
Jakarta, Jumat (22/3) https://t.co/zdc5AAaRW5",1771109408489021582,https://pbs.twimg.com/media/GJQ-nY2bMAAZzs8.jpg,,in,,0,0,0,https://x.com/polsekdanurejan/status/1771109408489021582,1150952495973191681,polsekdanurejan
1771109226754035780,2024-03-22T09:38:39.000Z,0,"“Tri Brata dan Catur Prasetya jadikan pedoman hidup dalam hal meningkatkan kinerja yang ada.”
Presisi Demi Indonesia #RakernisPolri2024

Kapolri 
Jenderal Polisi Drs. Listyo Sigit Prabowo, https://t.co/yE1rCTI0zw.
Pembukaan Rakernis Divisi Polri T.A. 2024
Jakarta, Jumat (22/3) https://t.co/yBFxsI5OHk",1771109226754035780,https://pbs.twimg.com/media/GJQ-czfbMAA2ZEy.jpg,,in,,0,0,0,https://x.com/polreshst/status/1771109226754035780,1694986843572592640,polreshst
1771109224493576429,2024-03-22T09:38:39.000Z,0,"“Tri Brata dan Catur Prasetya jadikan pedoman hidup dalam hal meningkatkan kinerja yang ada.”
Presisi Demi Indonesia #RakernisPolri2024

Kapolri 
Jenderal Polisi Drs. Listyo Sigit Prabowo, https://t.co/I3q5OuxPZf.
Pembukaan Rakernis Divisi Polri T.A. 2024
Jakarta, Jumat (22/3) https://t.co/GDe9AzpL2j",1771109224493576429,https://pbs.twimg.com/media/GJQ-cchaMAAgCey.jpg,,in,,0,0,0,https://x.com/BERITA_RJPT/status/1771109224493576429,925913037730541573,BERITA_RJPT
1771109152070271471,2024-03-22T09:38:22.000Z,0,"“Tri Brata dan Catur Prasetya jadikan pedoman hidup dalam hal meningkatkan kinerja yang ada.”
Presisi Demi Indonesia #RakernisPolri2024

Kapolri 
Jenderal Polisi Drs. Listyo Sigit Prabowo, https://t.co/M1qC34G4k4.
Pembukaan Rakernis Divisi Polri T.A. 2024
Jakarta, Jumat (22/3) https://t.co/cOc1M9xA86",1771109152070271471,https://pbs.twimg.com/media/GJQ-YwxaUAAsG6t.jpg,,in,,0,0,0,https://x.com/PolsekUH/status/1771109152070271471,1157832943072493568,PolsekUH
1772228847347356005,2024-03-25T11:47:38.000Z,2,"Itwasda Polda Sumut, Laksanakan Audit Kinerja Di Mapolres Samosir

#itwasda_poldasumut
#divisihumaspolri
#poldasumaterautara
#polisi_indinesia
#polressamosir https://t.co/qR6QYpAtgJ",1772228847347356005,https://pbs.twimg.com/ext_tw_video_thumb/1772228709740920832/pu/img/N-GdU9gP_F9EYfFK.jpg,,in,,0,0,0,https://x.com/HumasresSamosir/status/1772228847347356005,1595735025202253824,HumasresSamosir
1771109121372168235,2024-03-22T09:38:14.000Z,0,"“Tri Brata dan Catur Prasetya jadikan pedoman hidup dalam hal meningkatkan kinerja yang ada.”
Presisi Demi Indonesia #RakernisPolri2024

Kapolri 
Jenderal Polisi Drs. Listyo Sigit Prabowo, https://t.co/bntiMMhrHL.
Pembukaan Rakernis Divisi Polri T.A. 2024
Jakarta, Jumat (22/3) https://t.co/pHMlXFZSyC",1771109121372168235,https://pbs.twimg.com/media/GJQ-WxIbcAANK18.jpg,,in,,0,0,0,https://x.com/humasresinhil/status/1771109121372168235,2149035932,humasresinhil
1771109077768384936,2024-03-22T09:38:04.000Z,0,"“Tri Brata dan Catur Prasetya jadikan pedoman hidup dalam hal meningkatkan kinerja yang ada.”
Presisi Demi Indonesia #RakernisPolri2024

Kapolri 
Jenderal Polisi Drs. Listyo Sigit Prabowo, https://t.co/WKgcikEQ3T.
Pembukaan Rakernis Divisi Polri T.A. 2024
Jakarta, Jumat (22/3) https://t.co/6SC7R7cjN7",1771109077768384936,https://pbs.twimg.com/media/GJQ-TTybUAAtOmo.jpg,,in,,0,0,0,https://x.com/DermagaHumas/status/1771109077768384936,1573161994752241665,DermagaHumas
1771109041277657298,2024-03-22T09:37:55.000Z,32,"“Tri Brata dan Catur Prasetya jadikan pedoman hidup dalam hal meningkatkan kinerja yang ada.”
Presisi Demi Indonesia #RakernisPolri2024

Kapolri 
Jenderal Polisi Drs. Listyo Sigit Prabowo, https://t.co/Le4bkCEtKq.
Pembukaan Rakernis Divisi Polri T.A. 2024
Jakarta, Jumat (22/3) https://t.co/icK8B0tAEu",1771109041277657298,https://pbs.twimg.com/media/GJQ-SG5bMAAnDiz.jpg,,in,,1,20,16,https://x.com/Res1Tulungagung/status/1771109041277657298,1432725259866628096,Res1Tulungagung
1771108577123447152,2024-03-22T09:36:05.000Z,0,"“Tri Brata dan Catur Prasetya jadikan pedoman hidup dalam hal meningkatkan kinerja yang ada.”
Presisi Demi Indonesia #RakernisPolri2024

Kapolri 
Jenderal Polisi Drs. Listyo Sigit Prabowo, https://t.co/dsXX7actZz.
Pembukaan Rakernis Divisi Polri T.A. 2024
Jakarta, Jumat (22/3) https://t.co/ynILcYg6zJ",1771108577123447152,https://pbs.twimg.com/media/GJQ93TmacAAg_Ia.jpg,,in,,0,0,0,https://x.com/PareparePolres/status/1771108577123447152,1186921895028875265,PareparePolres
1771108453311717613,2024-03-22T09:35:35.000Z,1,"“Tri Brata dan Catur Prasetya jadikan pedoman hidup dalam hal meningkatkan kinerja yang ada.”
Presisi Demi Indonesia #RakernisPolri2024

Kapolri 
Jenderal Polisi Drs. Listyo Sigit Prabowo, https://t.co/szy3GIy4nC.
Pembukaan Rakernis Divisi Polri T.A. 2024
Jakarta, Jumat (22/3) https://t.co/k9HnwdD1S6",1771108453311717613,https://pbs.twimg.com/media/GJQ9vlNagAAbbVT.jpg,,in,,0,0,0,https://x.com/Polres_Bwi/status/1771108453311717613,602428897,Polres_Bwi
1771108451969576973,2024-03-22T09:35:35.000Z,1,"“Tri Brata dan Catur Prasetya jadikan pedoman hidup dalam hal meningkatkan kinerja yang ada.”
Presisi Demi Indonesia #RakernisPolri2024

Kapolri 
Jenderal Polisi Drs. Listyo Sigit Prabowo, https://t.co/G6W4SodLLN.
Pembukaan Rakernis Divisi Polri T.A. 2024
Jakarta, Jumat (22/3) https://t.co/GDEO7NzGp9",1771108451969576973,https://pbs.twimg.com/media/GJQ9wAJbUAA5aTq.jpg,,in,,0,0,1,https://x.com/Poldakaltim/status/1771108451969576973,226140504,Poldakaltim
1771108277260079227,2024-03-22T09:34:53.000Z,12,"“Tri Brata dan Catur Prasetya jadikan pedoman hidup dalam hal meningkatkan kinerja yang ada.”
Presisi Demi Indonesia #RakernisPolri2024

Kapolri 
Jenderal Polisi Drs. Listyo Sigit Prabowo, https://t.co/GeBGulfy9A.
Pembukaan Rakernis Divisi Polri T.A. 2024
Jakarta, Jumat (22/3) https://t.co/4wdPaWGZPX",1771108277260079227,https://pbs.twimg.com/media/GJQ9lBIbYAAgels.jpg,,in,,0,0,0,https://x.com/BabelBid/status/1771108277260079227,1378926065020665856,BabelBid
1771108244414476454,2024-03-22T09:34:45.000Z,0,"“Tri Brata dan Catur Prasetya jadikan pedoman hidup dalam hal meningkatkan kinerja yang ada.”
Presisi Demi Indonesia #RakernisPolri2024

Kapolri 
Jenderal Polisi Drs. Listyo Sigit Prabowo, https://t.co/SH1UcNAAvu, Jumat (22/3)
https://t.co/0231L30Qyb https://t.co/2hpdk0i8Zg",1771108244414476454,https://pbs.twimg.com/media/GJQ9j18agAAMFfO.jpg,,in,,0,0,0,https://x.com/polsekmj/status/1771108244414476454,1260799068738969602,polsekmj
1771107719245623408,2024-03-22T09:32:40.000Z,0,"“Tri Brata dan Catur Prasetya jadikan pedoman hidup dalam hal meningkatkan kinerja yang ada.”
Presisi Demi Indonesia #RakernisPolri2024

Kapolri 
Jenderal Polisi Drs. Listyo Sigit Prabowo, https://t.co/ZNDWNAcPGp.
Pembukaan Rakernis Divisi Polri T.A. 2024
Jakarta, Jumat (22/3) https://t.co/NFl3DXR7YX",1771107719245623408,https://pbs.twimg.com/media/GJQ9FUdbkAAGe5z.jpg,,in,,0,0,0,https://x.com/Polsekwara22/status/1771107719245623408,521933177,Polsekwara22
1771107355079368805,2024-03-22T09:31:13.000Z,0,"“Tri Brata dan Catur Prasetya jadikan pedoman hidup dalam hal meningkatkan kinerja yang ada.”
Presisi Demi Indonesia #RakernisPolri2024

Kapolri 
Jenderal Polisi Drs. Listyo Sigit Prabowo, https://t.co/Ve1HAFvWwY.
Pembukaan Rakernis Divisi Polri T.A. 2024
Jakarta, Jumat (22/3) https://t.co/1a2JxmdWqw",1771107355079368805,https://pbs.twimg.com/media/GJQ8vv9bcAA4Q3R.jpg,,in,,0,0,0,https://x.com/polsektelluwanu/status/1771107355079368805,965873188365201408,polsektelluwanu
1771105591940829659,2024-03-22T09:24:13.000Z,1,"“Tri Brata dan Catur Prasetya jadikan pedoman hidup dalam hal meningkatkan kinerja yang ada.”
Presisi Demi Indonesia #RakernisPolri2024

Kapolri 
Jenderal Polisi Drs. Listyo Sigit Prabowo, https://t.co/5kFSVefQTY.
Pembukaan Rakernis Divisi Polri T.A. 2024
Jakarta, Jumat (22/3) https://t.co/WCJIqiUlu4",1771105591940829659,https://pbs.twimg.com/media/GJQ7JChacAA24a6.jpg,,in,,0,0,0,https://x.com/BIDHumas_SB/status/1771105591940829659,1246963953336373248,BIDHumas_SB
1771104839818166594,2024-03-22T09:21:14.000Z,145,"“Tri Brata dan Catur Prasetya jadikan pedoman hidup dalam hal meningkatkan kinerja yang ada.”
Presisi Demi Indonesia #RakernisPolri2024

Kapolri 
Jenderal Polisi Drs. Listyo Sigit Prabowo, https://t.co/bf72Zl8dWW.
Pembukaan Rakernis Divisi Polri T.A. 2024
Jakarta, Jumat (22/3) https://t.co/llherzq9Gd",1771104839818166594,https://pbs.twimg.com/media/GJQ6df7aQAA0Evj.jpg,,in,,0,3,0,https://x.com/humaspoldalpg/status/1771104839818166594,843124411,humaspoldalpg
1771097153093480778,2024-03-22T08:50:41.000Z,0,Satuan Polisi Pamong Praja Provinsi Lampung mengikuti Desk Laporan Akuntabilitas Kinerja Pemerintah Daerah dilingkungan Pemerintah Provinsi Lampung yang diadakan di Ruang Rapat Biro Organisasi Setda Provinsi Lampung. (20/03/2024). https://t.co/GRx26w18Bq,1771097153093480778,https://pbs.twimg.com/media/GJQzdiya0AAb6pY.jpg,,in,,0,1,0,https://x.com/prajawibawalam1/status/1771097153093480778,1486915145787850752,prajawibawalam1
1771060824234205398,2024-03-22T06:26:19.000Z,0,"Bupati Badung secara tegas menyampaikan apresiasi yang mendalam terhadap dedikasi dan kinerja yang luar biasa dari Satuan Polisi Pamong Praja (Satpol PP) dan Satuan Perlindungan Masyarakat (Satlinmas).

#BupatiBadung #HUTSatpolPP #Satlinmas

https://t.co/m824uCcXDb",1771060824234205398,,,in,,0,0,0,https://x.com/updatebalii/status/1771060824234205398,1293295315148140545,updatebalii
1772122447510401198,2024-03-25T04:44:50.000Z,0,"“Tri Brata dan Catur Prasetya jadikan pedoman hidup dalam hal meningkatkan kinerja yang ada.”
Presisi Demi Indonesia #RakernisPolri2024

Kapolri 
Jenderal Polisi Drs. Listyo Sigit Prabowo, https://t.co/xpkweMKsWV.
Pembukaan Rakernis Divisi Polri T.A. 2024
Jakarta, Jumat (22/3) https://t.co/a0vJLs6x91",1772122447510401198,https://pbs.twimg.com/media/GJfX-XTbYAAAS8s.jpg,,in,,0,0,0,https://x.com/sikum_k25241/status/1772122447510401198,1750064822455296000,sikum_k25241
1771906524912517521,2024-03-24T14:26:50.000Z,0,"@HumasPoldaSumut betapa arogan ny polisi menculik warga yg sudah lansia di tengah jalan , atas dasar perintah dari perusahaan, sangat buruk kinerja anak buah mu @ListyoSigitP  di polda sumut ini https://t.co/OJkBvPx0ms",1771906524912517521,https://pbs.twimg.com/ext_tw_video_thumb/1771906432037949440/pu/img/KEjRtA2vXKLmScdm.jpg,HumasPoldaSumut,in,,0,0,1,https://x.com/boyhs15/status/1771906524912517521,1610861594380218369,boyhs15
1772170735651323957,2024-03-28T23:37:52.000Z,0,@20detik Kami masyarakat Senang atas kinerja Bapak Kapolri dan Jajarannya yg Selalu Sigap Berikan Pengamanan Mudik Bagi Masyatakat . Terimakasih Pak polisi 🙏🏻,1773494748520890441,,20detik,in,,0,0,0,https://x.com/Erlangg79687852/status/1773494748520890441,1547480845207814144,Erlangg79687852
1773386461397897708,2024-03-28T16:31:16.000Z,4,"Jangan berharap kinerja kepolisian kita bakal bener-bener profesional dan sesuai harapan kita (kayak polisi di negara-negara maju) kalo kesejahteraan mereka aja masih jauh dari harapan. 

Kita harus terus mendorong meritokrasi sambil terus menaikan kesejahteraan mereka.",1773387392378093628,,mjohnisjohn,in,,0,1,1,https://x.com/mjohnisjohn/status/1773387392378093628,1716116207424966656,mjohnisjohn
1773328972610458021,2024-03-28T15:15:27.000Z,5,"@CiuSquad2 @YSadputra @Pai_C1 Nah terus gimana sekarang kinerja polisi buat memberantas preman, udah bagus belum?",1773368312077959183,,CiuSquad2,in,,0,0,0,https://x.com/kacangkemasan/status/1773368312077959183,984923288467005441,kacangkemasan
1773364679013748778,2024-03-28T15:01:01.000Z,0,"...
“Tri Brata dan Catur Prasetya jadikan pedoman hidup dalam hal meningkatkan kinerja yang ada.” Presisi Demi Indonesia #RakernisPolri2024 Kapolri Jenderal Polisi Drs. Listyo Sigit Prabowo, https://t.co/RNOZi5mC0d. Pembukaan Rakernis Divisi Polri T.A. 2024 Jakarta, Jumat (22/3) https://t.co/A2gbAYv5LU",1773364679013748778,https://pbs.twimg.com/media/GJxBxrfW4AAAwdQ.jpg,,in,,0,0,0,https://x.com/Samapta_Bireuen/status/1773364679013748778,1419515711148347402,Samapta_Bireuen
1773327887623405852,2024-03-28T12:55:17.000Z,0,@Dennysiregar7 Masih percaya sama kinerja polisi? Kalo saya sih NO,1773333037767340178,,,in,,0,0,0,https://x.com/BambangAdiYusw1/status/1773333037767340178,1266115779805581312,BambangAdiYusw1
1773188480610288116,2024-03-28T03:20:52.000Z,1,"Menjalin silaturahmi dengan masyarakat sekaligus melaksanakan kegiatan Jumat Curhat dalam rangka mendengarkan keluh kesah dan aspirasi masyarakat untuk kemajuan kinerja Polisi dalam menjaga Keamanan, Kenyamanan masyarakat https://t.co/9bcdFLZdUc",1773188480610288116,https://pbs.twimg.com/media/GJuhg9La8AAGNd5.jpg,,in,,0,0,0,https://x.com/Polres_SWL/status/1773188480610288116,1262560921471217665,Polres_SWL
1773002050009251874,2024-03-27T15:18:27.000Z,0,"""Awalnya rasanya aneh melihat Clive bekerja sebagai polisi padaha kalo di dunia asalku, dia itu jaksa. Namun ternyata Clive yang ini punya integritas dan kinerja yang sangat baik. Benar-benar bisa diandalkan.",1773006676137762818,,catsycatsyuryuu,in,,0,1,0,https://x.com/catsycatsyuryuu/status/1773006676137762818,184273676,catsycatsyuryuu
1772980940115181841,2024-03-27T14:13:21.000Z,4,"@jokowi polda sumatera utara berulah menerima sogokan dr perusahaan untk mnculik warga d tengah jaln,warga tersebut adalah pejuang aktifis yg tanah ny di garap oleh perusahaan. megara dan polisi bisa di bungkam oleh perusahaan,gimana kinerja mu pak @ListyoSigitP @DivHumas_Polri @prabowo https://t.co/2cBSbOSBDW",1772990294511800376,https://pbs.twimg.com/ext_tw_video_thumb/1772990206628786176/pu/img/btLKII2ScbdAw649.jpg,jokowi,in,,0,0,1,https://x.com/boyhs15/status/1772990294511800376,1610861594380218369,boyhs15
1772541836743328062,2024-03-27T09:31:50.000Z,1,"@QiuQiu_Official @J0yoWi @Pai_C1 maka dari itu, apakah pemerintah masih bisa berbenah soal itu? harusnya kinerja polisi mesti aktif hal semacam itu tidak bisa disepelekan, itu sensitif.",1772919447499821262,,QiuQiu_Official,in,,0,1,0,https://x.com/agusset17657260/status/1772919447499821262,1899532386,agusset17657260
1772574753519210551,2024-03-26T21:29:53.000Z,0,"@SoeryaRoyce @Pai_C1 @DivHumas_Polri Bisa gak bubarin aja huhuhuhu, dah memaksimalkan kan kinerja polri aja untuk keamanan, lebih baik looo
Bukan bermaksud gimana gimana, kadang untuk kepentingan mereka sendiri , jadi seenaknya karena gampangin, misal nanti ketangkap polisi, paling diambil sama pimpinan mereka",1772737762224898390,,SoeryaRoyce,in,,0,0,0,https://x.com/akhmadrifai78/status/1772737762224898390,1203420062,akhmadrifai78
1772519986570854747,2024-03-26T07:04:31.000Z,0,"Kasus Perdagangan Orang Marak, Polisi Diminta Tingkatkan Kinerja
https://t.co/dvW6cgy6Sw",1772519986570854747,,,in,,0,0,0,https://x.com/EBCmedia_/status/1772519986570854747,1632999922587893762,EBCmedia_
1772489093613752451,2024-03-26T05:01:45.000Z,0,"Lemkapi: 85,7% Masyarakat Puas Atas Kinerja Polri Amankan Pemilu

#polri #polripresisi #polriprofesional #polisi #polisiindonesia #surveypolri #pemilu2024 #pemilu #pilpres2024 https://t.co/Hi8Z1H8xQt",1772489093613752451,https://pbs.twimg.com/ext_tw_video_thumb/1772488994997354497/pu/img/8yUAY6X9lAzseRSK.jpg,,in,,0,0,0,https://x.com/CekSurveycom/status/1772489093613752451,1579698927263096833,CekSurveycom
1772457773768261957,2024-03-26T04:18:40.000Z,2,@Pai_C1 Masih ada yg percaya sama kinerja Polisi???,1772478249697710551,,Pai_C1,in,,0,0,0,https://x.com/desmodromici1/status/1772478249697710551,1708794041998147584,desmodromici1
1772205513369092308,2024-03-26T02:56:08.000Z,0,"@Heraloebss @DivHumas_Polri @ListyoSigitP @ahriesonta @bobbynasution_ Berhenti berharap dg kinerja polisi, lbh baik masyarakat yg bergerak",1772457479005163644,,Heraloebss,in,,0,0,0,https://x.com/BennyAchmad23/status/1772457479005163644,1543473576270999554,BennyAchmad23
1774366253739864488,2024-03-31T09:20:55.000Z,18,"Harusnya di indonesia, polisi jg butuh kamera tiap individu biar tau kalo ada investigasi, pembunuhan, kekerasan, dll
Biar masyarakat jg bisa nilai kinerja polisi
Dan bisa ngerasa aman.
Ato bahkan di buat dokumenter kaya gini.",1774366253739864488,,,in,,0,0,0,https://x.com/chaoticfeeling/status/1774366253739864488,49016934,chaoticfeeling
1774301611831292039,2024-03-31T08:05:50.000Z,0,"@keburutel4t @txtdrberseragam Jadi polisi, ASN, Perawat, Akuntan, Karyawan swasta, BUMN, orang tambang, peneliti, dll. Semua pasti punya waktu senggang. Gak pernah lihat Presiden/Menteri bikin konten yaa?

Selama gak ganggu kinerja ya biasa aja sih.",1774347359058866683,,keburutel4t,in,,0,1,0,https://x.com/Eselon_V/status/1774347359058866683,1477165811802411010,Eselon_V
1773730262817579337,2024-03-31T03:24:11.000Z,0,"@H4T14K4LN4L42 @DivHumas_Polri Ternyata SDM dijajaran polisi cuma segitu, menyedihkan yg dipikirin cuma gaji minta naik, remunerasi, tunjangan tetek bengek minta naik, kinerja??????  😴😴😴😴😴",1774276476944425220,,H4T14K4LN4L42,in,,0,0,0,https://x.com/bendot219/status/1774276476944425220,1442719862522986499,bendot219
1774152231287505276,2024-03-30T19:10:28.000Z,0,"kalau kinerja polisi makin lama makin ngeselin, perlu ga sih rekrutmen-nya diubah minimal lulusan sarjana. POV : lagi narik Ojol terus pindah jalur otomatis nyari putar balik dong, tiba2 didepan ada pak polisi ""anda saya tilang"". 😭 biasa juga lewat situ pak gada larangan.",1774152231287505276,,,in,,0,0,0,https://x.com/ohugea/status/1774152231287505276,1663422715024506885,ohugea
1773730262817579337,2024-03-30T11:40:02.000Z,1,"@H4T14K4LN4L42 @DivHumas_Polri Gila sih masyarkat dah taulah ya gimana kinerja polri ini, rumah dibakar preman diem, begal dilawan kita ditangkap, lapor polisi malah diomelin, bikin laporan dimintain duit dah lah Satpam BCA terbaik",1774038874437873734,,H4T14K4LN4L42,in,,0,0,0,https://x.com/georgewell1995/status/1774038874437873734,947432008761753601,georgewell1995
1773730262817579337,2024-03-30T06:15:17.000Z,0,@H4T14K4LN4L42 @DivHumas_Polri preman2 msh byk berkeliaran itu bukti gagalnya kinerja polisi.. as simple as that,1773957147036098781,,H4T14K4LN4L42,in,,0,0,0,https://x.com/dipa_setya_n/status/1773957147036098781,1195710054478970880,dipa_setya_n
1773862344688619647,2024-03-29T23:58:34.000Z,0,Bravo Polisi!!! Kinerja yang luar biasa!!! Emang tidak rugi kita bayar pajak dan uang pajak kita dipakai untuk menggaji polisi ❤❤❤❤ kualitas polisi indonesia sangat kompeten dan bermatabat 👊👊👊👊,1773862344688619647,,,in,,0,1,0,https://x.com/dikamakansiang/status/1773862344688619647,1341266707,dikamakansiang
1773554047787692439,2024-03-29T16:33:18.000Z,0,"@tanyarlfes Kga. Ada yg bener kinerja polisi 🤣🤣🤣🤣
Padahal membela diri Jadi aparat ko lucu bgt",1773750288542994792,,tanyarlfes,in,,0,0,0,https://x.com/naiyalah234/status/1773750288542994792,812483334009827328,naiyalah234
1773647896899932296,2024-03-29T11:01:44.000Z,2,@bangZhack86 Wkwkwk masih percaya sama kinerja polisi? Kalo saya sih NO,1773666848027906357,,bangZhack86,in,,0,0,0,https://x.com/BambangAdiYusw1/status/1773666848027906357,1266115779805581312,BambangAdiYusw1
1772231240810467475,2024-03-29T02:26:53.000Z,0,@ListyoSigitP uar biasa kali kinerja polisi ini mudik taun ini kita serasa aman gak ketar-ketir bakal terjadi hal yg tidak di inginkan,1773537284270481451,,ListyoSigitP,in,,0,0,0,https://x.com/AcSetyawan/status/1773537284270481451,1739479773506863104,AcSetyawan
