conversation_id_str,created_at,favorite_count,full_text,id_str,image_url,in_reply_to_screen_name,lang,location,quote_count,reply_count,retweet_count,tweet_url,user_id_str,username
1798012485464912046,2024-06-04T15:22:36.000Z,0,Kuasa Hukum Pegi Datang ke DPR: Kinerja Polisi Masih Baik https://t.co/DSg1tEIVTn,1798012485464912046,,,in,,0,1,0,https://x.com/KompasTV/status/1798012485464912046,71436318,KompasTV
1798006687166833001,2024-06-04T14:59:34.000Z,0,"Tawuran seperti benang kusut, solusi yang permanen adalah ketegasan dan integritas
Peningkatan disiplin dan tanggung jawab penerapan sanksi dan benteng utamanya iman dan taqwa
Semua bisa terwujud bila tanggung jawab dan kinerja guru tidak direcoki
Sedikit2 lapor polisi",1798006687166833001,,,in,,0,0,0,https://x.com/Rosyid73616925/status/1798006687166833001,1339492732352430080,Rosyid73616925
1797070250791551444,2024-06-04T03:29:50.000Z,0,"@MichelAdam7__ Kapolri Listiyo sigit prabowo GAGAL total menjadi kapolri dan di bawah kepemimpinan nya kinerja polisi paling buruk dlm sejarah,dan menjadi polisi terkorupsi di asia tenggara",1797833111692288176,,MichelAdam7__,in,,0,0,0,https://x.com/RickyDiningrat1/status/1797833111692288176,1170251268633157632,RickyDiningrat1
1797778577125216538,2024-06-03T23:53:08.000Z,0,"Polisi jangan 'mundur isin' soal pembunuhan Vina. Jika salah akui kesalahan dan segera perbaiki kinerja ; jujur, tanggap dan adil.",1797778577125216538,,,in,,0,0,0,https://x.com/soerjoadjigmail/status/1797778577125216538,1745669821,soerjoadjigmail
1797345689674121278,2024-06-03T21:48:40.000Z,0,"@lizalinda17 @tvOneNews Padahal ""katanya"" Tingkat kepuasan masyarakat meningkat thd kinerja polisi 😁 https://t.co/MkdfLvvETw",1797747254096474579,https://pbs.twimg.com/media/GPLhmauasAE6MQf.jpg,lizalinda17,in,,0,1,0,https://x.com/tuti_embeeeeer/status/1797747254096474579,1361615801694883850,tuti_embeeeeer
1796508297367080961,2024-06-03T11:55:27.000Z,0,"@HanifHa81657779 @blackshark7890 lawak y, anda g percaya kinerja polisi tapi ttp  berharap polisi mengungap sebenar2nya,giliran ada trsngka teriak2 salah tangkap,g mau nunggu proses sidang y,langsung mau y d bebaskan saja, hukum kok kaya reques lagu,semau mu,lawak emg",1797597966473310426,,HanifHa81657779,in,,0,0,0,https://x.com/hapuskanpinjol/status/1797597966473310426,1142024817589096448,hapuskanpinjol
1796508297367080961,2024-06-03T11:44:01.000Z,0,"@hapuskanpinjol @blackshark7890 Jika kau netral gk mungkin kau bela Polisi bung,coba pikir apa mungkin Polisi gk bisa buru 3 DPO yg cuma bocah hingga 8 thn,coba film nya gk muncul dan gk viral lagi pasti DPO tetap berkeliaran terus dgn aman,lalu kinerja Polisi seperti ini yg kau minta dipercayai?hadeuhhhh.",1797595088530669955,,hapuskanpinjol,in,,0,2,0,https://x.com/HanifHa81657779/status/1797595088530669955,1755940792936599552,HanifHa81657779
1796508297367080961,2024-06-03T11:07:48.000Z,0,"@hapuskanpinjol @blackshark7890 Kau bolak balik ceritanya bung,tim khusus yg dibentuk itu muncul stelah adanya desakan netijen bung bkan sbelum desakkan netijen,segitunya kau bela kinerja buruk dn salah Polisi,coba kau cari ketua geng motor yg kere kyak PS kulibangunan anak ART yg ditangkap Polisi ini jka ada.",1797585974068985857,,hapuskanpinjol,in,,0,3,0,https://x.com/HanifHa81657779/status/1797585974068985857,1755940792936599552,HanifHa81657779
1797584376303411246,2024-06-03T11:01:27.000Z,0,"MALU GAK PAK @ListyoSigitP
MELIHAT KINERJA POLISI YG ANDA PIMPIN SAMPAI JADI BAHAN BULLY AN DI NEGARA LAIN?? 

ADMIN @jokowi JANGAN TEBAL TELINGA N BUTA NURANI !!. 
TOLONG KASIH TAU PRESIDEN.. JANGAN CUMA LO BISA LAPORAN ""ASAL BAPAK SENANG!! "".. 

https://t.co/JRequGVpAR",1797584376303411246,,,in,,0,0,0,https://x.com/M17522147/status/1797584376303411246,891883949571457024,M17522147
1797485159471853742,2024-06-03T09:14:35.000Z,0,"@langitan99 @DivHumas_Polri

Polisi: terima kasih banyak atas masukannya. Kami akan evaluasi dan terus meningkat kinerja kepolisian. Maka dari kami akan tindak tegas pelaku yg merekam dan menyebarkan",1797557481344045187,,langitan99,in,,0,0,0,https://x.com/Darangdan84/status/1797557481344045187,1535652121692995586,Darangdan84
1797528592446001554,2024-06-03T07:19:47.000Z,0,"KINERJA POLISI KHUSUSNYA POLDA JABAR JADI OLOK OLOKAN NITIZEN... 
DIMANA LETAK PROFESIONAL POLRI??!!. 
NANGKEP BOCIL AJA 8 TAHUN GAK SELESAI!! 

TENANG PAK @ListyoSigitP..SELAMA @jokowi PRESIDEN, ANDA TETAP AMAN N NYAMAN DI KURSI ANDA.. 

https://t.co/mcvAVFUinN",1797528592446001554,,,in,,0,0,0,https://x.com/M17522147/status/1797528592446001554,891883949571457024,M17522147
1797524051461857740,2024-06-03T07:01:44.000Z,0,"KITA KRITIK HABIS KINERJA POLISI YG GAK BECUS/AMATIR!!. 
KITA KRITIK @jokowi
YG TIDAK MEMECAT KAPOLRI YG GAK BISA KERJA!!. 
SELAMA DIPIMIPIN @ListyoSigitP
MAKIN HANCUR MORAL POLISI!! 

APA ANDA ADA KOLABORASI DENGAN KAPOLRI PAK @jokowi??.

https://t.co/XRvFomancw",1797524051461857740,,,in,,0,0,0,https://x.com/M17522147/status/1797524051461857740,891883949571457024,M17522147
1797210632653316333,2024-06-03T06:34:58.000Z,0,@tvOneNews Bismillah semoga mendapatkan titik terang dlm kasus ini..siapa yg tdk bersalah bisa segera bebas..dan yg bersalah bisa berani unjuk gigi nya...bagi pak polisi segeralah memperbaiki citra kinerja anda sebagai pengayom masyarakat...terutama rakyat kecil,1797517312553361516,,tvOneNews,in,,0,1,0,https://x.com/acousticfadeley/status/1797517312553361516,3047974967,acousticfadeley
1797196355049501130,2024-06-03T06:14:26.000Z,5,@tvOneNews Kinerja Polisi sudah rusak parah.,1797512148035494291,,tvOneNews,in,,0,0,0,https://x.com/PronadaP49139/status/1797512148035494291,1742328223919398912,PronadaP49139
1797505996161425645,2024-06-03T06:13:10.000Z,0,"@urboyfrendl Wiii bravoo semoga kinerja baik ini terus dipertahankan ya, semangat polisi untuk terus #TerdepanTegakkanHukum 
Sinergi Wujudkan Ketertiban",1797511827678740486,,urboyfrendl,in,,0,0,0,https://x.com/oxibako/status/1797511827678740486,1608985524550926338,oxibako
1797508362273448092,2024-06-03T05:59:24.000Z,0,"SEMAKIN MENJIJIKAN MELIHAT KINERJA AMATIRAN POLISI DALAM KASUS VINA!!. 

SETUJU KAH KITA JIKA NEGARACAT KAPOLRI N MEMBUBARKAN INSTITUSI POLRI??. 
SETUJU LIKE AJA.. COMMENT JUGA BOLEH.. 

@jokowi
@prabowo

https://t.co/yfANQBhRGs",1797508362273448092,,,in,,0,0,0,https://x.com/M17522147/status/1797508362273448092,891883949571457024,M17522147
1796904546264064371,2024-06-03T01:53:28.000Z,0,@PratamaWijayaK1 @TMCPoldaMetro Saya tuh apresiasi hal baik yg akan/telah dilakukan aparat kepolisian. Tapi saya jg tdk segan mengkritisi kinerja polisi yg tdk baik.,1797446470121189402,,PratamaWijayaK1,in,,0,0,0,https://x.com/Novelis11/status/1797446470121189402,1139715913177939971,Novelis11
1797126402170606033,2024-06-02T16:39:37.000Z,0,@creepylogy_ Miris bacanya  kinerja polisi ga habis dipikir,1797307092732412139,,creepylogy_,in,,0,0,0,https://x.com/ferarahmanti/status/1797307092732412139,435657253,ferarahmanti
1796882977848500356,2024-06-02T13:24:38.000Z,2,@TiurWahyuni @Akbar67875158 @DivHumas_Polri @ListyoSigitP Saya pesimistis dengan kinerja polisi di bawah kepemimpinan Kapolri Jenderal @ListyoSigitP.,1797258022571688057,,TiurWahyuni,in,,0,1,0,https://x.com/AntonMariesie/status/1797258022571688057,2372201718,AntonMariesie
1797205235607458099,2024-06-02T10:34:11.000Z,23,@opposite6892 Sekecil apapun info tentang p3m3unuh4n.. Itu sangatlah berharga bagi kinerja polisi yg bekerja secara profesional dan benar,1797215127055511795,,Kucyber69,in,,0,3,0,https://x.com/RommyTo1403/status/1797215127055511795,1779375608352632832,RommyTo1403
1797893668466200666,2024-06-04T18:58:11.000Z,0,"@elvnnadl @tanyarlfes Sepemikiran.coba kalo dia suruh diet.pasti mirip 🤔 polisi kita doyan duit sih.kinerja kerja kurang.perut makin buncit,",1798066738644623529,,bobbastea,in,,0,0,0,https://x.com/BocahKampu98022/status/1798066738644623529,1745354956595658752,BocahKampu98022
1797740211931427273,2024-06-04T08:51:48.000Z,1,"@langitan99 Kinerja polisi makin parah dlm kasus ini🤦
Mencari cari kambing hitam untuk menutupi pelaku yg sebenarnya mereka sudah tau . Mereka melindungi pelaku sebenarnya karena tugas polisi dalam kasus ini adalah lahan bisnis. Munafik.",1797914136896254196,,langitan99,in,,0,0,0,https://x.com/BillyYahya1/status/1797914136896254196,1607325123073421312,BillyYahya1
1797804438209630443,2024-06-04T07:51:47.000Z,0,"@InD4hR4tnA Emang Kok, kurang percaya sama kinerja bapak ibu polisi tercinta Indonesia itu..

Bukan begitu Pak @ListyoSigitP @jokowi ?",1797899032909713517,,InD4hR4tnA,in,,0,0,0,https://x.com/YoyokSan11/status/1797899032909713517,1673881270340980738,YoyokSan11
1797866205816205546,2024-06-04T05:41:20.000Z,0,"Keluarga korban penusukan di Gadingtutuka, Soreang, Kabupaten Bandung mengharap agar pelaku dihukum setimpal.

Baca selengkapnya di: https://t.co/o147VTiCB5 (Link di Story) https://t.co/CDqut4ymWN",1797866205816205546,https://pbs.twimg.com/media/GPNNkjLbYAECQxh.jpg,,in,,0,0,0,https://x.com/ayobandungcom/status/1797866205816205546,2985307064,ayobandungcom
1797835013851123974,2024-06-04T03:37:24.000Z,0,"Keluarga Korban Penusukan Gadingtutuka Berharap Pelaku Dihukum Setimpal

https://t.co/o147VTiCB5",1797835013851123974,,,in,,0,0,0,https://x.com/ayobandungcom/status/1797835013851123974,2985307064,ayobandungcom
1797186602969808932,2024-06-02T08:40:50.000Z,2,"Ini org bikin analisa dari perspektif pulici

Kejaksaan aja gak percaya pulici, makanya minta tolong Polisi Militer buat ngamanin.

Lalu tiba tiba Kita Rakyat harus 100% percaya semua kinerja pulici 😅

yg bener aja...

@Kopi_laut 
@ganafmargi 
@ranglasi",1797186602969808932,,,in,,0,3,3,https://x.com/alfarabi_alva/status/1797186602969808932,572607971,alfarabi_alva
1796928633594138726,2024-06-02T06:46:56.000Z,32,@Ara2362022 @opposite6892 Pantesan polisi paling korup se Asia tenggara @DivHumas_Polri .. udh paling bener bubar aja udah. Masih bagusan kinerja satpam BCA daripada institusi hama wereng coklat,1797157938957869525,,pamswakarsa_,in,,0,4,4,https://x.com/Brehappens/status/1797157938957869525,1300750096393404416,Brehappens
1794773725172453731,2024-06-02T02:47:40.000Z,0,@Yha2n3 Makin  ke sini makin pusing sama kinerja polisi,1797097723881304438,,Yha2n3,in,,0,0,0,https://x.com/Nobita87102356/status/1797097723881304438,1429455277334704134,Nobita87102356
1793592024408772886,2024-06-01T19:59:34.000Z,1,"@Jalanterus0 @dhemit_is_back @KejaksaanRI Gua berharap dengan tertangkapnya si pergi / perong polisi bisa membuktikan bahwa memang dia salah satu pelakunya.

Teknologi sekarang udah canggih untuk membantu kinerja polisi, jejak digital dll berceceran jangan sampe mengulang kesalahan 2016.",1796995021688000771,,BajerDhuafa,in,,0,0,0,https://x.com/BajerDhuafa/status/1796995021688000771,1142662763396792320,BajerDhuafa
1796607799667065145,2024-06-01T16:37:35.000Z,0,"@truthseeker0601 @Dito101074 @opposite6892 Polling pemilihan presiden aja bisa dimanipulasi apalagi cuma polling buat kepolisian, pasti ujung2nya masyarakat puas dgn kinerja polisi 🤣🤣🤣",1796944189579825378,,truthseeker0601,in,,0,0,0,https://x.com/ilastohoshinki/status/1796944189579825378,297339516,ilastohoshinki
1796847089143668990,2024-06-01T10:11:44.000Z,0,Ntah la aku dah bingung ma kinerja polisi sekarang,1796847089143668990,,,in,,0,0,0,https://x.com/segotiwoell/status/1796847089143668990,1375474769823375360,segotiwoell
1796841349796462609,2024-06-01T09:48:56.000Z,0,"Kalau uraian ibu dosen ini benar, Inilah salah satu bukti ke tidak profesional an dalam kinerja kepolisian . Dan artinya semua warganegara sudah bisa dianggap tersangka dimata polisi. Tinggal menunggu di tersangka kan di kasus apa dan pasal yg mana 😓",1796841349796462609,,,in,,0,0,0,https://x.com/abangifoel/status/1796841349796462609,585422840,abangifoel
1796570671008653566,2024-06-01T08:05:57.000Z,1,"@opposite6892 Intinya kinerja polda jabar tidak baik-baik saja, untuk nangkap kuli saja buuh waktu 8 tahun. Bjirrr itu anak pejabat kuli apa polisi ?",1796815434131615854,,Kucyber69,in,,0,0,0,https://x.com/pamswakarsa_/status/1796815434131615854,1605700447003475968,pamswakarsa_
1796496747495346271,2024-06-01T07:14:23.000Z,1,"@vanc1Bozz @ListyoSigitP @DivHumas_Polri @ahriesonta sungguh memalukan kinerja polisi. Anggaran tiap tahun bertambah , kinerja makin amburadul . Sebaiknya dibubarkan saja dan diganti sama tni",1796802456414007515,,vanc1Bozz,in,,0,0,0,https://x.com/IlhamsetiawanK1/status/1796802456414007515,1211292991337332736,IlhamsetiawanK1
1796760620840493350,2024-06-01T05:34:29.000Z,0,@sbyfess Nek dilaporno polisi iso ae seh... tapi nek delok kinerja polisi nangkep maling motor ae gurung jangkep mending g usah,1796777317626499477,,sbyfess,in,,0,0,0,https://x.com/el_saintx/status/1796777317626499477,314737020,el_saintx
1796263753434198341,2024-06-01T04:46:50.000Z,0,"@urhood21 @dFalseprophet Lapor polisi??
Wkwkwkwkwkwk
Kayak ga tau kinerja polisi aja, itu kasus ditangani ya krn udah viral kalo belum viral palinh malah digodain doang sama polisinya",1796765324882424138,,,in,,0,0,0,https://x.com/NW1b0/status/1796765324882424138,1332218528166866944,NW1b0
1796468720950505783,2024-06-01T04:11:22.000Z,1,"@callmedapong provokator gini harusnya bs dikandangin sih @ListyoSigitP 

minimal tarungin beneran di oktagon

udah jelas2 provokator, akunnya jelas, cuman ya tau sendiri kinerja POLISI kita gmn ?

imbasnya ga cuman ke supporter Persib ampe ke kereta yg ga tau apa2 bs kena",1796756399277416668,,,in,,0,1,0,https://x.com/radenmasBrozo77/status/1796756399277416668,2326442282,radenmasBrozo77
1794887492170064185,2024-06-01T00:45:27.000Z,0,"@kompascom Bisa ajaib gitu @DivHumas_Polri @RTMC_PoldaJabar @PolresCirebon jgn sampai kinerja oknum polisi yg buruk, mencoreng 1 institusi. Ambil alih aja berkas kasusnya sama yg bener kerjanya",1796704577607303639,,kompascom,in,,0,0,0,https://x.com/febyriyani/status/1796704577607303639,118050637,febyriyani
1799119276273762814,2024-06-07T16:40:36.000Z,3,"Owel pen jd shbt pak kapolri ah, jika @ListyoSigitP bpk kapolri dan jajarannya bs usut tuntas kasus vina eky dan km 57 sy aprrsiasi luar biasa  kinerja bpk dan kepolisian tp jk tdk bs usut tuntas smpai ke akar2nya dalangmya , bagi owl kalian ga jauh dr sprti polisi tidur 😁🤭 https://t.co/DDW7MOSTKI",1799119276273762814,https://pbs.twimg.com/ext_tw_video_thumb/1799119263283945473/pu/img/zWWw0zFsdFujJh0k.jpg,,in,,0,1,1,https://x.com/nulbesars/status/1799119276273762814,1495977225598169089,nulbesars
1798639659876229223,2024-06-07T16:29:45.000Z,0,@AntokWahyudi670 @DivHumas_Polri @ListyoSigitP @jokowi Pak kapolri.. ganti saja baju polisi dijajaran polda jabar dgn baju hansip. Masyarakat sudah muak melihat kinerja mereka. Banyak yg aneh dgn kasus vina ini,1799116549061743018,,AntokWahyudi670,in,,0,0,0,https://x.com/401Ady/status/1799116549061743018,723567595,401Ady
1798325833641455699,2024-06-07T15:18:53.000Z,1,"@zainalmusyaffak Jadi Polisi kejam amat, katakan dia salah jangan diberlakukan kek gitu dong. 
Semoga @ListyoSigitP tak bangga atas kinerja anda.@DivHumas_Polri",1799098714155618665,,zainalmusyaffak,in,,0,0,0,https://x.com/pasgor635792/status/1799098714155618665,1685158225862397953,pasgor635792
1798882470336860299,2024-06-07T00:59:37.000Z,0,"Dalang Kasus Kematian Akseyna Belum Terungkap, Ayahnya Kritisi Kinerja Polisi Sejak 2015 https://t.co/gD9qHHDoHl https://t.co/6DSS0XpKQX",1798882470336860299,https://pbs.twimg.com/media/GPbqEwub0AAJWh9.jpg,,in,,0,0,0,https://x.com/MostlyJakarta/status/1798882470336860299,899239489159143427,MostlyJakarta
1798838567281815629,2024-06-06T22:05:09.000Z,108,"Soroti Kinerja Polisi, Deolipa Yumara Sindir Penangkapan Pegi Setiawan di Kasus Vina Cirebon: Korban Ketergesa-gesaan Penyidik: Kini justru banyak pihak yang membela Pegi Setiawan alias Perong, termasuk dengan sejumlah pengacara yang membela tersangka… https://t.co/4EnufmC0Bg https://t.co/Y4QFgFiJdr",1798838567281815629,https://pbs.twimg.com/media/GPbCJPXagAAjtoQ.jpg,,in,,0,18,37,https://x.com/tvOneNews/status/1798838567281815629,55507370,tvOneNews
1798656272906219538,2024-06-06T10:00:47.000Z,4,"Puluhan Mahasiswa Geruduk Mapolda Jabar, Soroti KInerja Polisi dalam Penanganan Kasus Vina Cirebon dan Noven Bogor: Sejumlah mahasiswa di Bandung Raya melakukan aksi unjuk rasa terhadap kinerja Polda Jawa Barat terkait pengungkapan kasus pembunuhan Vina… https://t.co/GKtBP0vuFg https://t.co/hrYrhTohSR",1798656272906219538,https://pbs.twimg.com/media/GPYcWU7boAAz44M.jpg,,in,,1,0,0,https://x.com/tvOneNews/status/1798656272906219538,55507370,tvOneNews
1741836045325398292,2024-06-06T02:10:15.000Z,0,"36. Eric. 8/10. mini series. Bennedict Cumberbatch sih juara banget emang aktingnya.  Sebagai ayah yang kehilangan anak dan tentunya dirinya sendiri.  
Tentang misteri anak hilang, keluarga retak, drama orang tua yang real banget rasanya. 
Film ini tapi terasa berat karena banyak https://t.co/cShzlDCsFL",1798537860297183742,https://pbs.twimg.com/media/GPWwpedbkAANzq8.png,JetVeetlev,in,,0,1,0,https://x.com/JetVeetlev/status/1798537860297183742,116738684,JetVeetlev
1798218048442343742,2024-06-05T23:39:57.000Z,1,"@sumsel_polda @Heraloebss @ListyoSigitP @ahriesonta anakku kemarin mau jd calon polisi ..nilai dia istimewa,setelah lihat banyak berita miring kinerja polisi dia hilangkan cita citanya jd polisi  .",1798500035271033156,,sumsel_polda,in,,0,0,0,https://x.com/Crew99java/status/1798500035271033156,1790634808219164672,Crew99java
1798175497849102787,2024-06-05T23:30:42.000Z,0,"@ahmad_bellamy @ahriesonta kocakk bett nihh akunn, itu kan reward dia yg kerja sebagai polisi apa salahnya? dia masuk polisi toh juga usaha, bgi gua yg ngerasaain kinerja polisi di daerah gua bagus itu hal biasa, klo bgi lo bruk gak usahh giring opinii yg lawakkk",1798497709168771120,,ahmad_bellamy,in,,0,0,0,https://x.com/BaBiBuBe_GoG/status/1798497709168771120,1197834075358126081,BaBiBuBe_GoG
1798320532989100291,2024-06-05T11:46:40.000Z,1,"Para Wartawan Pertanyakan Kinerja Polisi Tangani Kasus PWI Gate Libatkan Ketum PWI Pusat, Hendri Bangun Cs - https://t.co/Gv8vZxvXGX",1798320532989100291,,,in,,0,0,0,https://x.com/StarNewsIDN/status/1798320532989100291,1700412169102512128,StarNewsIDN
1798265759208239608,2024-06-05T08:09:01.000Z,0,"POLLING Kasus Pembunuhan Vina: 75 Persen Kinerja Polisi Tidak Profesional...??? Memalukan...!!!

https://t.co/vAphKIfXTY https://t.co/p0dPTqHRht",1798265759208239608,https://pbs.twimg.com/ext_tw_video_thumb/1798265739033604096/pu/img/cdLINcS_m0cu7l3Z.jpg,,in,,0,0,0,https://x.com/WawanKu08354672/status/1798265759208239608,1554457742236336130,WawanKu08354672
1798265746088489432,2024-06-05T08:08:58.000Z,0,"POLLING Kasus Pembunuhan Vina: 75 Persen Kinerja Polisi Tidak Profesional...??? Memalukan...!!!

https://t.co/vAphKIfXTY https://t.co/em0HbDk6AJ",1798265746088489432,https://pbs.twimg.com/media/GPS5KnnboAACTRg.jpg,,in,,0,0,0,https://x.com/WawanKu08354672/status/1798265746088489432,1554457742236336130,WawanKu08354672
1798253124853080483,2024-06-05T07:18:49.000Z,0,Giat INOVASI KOPI OSING ( Konseling Psikologi Polisi Banyuwangi ) Kepala Anggota polresta Banyuwangi yang sedang menjalani proses pembinaan dan pengawasan kinerja. https://t.co/CTIAft6mHj,1798253124853080483,https://pbs.twimg.com/ext_tw_video_thumb/1798253046134370304/pu/img/vAeKyBN_drPenWVV.jpg,,in,,0,0,0,https://x.com/polsekglagahbwi/status/1798253124853080483,1453915249497632769,polsekglagahbwi
1798240097063882824,2024-06-05T06:40:55.000Z,0,"@_NeverAlonely Kita liat saja kerja polisi. Membagongkan, mengecewakan atau memuaskan masyarakat. Masyarakat yang menilai kinerja mereka.",1798243588830302670,,_NeverAlonely,in,,0,0,0,https://x.com/HariMusola/status/1798243588830302670,1674904945827647490,HariMusola
1798213396183343139,2024-06-05T04:40:57.000Z,0,"Supaya kinerja polri makin maksimal, masyarakat jg  disarankan live tiktok saat butuh layanan atau datang mengadu ke kantor polisi. Jangan lupa saling follow!🤭",1798213396183343139,,,in,,0,0,0,https://x.com/Afir24/status/1798213396183343139,52528240,Afir24
1798174214417268869,2024-06-05T02:05:15.000Z,0,"gw gasuka kinerja polisi indonesia, tapi kasus ini lama lama annoying bgt jujur. mulai fitnah kemana"", cocoklogi sana sini, kasian loh yang difitnah, tujuannya biar kasus selesai apa cari engagement aja biar rame?",1798174214417268869,,,in,,0,0,0,https://x.com/arastoo_o/status/1798174214417268869,1596315989561384960,arastoo_o
1798250823547535530,2024-06-05T07:09:40.000Z,0,"Giat Inovasi ""Kopi Osing"" (Konseling Psikologi Polisi Banyuwangi ) Kepada Anggota Polresta Banyuwangi yang sedang menjalani proses pembinaan dan pengawasan kinerja. https://t.co/eDKaWdT93q",1798250823547535530,https://pbs.twimg.com/ext_tw_video_thumb/1798250764487557120/pu/img/4AvIVeNmpFdI2Fho.jpg,,in,,0,0,0,https://x.com/sat_binmasbwi/status/1798250823547535530,1664243666393923585,sat_binmasbwi
1800671459129598430,2024-06-11T23:28:25.000Z,0,"Pengeroyokan Bos Rental Mobil di Desa Sukolilo Jadi Sorotan, Warganet Singgung Kinerja Polisi https://t.co/nMviM9PsWx",1800671459129598430,,,in,,0,0,0,https://x.com/klikaktual/status/1800671459129598430,1448974998782156802,klikaktual
1800437069799637167,2024-06-11T21:37:17.000Z,0,"@_NeverAlonely Kinerja polri makin keong.
Indonesia krisis polisi.",1800643493162795340,,_NeverAlonely,in,,0,0,0,https://x.com/PhadoxE/status/1800643493162795340,1416264478581166083,PhadoxE
1800516726989439067,2024-06-11T17:02:37.000Z,0,@TirtoID Ga malu tu polisi minta anggaran kinerja asal2an,1800574371012202687,,TirtoID,in,,0,0,0,https://x.com/JowoAbangan/status/1800574371012202687,1605801889727029248,JowoAbangan
1800437069799637167,2024-06-11T16:23:34.000Z,0,"@_NeverAlonely Hal ini membuktikan bahwa ternyata kinerja Polisi selama ini tidak memuaskan, ataukah mungkin Mereka tidak bisa bekerja???",1800564543762186375,,_NeverAlonely,in,,0,0,0,https://x.com/DudiMaguire_76/status/1800564543762186375,309684912,DudiMaguire_76
1800518436667494585,2024-06-11T13:24:25.000Z,0,"@_haye_ kinerja paling bobrok, minta anggaran paling gede.
luar biasa polisi meksiko",1800519458513121323,,_haye_,in,,0,0,0,https://x.com/harryetanim/status/1800519458513121323,861268866906808322,harryetanim
1800508642128757035,2024-06-11T12:41:26.000Z,0,"Kita apresiasi kinerja polisi, kalau semua polisi gercep begini, negara aman sentosa!!! 

Tak Main-main! Begini Cara AP Miliki Foto dan Video Ria Ricis, Sempat Diunggah di Medsos via @jegtheme https://t.co/OhhvVwK9mq",1800508642128757035,,,in,,0,0,0,https://x.com/aldy_kan/status/1800508642128757035,172292078,aldy_kan
1800385144945320094,2024-06-11T12:10:23.000Z,0,@PartaiSocmed Jadi lagi2 krn kinerja polisi lambat jadi harus ada korban dan viral dulu baru kerja?,1800500827251179887,,PartaiSocmed,in,,0,0,0,https://x.com/RomanRomannista/status/1800500827251179887,1293898315256303618,RomanRomannista
1800453762726953138,2024-06-11T11:36:16.000Z,0,@ahriesonta Ya emang seharusnya begini kinerja polisi,1800492241754190329,,ahriesonta,in,,0,0,0,https://x.com/MilanistiSagita/status/1800492241754190329,872840407,MilanistiSagita
1800483932154327330,2024-06-11T11:03:15.000Z,317,"Bos Rental Tewas di Pati Sempat Buat Laporan, Sahroni Pertanyakan Kinerja Polisi #newsupdate #update #news #text https://t.co/NI0PiiyRlU",1800483932154327330,,,in,,12,54,102,https://x.com/kumparan/status/1800483932154327330,759692754985242625,kumparan
1800469272663412935,2024-06-11T10:37:02.000Z,0,"@detikcom Wakapolri Komjen Agus, Seharusnya kinerja polisi yg seimbang dgn kejahantan di Indonesia,""KERJA POLISI SEPERTI KIPER PEMAIN BOLA,NUNGGU BOLA DATANG. ""ORANG BIASA MELAPOR HARUS MEMBERIKAN UANG ""JIKA TIDAK'! TAK DITANGGAPI, POLISI : KAMI KESANA MAU PAKAI APA '?.. MEMBODOHI &amp; MERAS",1800477335197814819,,detikcom,in,,0,0,0,https://x.com/AryaPratam8468/status/1800477335197814819,1684878879851450369,AryaPratam8468
1800294769366855700,2024-06-11T06:46:25.000Z,10,"@msaid_didu @prabowo Sebentar lagi akan ada hasil survey tingkat kepercayaan masyarakat pada kepolisian. Hasilnya masyarakat masih percaya 90% kinerja polisi.
Padahal itu kebalikannya...",1800419298948809057,,msaid_didu,in,,0,0,0,https://x.com/purukutut/status/1800419298948809057,1609805694773125121,purukutut
1799642205369557498,2024-06-11T02:33:20.000Z,0,@tvOneNews Tetap saja msyrkt masih ragu dan penasaran trhdp kinerja polisi..utk itu polisi hrs segera mengusut tuntas kalau mmg sdh yakin Pegi sbg Pelaku.,1800355608308457922,,tvOneNews,in,,0,0,0,https://x.com/Megatop99/status/1800355608308457922,278039207,Megatop99
1800185350704476576,2024-06-11T02:11:51.000Z,0,"@5teV3n_Pe9eL Berarti kinerja polisi nya yang ....

*Ingat cuma di FILM Polisi kinerja nya bagus,benar,tepat waktu,mengayomi masyarakat,dll

Oh yes oh no 
🤣🤣🤣",1800350200390947181,,P3gEl,in,,0,0,0,https://x.com/a3j4s7/status/1800350200390947181,117957488,a3j4s7
1800340092491604179,2024-06-11T01:31:41.000Z,0,"Gue udh muak bgt sma kinerja polisi Indo. Mereka jadi polisi niatnya cuma untuk digaji dan dihargai di lingkungan sekitar. Ga semua, tapi kenapa yg gue lihat hampir semuanya kek gitu. Dakjal udh di depan mata, tapi mereka lebih memilih pura2 ga tau.",1800340092491604179,,,in,,0,0,0,https://x.com/Nnariyahsaitama/status/1800340092491604179,1677204398806814721,Nnariyahsaitama
1800228645677695134,2024-06-10T18:08:50.000Z,0,Polisi sedang bekerja. Jika ditunggu dengan sepenuh hati tak akan terjadi hal seperti ini. Harus percaya ama kinerja polisi donk... https://t.co/E0RMdgah5X,1800228645677695134,https://pbs.twimg.com/media/GPuySV9bMAAzjSZ.jpg,,in,,0,0,1,https://x.com/lupadiri0_0/status/1800228645677695134,1549607043228585984,lupadiri0_0
1799983135989641461,2024-06-10T17:03:29.000Z,0,@DivHumas_Polri @Lambe_Turah Kalo polisi bisa berantas judi online baru gua bangga sama kinerja mereka,1800212200663208009,,DivHumas_Polri,in,,0,0,0,https://x.com/jawharie__/status/1800212200663208009,1766432680517017600,jawharie__
1800195524559356295,2024-06-10T15:57:13.000Z,1,"ketika ibu muda bakar polisi

apakah itu bisa menyenangkan hati netijen yg akhir2 ini dibuat kecewa dgn kinerja polisi?

bisa jadi, y g s
apalagi ibu muda nya cakep
hmm banyak yg bela🤣",1800195524559356295,,,in,,0,0,0,https://x.com/NoonaJinjin/status/1800195524559356295,3875459352,NoonaJinjin
1800195361388265731,2024-06-10T15:56:34.000Z,2,"Yg dkroyok ada 4 orang, yg mengeroyok orang sekampung sukolilo ,yang ditangkap cuma 3 orang .pdh ada buktu videonya.
Kinerja polisi sangat tidak profesional aneh bahkan terkesan bego. Jangan2 emang polisinya juga terlibat.
Kalau perlu bakar lah itu kampung .ratakan dg tanah.",1800195361388265731,,,in,,0,0,0,https://x.com/Valar_morghuli5/status/1800195361388265731,1124340388934766593,Valar_morghuli5
1799642205369557498,2024-06-10T14:38:54.000Z,0,"@tvOneNews Salam presisi. 

Tau tau ada hasil survei keluar 99 persen msyarakat puat dengan kinerja polisi 🙃",1800175813591241093,,tvOneNews,in,,0,0,0,https://x.com/ProjectQcs20/status/1800175813591241093,1684556367032651776,ProjectQcs20
1799370664379547915,2024-06-10T12:47:09.000Z,0,"@yoswicaksono @Pratama2022aja @akuratco Yang rental kan pakai KTP , bisa sih dilaporkan ke polisi dengan kasus penggelapan.
Tetapi karena mungkin kurang percaya dgn kinerja aparat maka malas lapor.
Mau pakai jasa pengacara pun harus bayar mahal lagi.",1800147690959131058,,yoswicaksono,in,,0,1,0,https://x.com/knownjohan/status/1800147690959131058,908558973556580352,knownjohan
1799626782867632583,2024-06-10T12:21:20.000Z,0,"@Kevin_Imut123 @sir_amirsyarif Bukti kalau sesama polisi aja nggak pada percaya dengan kinerja kepolisian. Dan btw, anda bela polisi yg mati itu? Pdhl tugas dia sbg polisi berantas Judol, berantas, KDRT, berantas PSK &amp; LC lho. TAPI DIA SBG APARAT MALAH MELAKUKAN SEMUANYA, PAKET LENGKAP",1800141196356161801,,Kevin_Imut123,in,,0,0,0,https://x.com/Beng2cocho/status/1800141196356161801,1629087479503659008,Beng2cocho
1800100906316537891,2024-06-10T09:41:14.000Z,19,"Ni dengerin Menteri Maha tolol lagi berkhotbah kwkwkkwkwk.. 
Itu Polisi di bakar bininya juga karena kinerja loo jadi Menkominfo gak becus... 
pakai ngoceh udah take down aplikasi ecek ecek, 
Itu aplikasi High Games Island ( Domino) masih bertengger di PlayStore 🤣 https://t.co/SQYBwerlup",1800100906316537891,https://pbs.twimg.com/ext_tw_video_thumb/1800100700179124225/pu/img/vhf_530Bul3AiEAN.jpg,,in,,1,4,7,https://x.com/ahmad_bellamy/status/1800100906316537891,1081205704898179073,ahmad_bellamy
1799594415935365513,2024-06-10T06:43:32.000Z,0,"@5teV3n_Pe9eL Kita juga harus fokus pada kinerja polisi, bukan hanya pada korban atau pelaku, karena proses yang lambat dapat menyebabkan terjadinya korban. Masa kalah cepat sama orang orang rental?",1800056183795183996,,sakithati12233,in,,0,0,0,https://x.com/sakithati12233/status/1800056183795183996,1495793642111647744,sakithati12233
1799741960972091729,2024-06-10T04:05:18.000Z,0,@BosPurwa @ListyoSigitP BPK @ListyoSigitP  kinerja polisi sangat buruk di mata masyarakat. Bukan mengayomi tapi jadi payung di lahan basah. Jenengan nopo wedhi nangkep oknum2 begundal ngeten niki,1800016365023269097,,BosPurwa,in,,0,0,0,https://x.com/Cuplis74314065/status/1800016365023269097,1081327940506345472,Cuplis74314065
1799815836787740743,2024-06-10T02:59:16.000Z,0,"@opposite6892 Zaman sekarang kemahalan yg dimiliki polisi banyak, mobil dinas alphard, pajero. Fortiner dan mobil mewah lainya sayangnya kinerja biasa biasa saja",1799999746121327019,,Kucyber69,in,,0,0,0,https://x.com/AyaniTanju63013/status/1799999746121327019,1785506174160486400,AyaniTanju63013
1799668936197484982,2024-06-10T02:49:53.000Z,0,@Iloilolssxx @cingreborn Dari sini kita tau kinerja polisi adalah mengurus orang yg beruang,1799997385415987350,,Iloilolssxx,in,,0,1,0,https://x.com/peupeu93/status/1799997385415987350,1711184479782621184,peupeu93
1799714192792170721,2024-06-10T00:42:33.000Z,1,"@KompasTV Kacau amat kinerja polisi, korban pengeroyokan ada 4 orang, masa tersangkanya cm 3 orang....3 lwn 4 itu namanya bkn pengeroyokan...GOBLOK atau TOLOL si...makin BURUK aja institusi POLRI, PRESISI cm OMONG KOSONG",1799965340849639524,,KompasTV,in,,0,2,0,https://x.com/sojpiya/status/1799965340849639524,1121000794600329217,sojpiya
1799945878897348725,2024-06-10T00:21:25.000Z,63,"@oriflake si istri milih bakar suami dripada laporin ke polisi, berarti dh tau kali ya kinerja pol pol ini gmna",1799960021926642122,,reinmujaddidd,in,,0,7,1,https://x.com/nisanindita_/status/1799960021926642122,2241836890,nisanindita_
1799631533327958127,2024-06-09T23:39:08.000Z,0,"@geloraco Hari gini masih heran sama kinerja polisi?
🤣🤣🤣",1799949379220263390,,geloraco,in,,0,0,0,https://x.com/Farrel1510/status/1799949379220263390,1604129913795411970,Farrel1510
1799642205369557498,2024-06-09T14:40:34.000Z,0,@tvOneNews Udah jelas bukan dia pelaku nya kok malah seperti ngotot banget. Bagaimana rakyat mau percaya sama kinerja polisi @DivHumas_Polri ?,1799813846317850737,,tvOneNews,in,,0,0,0,https://x.com/nasibungkusan/status/1799813846317850737,1259067980438056962,nasibungkusan
1799631533327958127,2024-06-09T10:34:35.000Z,1,@davidhermansyah @geloraco sudah suram makin surammmmmm sekali. dari kasus kasus yg ada sudab tau kinerja polisi gmn.,1799751940450209818,,davidhermansyah,in,,0,0,0,https://x.com/OneAldii97733/status/1799751940450209818,1716828601063292928,OneAldii97733
1799717499233341814,2024-06-09T08:17:43.000Z,0,Warga main hakim sendiri adalah hasil dari kinerja polisi yg buruk,1799717499233341814,,,in,,0,0,0,https://x.com/dhil_with_it/status/1799717499233341814,67224206,dhil_with_it
1799652785006510364,2024-06-09T04:00:34.000Z,0,"Kritik, “Kinerja Polisi buruk!”
Saras: “Do something about it!”

Gimana-gimana? Yg bisa perbaiki kinerja kan yg kerja. Kok orang lain yg disuruh melakukan sesuatu? Apa melakukan kritik tidak termasuk “do something”?

I guess politicians will always be politicians. Full of liars.",1799652785006510364,,,in,,0,0,0,https://x.com/KuroKaitou/status/1799652785006510364,458498079,KuroKaitou
1799044604966416842,2024-06-09T03:59:30.000Z,0,"@itsindahg @RahayuSaraswati Kritik, “Kinerja Polisi buruk!”
Saras: “Do something about it!”

Gimana-gimana? Yg bisa perbaiki kinerja kan yg kerja. Kok orang lain yg disuruh melakukan sesuatu? Apa melakukan kritik tidak termasuk “do something”?

I guess politicians will always be politicians. Full of liars.",1799652515593724264,,,in,,0,0,0,https://x.com/KuroKaitou/status/1799652515593724264,458498079,KuroKaitou
1799337160346321206,2024-06-09T01:23:11.000Z,22,@NOTASLIMBOY Tandanya Kinerja Polisi itu udah gak dipercaya lagi keberadaannya sama masyarakat ya Pak? @ahriesonta pak @ListyoSigitP hampir semua setuju kalau minta bantuan Polisi pasti harus punya duit untuk ini itu. Pak Tolonglah gak takut apa Pak nanti dimintai pertanggungjawaban nanti?,1799613179527561667,,NOTASLIMBOY,in,,0,4,2,https://x.com/YoshAditya/status/1799613179527561667,840933509707382784,YoshAditya
1799402528720974299,2024-06-08T23:34:30.000Z,5,@opposite6892 Kalian masih percaya kinerja polisi? Kalo saya sih NO,1799585825476456951,,Kucyber69,in,,0,0,0,https://x.com/BambangAdiYusw1/status/1799585825476456951,1266115779805581312,BambangAdiYusw1
1799366404564824081,2024-06-08T17:19:15.000Z,0,"@kompascom bencana yg terjadi krn ulah manusia jg, institusi yg sering di cap negatif kinerja nya malah mencalonkan polisi aktif, kalian siap dgn kampanye negatif dr lawan, yakin institusi asalnya tdk bakal terseret😢😢😢",1799491394190692645,,kompascom,in,,0,0,0,https://x.com/Panembahan_alit/status/1799491394190692645,912527605370298368,Panembahan_alit
1799018450062622819,2024-06-08T15:04:51.000Z,0,"@dhemit_is_back Kalau polisi gak bisa ngusut dan tangkap itu para pelaku, bubarin aja itu kantor polisinya percuma, wajah mereka sudah terekam jelas tp kalau hanya beberapa yg di tangkap perlu dinpertanyakan kinerja polisinya",1799457567854506273,,dhemit_is_back,in,,0,0,0,https://x.com/3cko_P12/status/1799457567854506273,230224673,3cko_P12
1799451853593440271,2024-06-08T14:42:08.000Z,0,"Serem banget ini kasus sindikat pencurian mobil rental di Pati. Sangat gelap dan tidak terdeteksi radar sebelum berita itu viral

Sebagai orang yang udah menyerah untuk berharap sama kinerja polisi, gw akhirnya lebih heran ke kota ""Pati"" nya daripada ""polisi ga tau sindikat ini?""",1799451853593440271,,,in,,0,1,0,https://x.com/Captain8runo/status/1799451853593440271,2170184689,Captain8runo
1799438489379045868,2024-06-08T13:49:02.000Z,0,Yg ngeroyok sekampung yg ditangkap cuma 2 .ini kinerja wercok model gini atas dasar hukum yg mana? Jng jng ada polisi jg yg jadi beking komplotan penadah ini . Tai tai ....,1799438489379045868,,,in,,0,0,0,https://x.com/Valar_morghuli5/status/1799438489379045868,1124340388934766593,Valar_morghuli5
1800333990551028208,2024-06-11T17:58:25.000Z,3,"@kemkominfo POLISI AJA MASIH MAIN JUDI ONLINE. WKWKWKWKW
MANA KINERJA NYA????? HABISIN ANGGARAN DOANG, RAPAT RAPAT NGGAK JELAS.",1800588412166299911,,kemkomdigi,in,,0,0,0,https://x.com/KHEN_TW0/status/1800588412166299911,2363071244,KHEN_TW0
1800340195352666582,2024-06-11T01:32:05.000Z,0,"Semoga dg kejadian ini lbh membuka mata Polisi dlm pelayanan kpd masy, jgn tggu duitnya dl baru bergerak, Yth Bapak Kapolri @ListyoSigitP agar hal bgni diperhatikan Lg kinerja aparat2 diwilayah, shgga bs hilangkan stigma lapor hilang ayam rugi sapi",1800340195352666582,,,in,,0,0,0,https://x.com/ModeonSuanggi/status/1800340195352666582,1721119594914734080,ModeonSuanggi
1800302622634873104,2024-06-10T23:02:47.000Z,1,"Bisakah polisi bergerak , masuk ke sana . Tangkap semua ... Di tunggu kinerja nya pak .",1800302622634873104,,,in,,0,0,0,https://x.com/YusmalianiSudj1/status/1800302622634873104,1476409939568447488,YusmalianiSudj1
1799264804634562862,2024-06-08T06:02:16.000Z,0,"@kozirama Ini pasti di bombay yak.
Bisa² nya mereka ngisi posisi penting.
Kalau polisi Indonesia mah baik² kinerja nya.

Soalnya Warga biasa kalo Ngelamar kerja..

Tertulis Syarat minimal 2THN..
Berpengalaman Di bidangnya..
Bla.bla.bla..

Apa syarat itu berlaku hanya untuk warga RW.62..
😭",1799321022199706100,,kozirama,in,,0,0,0,https://x.com/NotFound_1945/status/1799321022199706100,843799226,NotFound_1945
1799274835241242984,2024-06-08T02:58:44.000Z,1,"Analisa dan Evaluasi Kinerja, Kapolsek Tamalanrea Cek Buku Kegiatan Kunjungan Polisi RW

https://t.co/MoS882Rejl https://t.co/t5QPDHWGwH",1799274835241242984,https://pbs.twimg.com/media/GPhO6dUbIAEUQED.jpg,,in,,0,0,0,https://x.com/PolrestabesMKS/status/1799274835241242984,1395660968403734532,PolrestabesMKS
1801591756300931548,2024-06-14T23:44:47.000Z,0,"@_NeverAlonely Nyesel pernah bilang TNI lebih baik dari polisi. Ternyata sama aja (kalo ini bener)..

Waktunya memuji kinerja satpam bank BCA dan BRI🤝",1801762743978233990,,_NeverAlonely,in,,0,0,0,https://x.com/wortel1907/status/1801762743978233990,1099611309073608705,wortel1907
1801606204864794762,2024-06-14T22:13:54.000Z,0,"@kegblgnunfaedh Masyarakat Dunia Akherat sangat Puwwas dengan Kinerja Polisi
Gercep (kalok ada nyang Seger langesung Kicep)",1801739869775138850,,kegblgnunfaedh,in,,0,0,0,https://x.com/termulll/status/1801739869775138850,993114371692769280,termulll
1801427596879548645,2024-06-14T09:57:34.000Z,0,@steveinman andai saja kinerja polisi di konoha seperti negara maju ini🙏🥹,1801554564895948872,,SteveInman,in,,0,0,0,https://x.com/rockababYBurger/status/1801554564895948872,1252764994493505538,rockababYBurger
1801319161337156090,2024-06-13T21:21:07.000Z,0,"@hardye76 Semakin sering masyarakat menyaksikan berbagai macam kasus yg melibatkan anggota institusi ini.
Lantas gimana caranya masyarakat mau percaya dengan keprofesionalan kinerja polisi?!",1801364200046137417,,hardye76,in,,0,0,0,https://x.com/ZakyFuad20/status/1801364200046137417,1621789953113067521,ZakyFuad20
1801199127797375153,2024-06-13T16:25:52.000Z,0,"@onlyimaya @Jateng_Twit justru bagus kalo gercep tolol masyarakat justru ya butuh lapor biar polisi tau kalau begini berarti kinerja cukup bagus, liat negara maju yang punya jasa keamanan yang bagus, pasti mereka tau informasi dll. dari warga bukan dari hati, tololllll",1801289895962653078,,onlyimaya,in,,0,3,0,https://x.com/aldenlatif30/status/1801289895962653078,1748875377441951744,aldenlatif30
1801060995516793077,2024-06-13T13:02:01.000Z,0,@momon_garuk44 @jokowi kalo saja komisi di DPR yg konsentrasi berantas mafia hukum punya political will dan political power maka kinerja polisi mungkin lebih berkualitas,1801238596613259738,,momon_garuk44,in,,0,0,0,https://x.com/zyiqyu26/status/1801238596613259738,4742233640,zyiqyu26
1801142602135425358,2024-06-13T12:49:16.000Z,0,"@R19cakra @habiburokhman Pak @ListyoSigitP ,kalo tuduhan itu benar adanya,saya salut utk kinerja polisi. Tapi kalo sebaliknya,PS yg kuli bangunan ini ndak salah,apa yg akan anda lakukan?. Wajah PS yg kuli bangunan ini sudah di expose diberbagai media oleh anak buah anda. Hanya minta maaf?",1801235387408691237,,R19cakra,in,,0,0,0,https://x.com/PentholKorek9/status/1801235387408691237,1365956267269758981,PentholKorek9
1801119769325908317,2024-06-13T11:17:14.000Z,0,@mas_veel gak ada salahnya kalo KPK bubar tapi itu jika kinerja polisi sdh efektif dan efisien toh pendirian KPK brawal utk membantu kinerja polisi dlm penanganan tipikor,1801212225795060032,,mas_veel,in,,0,0,0,https://x.com/zyiqyu26/status/1801212225795060032,4742233640,zyiqyu26
1800483932154327330,2024-06-13T10:28:45.000Z,0,@kumparan kinerja polisi ya.....mirip yg ngak tahu saja,1801200026963833081,,kumparan,in,,0,0,0,https://x.com/bagaskaramanjer/status/1801200026963833081,92675850,bagaskaramanjer
1801180936400511266,2024-06-13T09:12:54.000Z,1,"Tidak menggunakan plat nomor, seorang pria yang dikenal sebagai selebgram Alor Boy malah merekam polisi yang menilangnya.
Beredar video selebgram yang diduga sering mengkritisi kinerja Polantas soal penindakan GAGE tertangkap oleh Polantas karena tidak mematuhi peraturan lantas https://t.co/SNHI0M1QnX",1801180936400511266,https://pbs.twimg.com/ext_tw_video_thumb/1801180741583425536/pu/img/-Rj0CEDC4wprir0c.jpg,,in,,0,0,0,https://x.com/Meta80ki/status/1801180936400511266,1709477964923174912,Meta80ki
1800064299643416850,2024-06-13T07:03:38.000Z,0,@PutraMelay6837 Lagi² Polisi... Belum Kelar Kasus Vina skg Kasus Ini Lagi aku mau tanya ke  @DivHumas_Polri  sebobrok inikah Kinerja Aparat Penegak Hukum Bukanx Mengamankn Malah ign di Amankan. Kalau Cmn Sekedar Mngjr Jabatan Demi Menutupi Kejahatan Alangkah Baik. Lepaskan Tugas dan Jabatanmu,1801148406808916277,,PutraMelay6837,in,,0,1,0,https://x.com/TanpaNa36481942/status/1801148406808916277,1284880603758784513,TanpaNa36481942
1801124464073253078,2024-06-13T05:28:30.000Z,0,"UMUMNYA MASYARAKAT SUDAH MUAK DENGAN POLISI DI NEGERI INI!!. 

JADI SEBAIKNYA KINERJA KAPOLRI DI EVALUASI LAGI!!. 

CC : ADMIN
@jokowi
@prabowo

https://t.co/ls7eJOf9GP",1801124464073253078,,,in,,0,0,0,https://x.com/M17522147/status/1801124464073253078,891883949571457024,M17522147
1799642205369557498,2024-06-12T16:53:46.000Z,0,@tvOneNews Menyedihkan melihat kinerja polisi sekerang. Seolah-olah asal ada tersangka pasti beres. Sampai kuli bangunan di babat jg.,1800934529886191638,,tvOneNews,in,,0,0,0,https://x.com/AreIpank/status/1800934529886191638,1141719690,AreIpank
1800681168062534051,2024-06-12T13:02:58.000Z,0,@RadioElshinta Salut dng kinerja polisi yang gercep gini😎,1800876446040445271,,RadioElshinta,in,,0,0,0,https://x.com/Tuah_Raya/status/1800876446040445271,1723161690391687168,Tuah_Raya
1800483932154327330,2024-06-12T10:18:57.000Z,1,"@kumparan Baru nanyak ""kinerja polisi"" sekarang❔
Sepuluh taun kemana ajah?",1800835173174612027,,kumparan,in,,0,0,0,https://x.com/toxynuscaV2/status/1800835173174612027,1603590210431746048,toxynuscaV2
1800386544878113011,2024-06-12T01:53:18.000Z,3,"@segogareng @_NeverAlonely Model beginian itu mesti berkomplot tidak mungkin sendirian, yg bikin juragan rental krisis kepercayaan terhadap kinerja polisi🥲",1800707921250267247,,segogareng,in,,0,1,0,https://x.com/SuhadaMoch/status/1800707921250267247,3864865460,SuhadaMoch
1800682234917347679,2024-06-12T00:11:14.000Z,0,Pagi2 baca kinerja Polisi yang ah sudahlah.,1800682234917347679,,,in,,0,0,0,https://x.com/Ryandisajja/status/1800682234917347679,299157212,Ryandisajja
1801592540455703002,2024-06-14T12:28:28.000Z,0,"Audit Kinerja Tahap I T.A. 2024 Itwasda Polda Sumsel 
Aspek Perencanaan Dan Pengorganisasian di Polrestabes Palembang 

@divisihumaspolri @polisi_sumsel 
#humaspoldasumsel #polisisumsel   #polripresisi #beyondtrustpresisi2024 #ProgramAgiat2Indikator1 #optimalisasimanajemencitra https://t.co/dfjQqhuu7T",1801592540455703002,https://pbs.twimg.com/media/GQCK3aHbEAEklwl.jpg,,in,,0,0,0,https://x.com/kskp_boom_baru/status/1801592540455703002,1601390577417072640,kskp_boom_baru
1803106615517913218,2024-06-18T16:44:51.000Z,0,...korban berangkat sediri karena kinerja polisi brengsek...sdh salah masih saja menyalahkan korban..,1803106615517913218,,,in,,0,0,0,https://x.com/M4ngU5il/status/1803106615517913218,388798201,M4ngU5il
1802938836408062153,2024-06-18T15:38:24.000Z,0,"@kumparan Yg pernah bikin laporan apapun ke polisi pasti tau kinerja polisi seperti apa...

Kerjanya apa ???????",1803089889778425921,,kumparan,in,,0,0,0,https://x.com/13monox/status/1803089889778425921,2193990301,13monox
1802938836408062153,2024-06-18T15:32:51.000Z,0,"@kumparan Bahasa halusnya minta duit bengsin. 
Kita tau lah yah polisi tiap tahun minta tambah anggaran terus, itupun sebagian besarnya untuk memperbaiki citra polisi, bukan kinerja.",1803088492714721528,,kumparan,in,,0,0,0,https://x.com/Slavd3/status/1803088492714721528,1252198328730742785,Slavd3
1802736182822056114,2024-06-18T14:23:58.000Z,4,@moshmoshiy @dhewi_miswanti @rezkiachyana Harusnya si polisi tau ya. Klo smpe ga tau musti dipertanyakan kinerja polisi. Ngelacak bandar bom aja jago beginian doang mah intel jg wajib pegang data. Smpe alesannya kecolongan sih mnding resign aja ya dr pda gaji buta🙏🏻 seengganya lu punya kredibilitas aka tau diri,1803071159522537886,,moshmoshiy,in,,0,0,0,https://x.com/KusumaErlyana/status/1803071159522537886,995914966304673792,KusumaErlyana
1802736182822056114,2024-06-18T12:26:37.000Z,116,@dhewi_miswanti @rezkiachyana Juga kinerja polisi setempat yg buruk,1803041627214327919,,dhewi_miswanti,in,,0,3,0,https://x.com/moshmoshiy/status/1803041627214327919,1203139003723051010,moshmoshiy
1802967002044342644,2024-06-18T08:17:06.000Z,0,"@s0bber harusnya bisa sih, cuma ya gatau kinerja polisi di konoha kek gimana...",1802978835891359980,,JI9STARV,in,,0,0,0,https://x.com/mouezei/status/1802978835891359980,1321774163472732161,mouezei
1802277512833380594,2024-06-17T19:24:43.000Z,0,@zakwanoe ngapain nanya ada yg kenal..klo ada foto dan ada korban tinggal lapor polisi..tinggal liat kinerja polisi..,1802784455754703126,,zakwanoe,in,,0,0,0,https://x.com/FantastixLinger/status/1802784455754703126,634688740,FantastixLinger
1802656356333388286,2024-06-17T10:55:41.000Z,0,"Yg lbh dari 2 tahun aja gak jelas apalagi yg baru 4 bln ya kan!!? Diminta SP2HP tdk/blm kasih tarsok, ditelp tdk respon. Njur piyeee! @poldametrojaya @PolresJaksel @ListyoSigitP @jokowi #polisirepublikindonesia #polisi #kinerja #fakta #profesionalism https://t.co/20dRHH8cGU",1802656356333388286,https://pbs.twimg.com/media/GQRSXN0aIAAZS-S.jpg,,in,,0,5,0,https://x.com/andysubagio/status/1802656356333388286,116391875,andysubagio
1802424157705252882,2024-06-17T04:58:03.000Z,0,@firzieidris Jangan pernah membandingkan kinerja polisi kita &amp; polisi yg kerja di Sono. https://t.co/5GuhxVA32u,1802566352504606853,https://pbs.twimg.com/media/GQQAi0-aIAEVysF.png,firzieidris,in,,0,0,0,https://x.com/Official_adit/status/1802566352504606853,200395444,Official_adit
1802547520767402356,2024-06-17T04:51:05.000Z,1,"@tempodotco Kapolri Listyo Sigit Prabowo (LSP)secara pribadi memberikan 469 ekor sapi berjenis simental seberat 1.198 kilogram. Jenderal Polisi bisa nyumbang sebanyak itu,Sangat dermawan tapi berapa tahun dia(LSP) kumpulan'! gaji,tunjangan kinerja,tunjangan jabatan,😁",1802564601604923492,,tempodotco,in,,0,0,0,https://x.com/AryaPratam8468/status/1802564601604923492,1684878879851450369,AryaPratam8468
1802424157705252882,2024-06-17T02:52:45.000Z,2,@firzieidris Dan di bilang kanjuruhan itu salah satu contoh buruknya kinerja polisi wakanda. Tetep aja yg di cecer cuma fansnya aja. Padahal ada cara supaya keributan ini ga parah. Mau di negara maju pun fans bola emang susah di atur.,1802534822994391440,,firzieidris,in,,0,0,0,https://x.com/ikramjindan/status/1802534822994391440,1211375255635103744,ikramjindan
1802395677022134340,2024-06-16T17:45:53.000Z,1,"ini masuk ke gerakan simbolis, menghargai kinerja polisi, atau apresiasi udah jagain demo. ga dikasih konteksnya soalnya. terakhir, dia ngasih pandangan klo keberadaan polisi ini berguna untuk mencegah tindakan vandal oleh pendemo, gua bilang, ""hmm kayanya kita beda nih"" hahahaha",1802397198061289725,,immadoe,in,,0,0,0,https://x.com/immadoe/status/1802397198061289725,785470327098707968,immadoe
1802374477504020952,2024-06-16T16:15:36.000Z,0,"pengen ikut nge-up di sosmed kinerja polisi yang tai bgt, tapi mutualan sama pengawas gbn yg dari polisi🥲🥲",1802374477504020952,,,in,,0,0,0,https://x.com/TB0Yzz/status/1802374477504020952,1195874654029615104,TB0Yzz
1801835628692443456,2024-06-16T11:49:42.000Z,0,@tvOneNews Sayang media X hanya utk tayang kinerja para bajingan polisi,1802307560260915663,,tvOneNews,in,,0,0,0,https://x.com/Hariringkabayan/status/1802307560260915663,1961437380,Hariringkabayan
1801592354606092462,2024-06-15T16:11:03.000Z,0,@__freelance__ koruptor bandit negara lebih dari jam tangann pak itu yg hrs di hukum mati. kenapa polisi kinerja malah ngawur .,1802010944622751752,,__freelance__,in,,0,0,0,https://x.com/Myasir1142833/status/1802010944622751752,1730283959958040577,Myasir1142833
1801980687635120256,2024-06-15T14:10:49.000Z,0,"Karena X atau Twitter kebobrokan pemerintah satu persatu kebongkar, kasus-kasus yang ditutup-tutupi perlahan ada pencerahan, kinerja polisi keliatan dongo karena lebih works orang lapor ke X. Mungkin itu alasan2 X atau Twitter ini mau diblokir.
Kerja yang bener, @kemkominfo.",1801980687635120256,,,in,,0,0,0,https://x.com/vvvipierre/status/1801980687635120256,1126865732183003136,vvvipierre
1801884376873189757,2024-06-15T12:13:31.000Z,10,"@PartaiSocmed Saya apresiasi kinerja polisi ini 👏👏👏
Terima kasih pak",1801951165057307023,,PartaiSocmed,in,,0,0,0,https://x.com/ibnukusumayadi/status/1801951165057307023,59456548,ibnukusumayadi
1801606204864794762,2024-06-15T09:11:46.000Z,0,"@kegblgnunfaedh baru buka x, dahlama ga buka x, wah hebat kinerja polisi sekarang ya, patut kita apresiasi kerja nya ikhlas mengabdi untuk negara, bukan nunggu viral dulu baru gerak.

konteksnya saya dah lama ga buka x ya, jadi gatau apa yg fingral baru baru ini xixi 🤐",1801905427795558651,,kegblgnunfaedh,in,,0,0,0,https://x.com/jokiTAlaravel/status/1801905427795558651,2181650744,jokiTAlaravel
1801616701844558114,2024-06-15T04:46:35.000Z,2,"@__PASMANTAP G usah ada acara the police kalo masih banyak kejadian kaya gini, faktanya seperti ini. Layar TV cm ajang sekedar memperbaiki citra polisi, bukan kinerja. Kalo kejadian gini banyak terjadi disetiap daerah, apa iya massa yg msti viralin dl, atau massa aj yg ambil alih keamanan?",1801838694418288754,,__PASMANTAP,in,,0,0,0,https://x.com/Jamie39210089/status/1801838694418288754,1453078906030866432,Jamie39210089
1801815493642490356,2024-06-15T03:14:24.000Z,0,"Kapolri, Jenderal Polisi Drs. Listyo Sigit Prabowo, https://t.co/rryahicX2j., membuka rapat kerja teknis (Rakernis) Fungsi Lantas Tahun Anggaran 2024 di Yogyakarta dan mengapresiasi kinerja jajaran polisi lalu lintas yang dinilai semakin baik dan.

@HumasReskutim @polreskutim https://t.co/RxmpePOjPQ",1801815493642490356,https://pbs.twimg.com/media/GQFVpIibEAMjsac.jpg,,in,,0,0,0,https://x.com/PulungPolsek/status/1801815493642490356,974110547091234816,PulungPolsek
1802904786695778586,2024-06-18T03:22:52.000Z,0,"#jokowi #Jokowi #jokowidodo #jokowidodo🔥 #jokowi_presiden #jokowidodopresidenkita #jokowi_presiden🇮🇩👍❤ #kepolisianrepublikindonesia #listyosigitprabowo
Hai Teman Teman Kita HArus FAHAM Dan MENGERTI Atas KEBOBROKAN KINERJA POLISI SELAMA INI,APAKABAR DENGAN LAPORAN POLISI SAYA?!",1802904786695778586,,,in,,0,0,0,https://x.com/WiwikPutrianaWp/status/1802904786695778586,1689917763907891200,WiwikPutrianaWp
1801779157782904998,2024-06-15T00:50:01.000Z,1,"Seorang vlogger yang sering mengkritik kinerja polisi lalu lintas (Polantas) dalam penindakan aturan ganjil-genap, tertangkap melanggar aturan lalu lintas.
.
Dalam video yang beredar, vlogger tersebut terlihat mengendarai motor dengan pajak yang telah habis masa berlakunya dan https://t.co/pATDfiKEU3",1801779157782904998,https://pbs.twimg.com/ext_tw_video_thumb/1801778375612370944/pu/img/BBA0v0qcMRfVnFPn.jpg,,in,,0,0,1,https://x.com/pikiran_rakyat/status/1801779157782904998,58880688,pikiran_rakyat
1801494600848413108,2024-06-21T01:12:33.000Z,0,"@kura2giok @niwseir Mengungkapkan keburukan orang lain lebih mudah dari pada kebaikan nya, padahal kinerja polri dalam pngungkapan kasus sangat baik dan masih banyak polisi baik disekitar kita😊 Kalau tidak bisa membantu lebih baik diam jgn beropini kawan.",1803959155193188532,,kura2giok,in,,0,0,0,https://x.com/hazamalhazmi/status/1803959155193188532,1788720749089566720,hazamalhazmi
1801494600848413108,2024-06-21T01:11:18.000Z,0,"@niwseir ""Lucu aja sih masa kinerja polisi dikira viral dulu bertindak,apa gak lihat beberapa kasus yang diungkap polri juga,tuh kayak pengukapan lab narkoba dimedan,ayo kita mendukung mereka bukan hanya bisa kritik² mereka aja,mereka juga manusia",1803958839877996803,,niwseir,in,,0,0,0,https://x.com/jenibul17/status/1803958839877996803,1665234597574246400,jenibul17
1801494600848413108,2024-06-21T00:57:44.000Z,0,"@kura2giok @niwseir Polisi juga manusia mas,,kita doakan mereka semoga diberikan hikmat dan kesehatan dlm menjalankan Tugas,terlebih lagi Takut Tuhan sehingga mampu berikan Kinerja Terbaik bagi Bangsa Dan Negara..",1803955427685863569,,kura2giok,in,,0,1,0,https://x.com/Hakalesyy/status/1803955427685863569,1505764385167327237,Hakalesyy
1801494600848413108,2024-06-21T00:50:45.000Z,1,@dawiguna @niwseir Semoga kejadian sperti itu tidak terulang lagi jangan lupa juga masih banyak kinerja positif polisi,1803953669504929984,,dawiguna,in,,0,0,0,https://x.com/FazalHendrik/status/1803953669504929984,1190643384626503682,FazalHendrik
1803681335086817596,2024-06-20T21:56:57.000Z,0,"@Aryprasetyo85 Laporan masyarakat ke pihak POLISI hanya ya dan tdk terlaksana dan itupun harus letak MONEY dan itupun pihak POLISI ya tdk tuntas seperti contohnya kejadian VINA 8 thn tdk bisa klar bolak-balik yg tersangka, POLISI INDONESIA kinerja nya masih dibawah Negara-negara ASEAN",1803909932942815232,,Aryprasetyo85,in,,0,0,0,https://x.com/Jonsontonga/status/1803909932942815232,1547040164366585857,Jonsontonga
1801494600848413108,2024-06-20T17:00:32.000Z,1,"@dortapsuermetal @niwseir Kayaknya kinerja positif Polisi gak nunggu viral dulu deh buat bertindak, tuh yang di Medan kemaren bukti nyata kalo polisi kerja bener. Polisi bongkar lab rahasia narkoba tanpa heboh dulu, nggak cuma gerak pas viral doang!",1803835337556316411,,dortapsuermetal,in,,0,0,1,https://x.com/S19150129/status/1803835337556316411,1755802051710468096,S19150129
1801494600848413108,2024-06-20T16:41:13.000Z,0,"@arbi7tamara @niwseir Lah masih ada orang yang pikirannya negatif mulu. Kinerja polisi tuh ngga nunggu viral dulu, gara"" kasus viral aja jadi jelek, padahal ngga bener tuh. Contohnya yang di medan aja mereka berhasil bongkar lab narkoba rahasia.",1803830474206294305,,arbi7tamara,in,,0,0,0,https://x.com/urfullsunssi/status/1803830474206294305,1116192812452597762,urfullsunssi
1801494600848413108,2024-06-20T15:51:10.000Z,1,"@arbi7tamara @niwseir Polisi sering dituduh cuma gerak kalo kasus viral, kalian ga tau keringat darah tenaga apa yg di keluarin polisi tanpa di di viral kan dulu Mereka punya cara sendiri buat bagi kasus, nggak tebang pilih.apa apa yg di viralin buruk nya kinerja yg baik-baik 0,1% yg viral, Bayangin",1803817877734142426,,arbi7tamara,in,,0,0,0,https://x.com/Abelsss2020/status/1803817877734142426,1727017756179243008,Abelsss2020
1801494600848413108,2024-06-20T15:24:48.000Z,0,"@dortapsuermetal @niwseir Polisi kayaknya serba keliru deh dimata netizen pdhl kinerja positif Polisi gak nunggu viral dulu deh buat bertindak, tuh yang di Medan kemaren bukti nyata kalo polisi kerja bener. Polisi bongkar laboratorium rahasia narkoba tanpa heboh dulu, semangat buat pak polisi..",1803811243112935839,,dortapsuermetal,in,,0,0,0,https://x.com/Sorotan_Pati/status/1803811243112935839,1717032389111857152,Sorotan_Pati
1801494600848413108,2024-06-20T15:23:24.000Z,0,"@arbi7tamara @niwseir Polisi kayaknya serba keliru deh dimata netizen pdhl kinerja positif Polisi gak nunggu viral dulu deh buat bertindak, tuh yang di Medan kemaren bukti nyata kalo polisi kerja bener. Polisi bongkar laboratorium rahasia narkoba tanpa heboh dulu, semangat buat pak polisi..",1803810890556543036,,arbi7tamara,in,,0,0,0,https://x.com/Sorotan_Pati/status/1803810890556543036,1717032389111857152,Sorotan_Pati
1801494600848413108,2024-06-20T15:04:42.000Z,0,"@kura2giok @niwseir Banyak juga yg sudah berhasil ditangani polisi tapi gak viral, polisi gk butuh viral2, ada laporan masuk, itu tugasnya utk menangani, pdahal kinerja polisi sudah baik, Anda hanya melihat dr yg tersorot kamera, pdahal kinerja baik polisi banyak yg tdk tersorot kamera",1803806185029878078,,kura2giok,in,,0,0,0,https://x.com/Jones68015158/status/1803806185029878078,1453704841499320325,Jones68015158
1801494600848413108,2024-06-20T15:02:26.000Z,0,"@dawiguna @niwseir Masih banyak kinerja polisi yang baik, hanya saja tdk tersorot kamera, seharusnya yg baik2 juga di viralkan dong.. Pdahal kinerja polisi jg sudah baik",1803805616462573653,,dawiguna,in,,0,0,0,https://x.com/Jones68015158/status/1803805616462573653,1453704841499320325,Jones68015158
1801494600848413108,2024-06-20T15:00:35.000Z,0,"@dortapsuermetal @niwseir Itu disuruh nunggu itu sebenernya juga sudah ada penyelidikan, jadi jangan salah menilai, aku jg pernah laporan polisi, tpi gercep bgt di respon baik dan membuahkan hasil. Kinerja polisi sudah baik kok",1803805149988839529,,dortapsuermetal,in,,0,0,0,https://x.com/Jones68015158/status/1803805149988839529,1453704841499320325,Jones68015158
1801494600848413108,2024-06-20T14:57:03.000Z,0,"@arbi7tamara @niwseir Kata siapa, kemaren saya liat banyak kasus jg ditangani dg cepat kok, tdk nunggu viral dlu, jgn terbawa opini orang2 awam. Klo mau tau coba liat di reskrim polres setempat, kasus2 besar maupun kecil semua ditangani juga. Jadi kinerja polisi itu sudah baik, tdk menunggu viral dlu",1803804260179804190,,arbi7tamara,in,,0,0,0,https://x.com/Jones68015158/status/1803804260179804190,1453704841499320325,Jones68015158
1803644591876288663,2024-06-20T14:07:02.000Z,4,"@alisyarief Ia pak, kita tau Semua polisi sibuk..maafkan kami ya yang ganggu kinerja bapak 🙏.

Lah itu geng jalanan Merajalela?!, ia itu karena Bapaknya sibuk...

Oh gitu ya..",1803791671723008396,,alisyarief,in,,0,0,0,https://x.com/fathullahfathu2/status/1803791671723008396,3310566600,fathullahfathu2
1801494600848413108,2024-06-20T13:43:45.000Z,0,@dortapsuermetal @niwseir Mungkin masih koordinasi jadinya disuruh nunggu. Karena polisi jg ada prosedur yg harus dilakukan. Nanti salah prosedur viral lagi. Polisi lagi yg disalahkan. Sebisa mungkin kita jangan berpikir negatif dl dengan kinerja polisi.,1803785813500756357,,dortapsuermetal,in,,0,0,0,https://x.com/penikmathujan88/status/1803785813500756357,1755450918987051008,penikmathujan88
1801494600848413108,2024-06-20T13:37:40.000Z,0,"@kura2giok @niwseir Kalau sudah ada yang mati, tentunya Polisi tidak akan menunggu viral baru bekerja. Masih banyak kinerja positif dari Polri yang selama ini tidak terblowup ke media.",1803784285176181134,,kura2giok,in,,0,0,0,https://x.com/tiwi34833962/status/1803784285176181134,1098076212897886208,tiwi34833962
1801494600848413108,2024-06-20T13:35:39.000Z,0,"@dawiguna @niwseir Sering sekali bertemu dengan bahasa tandensius seperti ini, Polisi pasti menunjukkan kinerja positif karena memang sudah diatur oleh undang2 bukan bekerja berdasarkan katanya saja tapi sesuai dengan fakta2 yang ada.",1803783775689843058,,dawiguna,in,,0,0,0,https://x.com/tiwi34833962/status/1803783775689843058,1098076212897886208,tiwi34833962
1801494600848413108,2024-06-20T13:33:14.000Z,0,"@dortapsuermetal @niwseir Kinerja positif dari Polri masih banyak, dan kalau memang benar itu mobil usaha rental yang legal pastinya Polisi akan bergerak dengan cepat.",1803783168425951496,,dortapsuermetal,in,,0,0,0,https://x.com/tiwi34833962/status/1803783168425951496,1098076212897886208,tiwi34833962
1801494600848413108,2024-06-20T12:19:07.000Z,0,"@niwseir Dengan banyaknya keraguan terhadap kinerja polri saat ini, jujur gw yakin masih ada polisi yg bekerja dengan hati bersih dan profesional dalam melayani masyarakat yg tak terekspos kamera media",1803764516288864378,,niwseir,in,,0,0,0,https://x.com/purwaa_/status/1803764516288864378,936734245,purwaa_
1801494600848413108,2024-06-20T12:01:32.000Z,0,"@kura2giok @niwseir Harusnya jangan berpikir negatif terus kepada pihak kepolisian. Justru kita harus mensupport kinerja mereka, karena kita tidak tau berapa banyak kasus yang telah di tangani oleh bapak polisi, iya kan.",1803760089419182495,,kura2giok,in,,0,0,0,https://x.com/jabarnewss/status/1803760089419182495,3043903634,jabarnewss
1803681335086817596,2024-06-20T11:51:16.000Z,14,@Aryprasetyo85 Polisi yg kehilangan motor aja ikutan hopeless kok dg kinerja instansinya,1803757504889012316,,Aryprasetyo85,in,,0,0,1,https://x.com/0mp0ps0m/status/1803757504889012316,716324377,0mp0ps0m
1803688239691341901,2024-06-20T11:33:30.000Z,0,@dhemit_is_back @ListyoSigitP  dengan ramainya netizen Dan citizen berkomentar seakan akan menyudutkan polisi.... Harusnya kapolri instrpeksi diri... Sudah benar kah kinerja anggota polri yang notabene gajinya Dari memeras rakyat dengan dalil pajak!!!!!!!!!!,1803753034864034127,,dhemit_is_back,in,,0,0,0,https://x.com/petanimlarat/status/1803753034864034127,1782268024663539712,petanimlarat
1801494600848413108,2024-06-20T11:03:08.000Z,0,"@dawiguna @niwseir Polisi sering dicap buruk, padahal Kinerja Positif nya banyak sekali yang tidak di viralkan.",1803745395522314426,,dawiguna,in,,0,0,0,https://x.com/sariden_86/status/1803745395522314426,1354309724804505600,sariden_86
1801494600848413108,2024-06-20T10:57:44.000Z,0,@kura2giok @niwseir Gw yakin Banyak kok polisi yang Kinerja Positif. Ga harus nunggu fyp fyp gitu. Cuman kayaknya ga ada editingnya aja sih 😬,1803744034109956140,,kura2giok,in,,0,0,0,https://x.com/KangHar567/status/1803744034109956140,1398600133059649536,KangHar567
1801494600848413108,2024-06-20T10:43:46.000Z,0,@niwseir Razia terus pak polisi. Gw yakin Kinerja Positif polri banyak. Cuman ga ada yang ngedit 🤣,1803740521111888355,,niwseir,in,,0,0,0,https://x.com/KangHar567/status/1803740521111888355,1398600133059649536,KangHar567
1803736634913116287,2024-06-20T10:28:20.000Z,1,"Wah kinerja yang luar biasa polisi medan..
Mari kita dukung kerja Kepolisian yang sudah berhasil mengungkap dan menangkap pelaku pembuatan Narkoba di medan.
#KinerjaPositif https://t.co/iq5Slwl373",1803736634913116287,https://pbs.twimg.com/media/GQgo6OSbQAASi4c.jpg,,in,,0,0,0,https://x.com/Tamara_230113/status/1803736634913116287,1763801213089497088,Tamara_230113
1801494600848413108,2024-06-20T10:22:57.000Z,0,"@niwseir Polisi sering dihina, padahal Kinerja Positif polri banyak pengungkapan kasus sebelum viral.
kita support aja institusi polri untuk dapat bekerja sebaik mungkin jangan hanya termakan opini padahal masih banyak polisi baik",1803735280928923719,,niwseir,in,,0,0,0,https://x.com/WGunung92/status/1803735280928923719,1464534656964038658,WGunung92
1801494600848413108,2024-06-20T10:22:42.000Z,0,"@arbi7tamara @niwseir Banyak sekali kinerja positif polisi yang nggak perlu nunggu viral kok!! Itu contohnya kemaren polisi berhasil mengungkap Clandistine Lab di medan.
#KinerjaPositif",1803735220447064190,,arbi7tamara,in,,0,0,0,https://x.com/Tamara_230113/status/1803735220447064190,1763801213089497088,Tamara_230113
1801494600848413108,2024-06-20T09:55:11.000Z,1,"@arbi7tamara @niwseir Mungkin butuh waktu untuk penyidikan, polisi tidak gegabah, akan tetapi kita dukung agar Polri lebih baik, masih banyak polisi yang kinerja positif.",1803728294942028200,,arbi7tamara,in,,0,0,0,https://x.com/humasjakbar27/status/1803728294942028200,1705119285021118464,humasjakbar27
1801494600848413108,2024-06-20T09:25:05.000Z,0,"@arbi7tamara @niwseir kinerja positif Polisi gak nunggu viral dulu deh buat bertindak, nyata kalo polisi kerja bener, nggak cuma gerak pas viral doang, polisi ada dimana2 jagain kita di waktu beristrhat, kalo saya polisi tulus berikan pengayoman kepada masyarakat.",1803720718678683655,,arbi7tamara,in,,0,0,0,https://x.com/PutraBugis65833/status/1803720718678683655,1758665588103352320,PutraBugis65833
1801494600848413108,2024-06-20T09:24:01.000Z,0,"@dawiguna @niwseir kinerja positif Polisi gak nunggu viral dulu deh buat bertindak, nyata kalo polisi kerja bener, nggak cuma gerak pas viral doang, polisi ada dimana2 jagain kita di waktu beristrhat, kalo saya polisi tulus berikan pengayoman kepada masyarakat.",1803720450633056321,,dawiguna,in,,1,0,0,https://x.com/PutraBugis65833/status/1803720450633056321,1758665588103352320,PutraBugis65833
1801494600848413108,2024-06-20T09:22:22.000Z,0,"@kura2giok @niwseir kinerja positif Polisi gak nunggu viral dulu deh buat bertindak, nyata kalo polisi kerja bener, nggak cuma gerak pas viral doang, polisi ada dimana2 jagain kita di waktu beristrhat, kalo saya polisi tulus berikan pengayoman kepada masyarakat.",1803720035766337590,,kura2giok,in,,0,1,0,https://x.com/PutraBugis65833/status/1803720035766337590,1758665588103352320,PutraBugis65833
1801494600848413108,2024-06-20T09:01:32.000Z,0,@dortapsuermetal @niwseir Polisi punya Banyak Pencapaian Kinerja Positif tanpa Harus Viral terlebih dahulu.,1803714793234158040,,dortapsuermetal,in,,0,0,0,https://x.com/PutuRagil6/status/1803714793234158040,1354080442803245056,PutuRagil6
1801494600848413108,2024-06-20T09:01:01.000Z,0,@arbi7tamara @niwseir Polisi punya Banyak Pencapaian Kinerja Positif tanpa Harus Viral terlebih dahulu.,1803714660832776214,,arbi7tamara,in,,0,0,0,https://x.com/PutuRagil6/status/1803714660832776214,1354080442803245056,PutuRagil6
1801494600848413108,2024-06-20T08:59:57.000Z,0,@niwseir Polisi punya Banyak Pencapaian Kinerja Positif tanpa Harus Viral terlebih dahulu.,1803714393840210179,,niwseir,in,,0,0,0,https://x.com/PutuRagil6/status/1803714393840210179,1354080442803245056,PutuRagil6
1803642471421014077,2024-06-20T08:50:57.000Z,0,"@Heraloebss Hal ini banyak kok kita temui di jalan, entah dari satpol PP, Dishub atau polisi. Pertanyaan, apkah atasan tdk pernah mlakukan sampling pengecekan ulang atas laporan kinerja atau aktivitas dr bawahnya?? Atau ada sistem lain yg benar² meminimalisir tindakan manipulatif seperti ini",1803712129037648332,,Heraloebss,in,,0,0,0,https://x.com/kiahaly/status/1803712129037648332,125112112,kiahaly
1803711331243307139,2024-06-20T08:47:47.000Z,1,"“Kayaknya kinerja positif Polisi gak nunggu viral dulu deh buat bertindak, tuh yang di Medan kemaren bukti nyata kalo polisi kerja bener. Polisi bongkar lab rahasia narkoba tanpa heboh dulu, nggak cuma gerak pas viral doang!""",1803711331243307139,,,in,,0,0,0,https://x.com/kainbasa/status/1803711331243307139,1702673693540024320,kainbasa
1801494600848413108,2024-06-20T08:47:38.000Z,0,"@kura2giok @niwseir Kinerja positif polisi jga banyak tuh ga nunggu rame dulu. Banyak yg udah d ungkap baru viral malah, polri punya cara sendiri buat selesaikan kasus. Be smart netizen.",1803711294929002544,,kura2giok,in,,0,1,0,https://x.com/mrRoberrts/status/1803711294929002544,1740389656125145088,mrRoberrts
1803711268928544951,2024-06-20T08:47:32.000Z,1,"“Kayaknya kinerja positif Polisi gak nunggu viral dulu deh buat bertindak, tuh yang di Medan kemaren bukti nyata kalo polisi kerja bener. Polisi bongkar lab rahasia narkoba tanpa heboh dulu, nggak cuma gerak pas viral doang!""",1803711268928544951,,,in,,0,0,0,https://x.com/kainbasa/status/1803711268928544951,1702673693540024320,kainbasa
1801494600848413108,2024-06-21T23:23:17.000Z,0,"@arbi7tamara @niwseir Contohnya aja di Medan, mereka berhasil bongkar lab narkoba rahasia. Sebenarnya, banyak lho kinerja positif polisi, cuma seringkali orang lebih fokus ke hal-hal negatif.",1804294047831609586,,arbi7tamara,in,,0,0,0,https://x.com/BallackCandra/status/1804294047831609586,2774213893,BallackCandra
1803596628898480213,2024-06-21T22:57:44.000Z,0,"@txtdrimedia Minta aja dibikinin hasil survey ke akun ignya gnfi, nanti judulnya ""Tingkat kepuasan masyarakat atas kinerja polisi"" udah kelar tu masalah",1804287617703493870,,txtdrimedia,in,,0,0,0,https://x.com/Zeextwt/status/1804287617703493870,1416042354612391937,Zeextwt
1804102614092820884,2024-06-21T22:38:27.000Z,0,"@bbtjkiy @gorunbiraz3 @TjahjantoHadi @jokowi @ListyoSigitP @coema_coemi @ZAMHARIBASYIR1 @Sarah_Bintang5 Pemerintah tau, tapi pemerintah awalnya mau menunggu kinerja polisi, eh ternyata gak beres",1804282762872111358,,bbtjkiy,in,,0,0,0,https://x.com/benoalatawii/status/1804282762872111358,745687209169326082,benoalatawii
1804257104909513050,2024-06-21T20:56:29.000Z,0,Litbang Kompas masuk angin. Paling lucu lagi hasil survey kepercayaan masyarkat terhadap kinerja Polisi 90% 🤣😂🤣 #DustaAkhirZaman,1804257104909513050,,,in,,0,0,0,https://x.com/Nirmala787/status/1804257104909513050,2725661790,Nirmala787
1804080534076948891,2024-06-21T17:06:00.000Z,0,"@Jateng_Twit Kapolda ikut pilkada, menilainya sangat mudah tinggal kita lihat kinerja anak buahnya dlm bertugas (Polisi di Jateng)",1804199101028012049,,Jateng_Twit,in,,0,0,0,https://x.com/SetyawanOcky/status/1804199101028012049,812117366943289344,SetyawanOcky
1803642471421014077,2024-06-21T17:02:02.000Z,0,@Heraloebss Saya tuh dari dulu ga paham bnget apa sih gunanya satpol pp ini di bentuk di negeri ini..apa dr kepolisian kinerjanya kurang mksimal hingga di bentuk kesatuan satpol PP ini untuk membantu kinerja polisi ...,1804198100745228361,,Heraloebss,in,,0,0,0,https://x.com/hermansumantop/status/1804198100745228361,920736550144503808,hermansumantop
1803681335086817596,2024-06-21T14:34:03.000Z,4,@Aryprasetyo85 Survei kepuasan kinerja polisi,1804160860753178826,,Aryprasetyo85,in,,0,1,3,https://x.com/jovian_gayus/status/1804160860753178826,1415204157120684034,jovian_gayus
1804031705579245798,2024-06-21T14:32:40.000Z,3,@5teV3n_Pe9eL polisi: anggaran besar kinerja nol besar,1804160510805578149,,P3gEl,in,,0,0,0,https://x.com/Kundi99148510/status/1804160510805578149,1735294984402984960,Kundi99148510
1801494600848413108,2024-06-21T14:27:26.000Z,1,"@dortapsuermetal @niwseir sejauhnya oke-oke saja, walaupun belum maksimal ya..
banyak kok kasus² yang nunjukin kinerja positif bapak² polisi  
.
semangat terus polri, semoga terus kearah yang lebih baik lagi 🔥",1804159195631227224,,dortapsuermetal,in,,0,0,0,https://x.com/berusahalurus/status/1804159195631227224,1736997390668996608,berusahalurus
1801199127797375153,2024-06-21T14:20:38.000Z,0,"@Jateng_Twit Semua tindakan harus dilakukan dengan prosedur yang sudah ditentukan, polisi kita sudah bekerja dengan sedemikian rupa, gak bisa main asal - asalan, saya rasa kinerja polisi selama ini sudah cukup baik dalam melaksanakan tugasnya.",1804157484568883284,,Jateng_Twit,in,,0,0,0,https://x.com/RickoKu5682501/status/1804157484568883284,1653303021688991745,RickoKu5682501
1801494600848413108,2024-06-21T14:03:32.000Z,0,"@kura2giok @niwseir Persepsi yang salah menurut saya, jangan hanya satu kinerja yg kurang baik kita menghujat habis²an tetapi kita lupa banyak sekali kinerja baik yang sudah dilakukan oleh polisi.",1804153182697984290,,kura2giok,in,,0,0,0,https://x.com/RickoKu5682501/status/1804153182697984290,1653303021688991745,RickoKu5682501
1803564975937700345,2024-06-19T23:06:13.000Z,0,"Anggaran naik terus tapi kinerja begitu-begitu aja. Paling yang nambah banyak sekarang Polisi jadi content creator.

😌 https://t.co/mNqgqppEhH",1803564975937700345,https://pbs.twimg.com/media/GQeMwThaIAANTq3.jpg,,in,,0,0,1,https://x.com/dwinucleo/status/1803564975937700345,74701625,dwinucleo
1803268176500891864,2024-06-19T22:29:47.000Z,0,"@Jateng_Twit Itulah kinerja kepolisian di Indonesia, sangat  mengecewakan sekali, beda jaman polisi zaman dulu terbaik, namun zaman sekarang polisi jelek dimata masyarakat Indonesia",1803555807524716753,,Jateng_Twit,in,,0,0,0,https://x.com/MuhFikriAr7247/status/1803555807524716753,1653542522830966784,MuhFikriAr7247
1803544438184218684,2024-06-19T21:44:36.000Z,0,"BERTAHUN-TAHUN PATI JADI SARANG PENGGELAPAN MOBIL TAPI GAK ADA REAKSI DARI POLISI!!!. 
APA SAJA KERJA POLISI??!!. 
CUMA BISA MAKAN GAJI BUTA??!!. 

@jokowi APAKAH ANDA GAK PERNAH MENGEVALUASI KINERJA DARI KAPOLRI ???!!!. 

https://t.co/YB8NYfH9Ii",1803544438184218684,,,in,,0,0,0,https://x.com/M17522147/status/1803544438184218684,891883949571457024,M17522147
1803543514489504048,2024-06-19T21:40:56.000Z,0,"KINERJA POLISI DI NEGARA INI HARUS JADI ATENSI PRESIDEN @jokowi !!. 
PECAT KAPOLRI NYA YG CUMA BISA MENJILAT!!!. 
GAK TAU MALU!!. 
HANCUR LEBUR NAMA INSTITUSI POLRI DIMATA RAKYAT KARENA PIMPINAN NYA GAK BECUS KERJA!!!. 

#PECATKAPOLRI
#BUBARKANPOLRI

https://t.co/TEVovHJCKF",1803543514489504048,,,in,,0,0,0,https://x.com/M17522147/status/1803543514489504048,891883949571457024,M17522147
1803098235231486399,2024-06-19T14:29:12.000Z,0,"@lantip Gaji dan tunjangan dibayar pajak. Kalau kinerja buruk ya wajar lah warga negara, sebagai majikan polisi, ngritik.",1803434865444171838,,lantip,in,,0,0,0,https://x.com/yippieyaaay/status/1803434865444171838,300253633,yippieyaaay
1803371939295277218,2024-06-19T12:53:15.000Z,81,"@Aryprasetyo85 Sdh terlambat .....
Perbaiki saja kinerja kalian wahai polisi . Jgn sdh viral baru kalian sibuk macam kebakaran jenggot . Perbaiki saja kerja kalian .",1803410718026506673,,Aryprasetyo85,in,,0,1,3,https://x.com/BaimBbi/status/1803410718026506673,1578747436600037377,BaimBbi
1802736182822056114,2024-06-19T07:32:32.000Z,4,@dhewi_miswanti @rezkiachyana Juga nambahin rekor buruk kinerja polisi,1803330007198212604,,dhewi_miswanti,in,,0,0,0,https://x.com/grumpybearl/status/1803330007198212604,1622619421406793728,grumpybearl
1803203081225527546,2024-06-19T03:54:30.000Z,0,"@tempodotco Klo ada korban kejahatan malas kordinasi dg polisi, ya introspeksi! 

Kinerja kalian kayak apa? Kok malah menyalahkan korban.

Bisa sampai ada satu kampung jd penadah kendaraan curian itu gmn? Kalian pikir publik goblok?!",1803275135274619257,,tempodotco,in,,0,0,0,https://x.com/marisa_waha8/status/1803275135274619257,1638156421639598080,marisa_waha8
1803270059638616194,2024-06-19T03:34:20.000Z,1,"Kala sampai pelapor turun utk nyari kendaraannya sendiri, bukankah artinya pelapor tdk puas dg kinerja polisi yg mengusut pelaporannya ?

https://t.co/hNixw7IZad",1803270059638616194,,,in,,0,0,0,https://x.com/lexotansbo/status/1803270059638616194,1692431009239945216,lexotansbo
1801494600848413108,2024-06-21T11:44:21.000Z,0,@dawiguna @niwseir Semoga kejadian sperti itu tidak terulang lagi jangan lupa juga masih banyak kinerja positif polisi,1804118155301917027,,dawiguna,in,,0,0,0,https://x.com/undefined/status/1804118155301917027,1720641726573142016,
1801199127797375153,2024-06-21T11:42:07.000Z,0,"@Jateng_Twit Kinerja polisi sebenarnya sudah baik, tapi musibah memang kadang nggak bisa dihindari. Kita harus tetap mendukung dan memberikan semangat, semoga polisi kita bisa belajar dari pengalaman dan terus maju. Semangat, polisi",1804117592879300835,,Jateng_Twit,in,,0,0,0,https://x.com/undefined/status/1804117592879300835,1720641726573142016,
1801494600848413108,2024-06-21T11:41:21.000Z,0,"@niwseir Kinerja polisi sebenarnya sudah baik, tapi musibah memang kadang nggak bisa dihindari. Kita harus tetap mendukung dan memberikan semangat, semoga polisi kita bisa belajar dari pengalaman dan terus maju. Semangat, polisi",1804117400595632513,,niwseir,in,,0,0,0,https://x.com/undefined/status/1804117400595632513,1720641726573142016,
1801494600848413108,2024-06-21T11:23:54.000Z,0,"@dortapsuermetal @niwseir Sebenarnya Polisi sering dituduh cuma gerak kalo kasus viral aja,Mereka punya cara sendiri buat bagi kasus, nggak tebang pilih. Bayangin aja kalo nggak ada polisi, pasti kacau banget. Cthyang di Medan, mereka bongkar lab narkoba rahasia. Kinerja positif polisi tuh banyak loh",1804113007611645978,,dortapsuermetal,in,,0,0,0,https://x.com/undefined/status/1804113007611645978,1763424611612712960,
1801494600848413108,2024-06-21T11:19:47.000Z,0,"@kura2giok @niwseir Sebenarnya kinerja positif Polisi gak nunggu viral dulu deh buat bertindak, tuh yang di Medan kemaren bukti nyata kalo polisi kerja bener. Polisi bongkar lab rahasia narkoba tanpa heboh dulu, nggak cuma gerak pas viral aja..",1804111972390310146,,kura2giok,in,,0,0,0,https://x.com/undefined/status/1804111972390310146,1763424611612712960,
1801494600848413108,2024-06-21T11:17:55.000Z,0,"@niwseir Sebenarnya kinerja positif Polisi gak nunggu viral dulu deh buat melakukan tindakan, tuh yang di Medan kemaren bukti nyata kalo polisi kerja bener. Polisi bongkar lab rahasia narkoba tanpa heboh dulu, nggak cuma gerak pas viral aja",1804111499964879160,,niwseir,in,,0,0,0,https://x.com/undefined/status/1804111499964879160,1763424611612712960,
1803681335086817596,2024-06-21T10:22:00.000Z,1,@Aryprasetyo85 Perlu diberi apresiasi besar tuh kinerja polisi ya. Makin besar makin cepat dan baik 😂,1804097428968325593,,Aryprasetyo85,in,,0,0,0,https://x.com/undefined/status/1804097428968325593,1611580811748478976,
1801494600848413108,2024-06-21T08:22:16.000Z,0,"@arbi7tamara @niwseir Banyak ji juga kasus na selesaikan polisi na tidak mestiji viral, kinerja positif polisi tdk pernah ada yg viralkan cmn keburukan yg selalu dinampakkan, teruslah bekerja polisiku tetap semangat tanpamu negara tidak baik-baik saja.",1804067297092419646,,arbi7tamara,in,,0,0,0,https://x.com/undefined/status/1804067297092419646,1718182809498705920,
1805044541407531309,2024-06-25T22:40:45.000Z,0,"@Miduk17 Baper banget y bapak2 polisi,takut kehilangan jabatan dan buruknya kinerja kepolisian y,.

@DivHumas_Polri @ListyoSigitP 

Tanpa kehadiran masyarakat,kalian bisa apa bpk2 polisi",1805732893341429994,,JhonSitorus_18,in,,0,0,0,https://x.com/try100889/status/1805732893341429994,751040460798525441,try100889
1805417575477920227,2024-06-25T22:07:50.000Z,0,@DS_yantie Semoga beliau tidak ditangkap polisi karena 'memviralkan' kinerja polisi yang 'melayani masyarakat'?? 😮‍💨,1805724611981750676,,DS_yantie,in,,0,0,0,https://x.com/jannotama/status/1805724611981750676,185167250,jannotama
1805476588844466590,2024-06-25T17:44:54.000Z,0,@txtdrimedia Udah kyk org ODGJ kinerja polisi negeri ini.,1805658439282212933,,txtdrimedia,in,,0,0,0,https://x.com/Irtus_Laso/status/1805658439282212933,1226538796629364738,Irtus_Laso
1805576857745768878,2024-06-25T16:02:41.000Z,1,"@ARSIPAJA Itu seragam dinas apa seragam Pramuka?
Semenjak ada aturan mengenai seragam baru, kinerja polisi makin kesini makin kesana, seperti anak sekolahan yg baru puber, masih mencari jati diri...",1805632717591298192,,ARSIPAJA,in,,0,0,0,https://x.com/Ms4Dean/status/1805632717591298192,1478016969450287105,Ms4Dean
1805251111391309865,2024-06-25T12:51:48.000Z,0,"@nunanya_wonu @nabitterflies @kdrama_menfess Seru kalo memang suka jalan cerita yg pelan macam slice of life gitudeh. Ini tuh semacam hospital playlist tp versi kehidupan polisi. Gimana stigma masyarakat ttg kinerja polisi, mengikuti atau tdk mengikuti SOP tetep aja ada pro kontra di mata masyarakat dan petinggi kepolisian.",1805584679703372167,,,in,,0,0,0,https://x.com/lateambision/status/1805584679703372167,1339115862763040769,lateambision
1805417575477920227,2024-06-25T09:28:01.000Z,4,@DS_yantie Setiap hari dipertontonkan berita ttg buruknya kinerja polisi indonesia..apa g pernah ada evaluasi atau gimana dari instansi polisi ya? Kok terlihat mbah mbuh aja dg kejadian2 begini,1805533396007010440,,DS_yantie,in,,0,1,1,https://x.com/ZafrantubeHD/status/1805533396007010440,4709159904,ZafrantubeHD
1805051869682889041,2024-06-25T08:33:54.000Z,1,"@langitan99 Kalau engga mau di kritik pedas mestinya polisi ngaca. Perbaiki kinerja nya.. Masyarakat sudh muak dengan kondisi aparatur negara yang kalau bertindak harus pake uang... Padahal mereka sdh di gaji oleh negara. 
Disumpahin untuk ngabdi oleh negara.",1805519778636791937,,langitan99,in,,0,0,0,https://x.com/Muhamma00491238/status/1805519778636791937,1603991984921726976,Muhamma00491238
1805476588844466590,2024-06-25T08:01:58.000Z,0,"@txtdrimedia Padahal bpk kapolda ini bagus lah, bekas penyidik di kpk yg bersitegang dng FB pimpinan kpk yg sdh jd tersangka. Smga kinerja nya bagus, kalau gw rasa bpk ini salah satu polisi yg berintegritas tinggi🙏🏻",1805511740136079739,,txtdrimedia,in,,0,0,0,https://x.com/alboy_aboe/status/1805511740136079739,2885237735,alboy_aboe
1805507877647663501,2024-06-25T07:46:37.000Z,2,tingkat kepuasan terhadap kinerja polisi mencapai 70%,1805507877647663501,,,in,,0,0,0,https://x.com/ikhtiarokky/status/1805507877647663501,115008613,ikhtiarokky
1805417575477920227,2024-06-25T06:54:46.000Z,0,@DS_yantie udh ada lebih dari 1000 cerita dan bukti kalo polisi tu ga berguna/kinerja lelet/ga mau gerak kalo gak di suap. terus gaada gitu aparat yang berwenang ngasih kebijakan mengenai keadaan bukti nyata di lapangan yang begitu. ngapain aja dah?,1805494828333253044,,DS_yantie,in,,0,0,0,https://x.com/piwiripi/status/1805494828333253044,1144522609595310080,piwiripi
1805490177517010984,2024-06-25T06:36:17.000Z,0,"[CERITA KORBAN]

Furqan Ermansyah (Rudy Lombok) Rudy dikriminalisasi UU ITE oleh Badan Promosi Pariwisata Daerah Nusa Tenggara Barat (BPBD NTB) pada 11 Mei 2015 karena mengkritik kinerja lembaga yang tidak maksimal di bidang pariwisata. Rudy sempat ditahan polisi selama 12 hari. https://t.co/fAgLG2rLl5",1805490177517010984,https://pbs.twimg.com/ext_tw_video_thumb/1805490065906581508/pu/img/dt3T_q4M53gJ4YEc.jpg,,in,,0,1,0,https://x.com/PPMN_official/status/1805490177517010984,1302886520303448065,PPMN_official
1805088223124979968,2024-06-25T06:24:07.000Z,0,"@arman_dhani Klo cuti selamanya kayaknya lebih bagus ia, soalnya kinerja polisi saat ini buruk sekali, masa sidang perdana praperadilan pegi nggak datang? Cement, jgn2 sidang berikutnya tgl 1 juli abaen lagi dengan alasan hari bayangkara🤣🤣🤣🤣",1805487116484592065,,arman_dhani,in,,0,0,0,https://x.com/sirandosnaburju/status/1805487116484592065,2406429068,sirandosnaburju
1804763098269814939,2024-06-25T05:53:45.000Z,0,"@RK_Lamongan @ListyoSigitP Rakyat bersuara dibukam, kalau tidak mau di kritik, perbaiki kinerja, perlihatkan kenetralan polisi, dan buatlah masyarakat kagum kepada Kepolisian, saya yakin tdk akan ada suara sumbang lagi kpd Kepolisian, yakin....",1805479472688513288,,RK_Lamongan,in,,0,0,0,https://x.com/sandyalfia96694/status/1805479472688513288,1645817665662115842,sandyalfia96694
1805090355077058828,2024-06-25T05:00:24.000Z,0,@Miduk17 𝑗𝑢𝑠𝑡𝑟𝑢 𝑖𝑛𝑖 𝑚𝑒𝑛𝑔𝑢𝑎𝑡𝑘𝑎𝑛 𝑑𝑢𝑔𝑎𝑎𝑛 𝑠𝑒𝑝𝑎𝑟𝑢ℎ 𝑙𝑒𝑏𝑖ℎ 𝑛𝑒𝑡𝑖𝑧𝑒𝑛 𝑦𝑔 𝑟𝑎𝑔𝑢𝑘𝑎𝑛 𝑘𝑖𝑛𝑒𝑟𝑗𝑎 𝑝𝑜𝑙𝑖𝑠𝑖...𝑗𝑔𝑛 𝑘𝑎𝑟𝑒𝑛𝑎 𝑠𝑒𝑔𝑒𝑘𝑖𝑛𝑐𝑖𝑟 𝑜𝑘𝑛𝑢𝑚 𝑏𝑎𝑟𝑢 𝑚𝑒𝑟𝑢𝑠𝑎𝑘 𝑠𝑎𝑡𝑢 𝑖𝑛𝑠𝑡𝑎𝑛𝑠𝑖...𝑡𝑒𝑟𝑙𝑎𝑙𝑢 𝑠𝑎𝑦𝑎𝑛𝑔.,1805466046595481846,,JhonSitorus_18,in,,0,0,0,https://x.com/Dewa03489993504/status/1805466046595481846,1753743450833600512,Dewa03489993504
1805088223124979968,2024-06-25T04:40:02.000Z,0,@agunsux @arman_dhani demi apa lebih bagus kinerja satpam njir dri pada polisi kek giniiiiiii,1805460923911651570,,agunsux,in,,0,0,0,https://x.com/beingriches/status/1805460923911651570,1721371828822876160,beingriches
1805093441648652492,2024-06-25T03:36:36.000Z,1,"@kompascom Kalau mau obyektif ya di autopsi dengan dokter yg independen, apa penyebab kematiannya. 
Disini diuji profesionalitas kinerja polisi. Jangan asal komentar tanpa data yg benar dan obyektif.",1805444960470417872,,kompascom,in,,0,0,0,https://x.com/NawawiAlMaroni/status/1805444960470417872,1604791864585908224,NawawiAlMaroni
1805355562970087849,2024-06-25T02:44:10.000Z,0,"@umimicucu haha, ini menunjukkan klo kinerja polisi tuh emang bener bener jelek, sampe sampe ada orang yg lagi diteror aja lebih milih panggil damkar. btw stay safe kakanya",1805431765710029073,,raarathexplorer,in,,0,0,0,https://x.com/YazidRifky/status/1805431765710029073,1161821763916816388,YazidRifky
1805254259048636740,2024-06-25T02:18:55.000Z,4,@Kimberley_PS08 Yg teriak benci loe ....yg nuduh benci sama Jokowi loe dan juga yg menilai kinerja polisi buruk loe .....jadi itu semua ada di diri loe ....ngaca loe,1805425408147603684,,Kimberley_PS08,in,,1,0,0,https://x.com/azul_zulia44436/status/1805425408147603684,1793943954725249025,azul_zulia44436
1805209405467828610,2024-06-25T01:29:10.000Z,0,@txtdrimedia Buseeet pd kagak sadar emg kinerja lu pd jelek oii.. kalo ada polisi swasta mending pke itu,1805412889471467861,,txtdrimedia,in,,0,0,0,https://x.com/lenichiii/status/1805412889471467861,460878178,lenichiii
1805412596083998997,2024-06-25T01:28:00.000Z,1,Nah ini kinerja polisi yang saya suka,1805412596083998997,,,in,,0,0,0,https://x.com/FirmanFahmi12/status/1805412596083998997,1721049433,FirmanFahmi12
1805194864679850400,2024-06-24T18:25:49.000Z,0,@ATMBERSAMA kooo gaa ada tulisan vote lapor polisi yaaa ?. udh ga yakin sama kinerja polisi atau gmana sih. ini vote aja udh bikin jatuh mental dan gak percaya lagi sama dunia nyata,1805306350207222209,,ATMBERSAMA,in,,0,0,0,https://x.com/Hidetosri/status/1805306350207222209,4687941902,Hidetosri
1805268774029082821,2024-06-24T15:56:30.000Z,0,"Sedih menyaksikan kinerja polisi saat ini, Rakyat sudah pintar boss. https://t.co/pXmwypn63j",1805268774029082821,https://pbs.twimg.com/media/GQ2aYOnaYAA-r1h.jpg,,in,,0,0,0,https://x.com/EddyLana5/status/1805268774029082821,1482221598254202880,EddyLana5
1805265394590257487,2024-06-24T15:43:04.000Z,0,"Coba bikin survey independen ttg kinerja Polisi sbg pengayom n pelayan publik sipil di wilayah resort nya masing2.

Berani ndan ??

@ListyoSigitP
@CCICPolri
@DivHumas_Polri
@ILCTalkshow
@Metro_TV
@tvOneNews
@jokowi",1805265394590257487,,,in,,0,0,0,https://x.com/JohnBanting03/status/1805265394590257487,1581056184710180865,JohnBanting03
1804813953815707925,2024-06-24T15:18:42.000Z,0,@officialinews_ @zenrs Gimana anggota mu pak @ListyoSigitP  malah fokus nyri org yg viralin. Jstru bgus di viralin biar tw seindonesia gimna kinerja polisi skg. Pcat sja kapolda sumbar itu krn ngga bcus mnuntaskan ksus kmatian remaja Afif @DivHumas_Polri dan @propampolri pnggil smua anggota mu tuk,1805259258696814952,,officialinews_,in,,0,1,0,https://x.com/penang_aos/status/1805259258696814952,240687343,penang_aos
1805250681613525327,2024-06-24T14:44:37.000Z,36,"POLISI HARUSNYA S1
- Melihat kinerja polisi akhir-akhir ini, memang sudah seharusnya anggota polisi itu S1. 
- Kenapa anggota polisi harus S1? Karena kalo POLISI gak S1, jadinya POLII. Kan lucu...
- Apalagi kalo POLISI harus S2, malah lebih kacau lagi, jadinya PSOLISI.

#Ngik https://t.co/Tt6aTeswB1",1805250681613525327,https://pbs.twimg.com/media/GQ2J7VOa4AApYrc.jpg,,in,,0,14,5,https://x.com/HumorJonTampan/status/1805250681613525327,257090687,HumorJonTampan
1804820520862642204,2024-06-24T14:28:35.000Z,0,@alisyarief Kinerja polisi sangat memalukan,1805246647745876321,,alisyarief,in,,0,0,0,https://x.com/PronadaP49139/status/1805246647745876321,1742328223919398912,PronadaP49139
1805237518658666505,2024-06-24T13:52:18.000Z,0,Baiknya mending evaluasi diri pak atas kinerja kepolisian yg smakin rungkad serta dimata rakyat banyak citra polisi sdh nyaris hilang pak @ListyoSigitP https://t.co/jD2Y7xUX8R,1805237518658666505,https://pbs.twimg.com/ext_tw_video_thumb/1805237492075122689/pu/img/E7W-wesE8Ta4snBu.jpg,,in,,0,0,0,https://x.com/nulbesars/status/1805237518658666505,1495977225598169089,nulbesars
1804763098269814939,2024-06-24T13:51:32.000Z,0,@Irwansy96179363 @KunciPlus @RK_Lamongan @ListyoSigitP Kau polisi yg tdk pernah mau dikoreksi makax kau ngotot dengan tabiat kalian yg sudah rusak kau teriak2 polisi kerja 25jam tpi fakta hampir seluruh rakyat indonesia sudah mengeluh kinerja kalian fakta pak polisi,1805237325611597906,,Irwansy96179363,in,,0,0,0,https://x.com/BadrunOpen62026/status/1805237325611597906,1748206508087881728,BadrunOpen62026
1804763098269814939,2024-06-24T13:47:15.000Z,0,"@Irwansy96179363 @RK_Lamongan @ListyoSigitP Apa yg dihinakan???? Wajar klu ada yg hina polisi harusx polisi sadar diri koreksi diri kerja kalian kalau baik bisa di jamin rakyat tdk balal menghina ,, rakyatmenghina karna kinerja kalian rusak capek bayar pajak kalian kerjax gak benar",1805236246836617557,,Irwansy96179363,in,,0,0,0,https://x.com/BadrunOpen62026/status/1805236246836617557,1748206508087881728,BadrunOpen62026
1805178539781894472,2024-06-24T09:57:57.000Z,0,"SEMAKIN TERLIHAT LUCU KINERJA ANAK BUAH MU @ListyoSigitP !!. 
MASAK DPO GAK ADA FOTO ATAU SKETSA WAJAH NYA!!. 
AMATIRAN SEKALI POLISI!!. 
UANG RAKYAT HABIS HANYA UNTUK MEMBANGUN POLISI YG PROFESIONAL DALAM BEKERJA PAK!! 
KALAU SEPERTI INI BUBARKAN SAJA!! 

https://t.co/a93mIEPbvl",1805178539781894472,,,in,,0,0,0,https://x.com/M17522147/status/1805178539781894472,891883949571457024,M17522147
1805116815019856244,2024-06-24T09:35:50.000Z,3,"@narkosun Nggak masuk akal. Kalau bikin narasi yang masuk akal lah. Kaya kasus vina pegi dipaksakan sampai segala foto di paksakan jadi bukti, ijazahnya dsb. Menjijikkan dan miris. Belajar dari polisi jepang. Katanya beragama kalah kinerja sama yang gak beragama.",1805172974720528701,,narkosun,in,,0,0,2,https://x.com/MadaSastro/status/1805172974720528701,1331762862881083393,MadaSastro
1805072458304880980,2024-06-24T09:32:31.000Z,1,@StefanAntonio__ @Polres_Baubau kinerja Polisi amburadul gini  bisa mendapatkan status citra yg baik ?????,1805172141081727339,,StefanAntonio__,in,,0,1,0,https://x.com/FollowingSeaz/status/1805172141081727339,1415247010312069124,FollowingSeaz
1804894758143512996,2024-06-24T05:24:21.000Z,6,@PakarINTELek Kinerja menteri ini sama kaya kinerja polisi di kasus Pegi... https://t.co/1UaAv1sYWr,1805109688167731525,,PakarINTELek,in,,0,2,0,https://x.com/negativisme/status/1805109688167731525,43486890,negativisme
1804411084797022423,2024-06-24T04:17:12.000Z,3,"@tvOneNews Begitulah kinerja polisi, sama sekali tidak patut disebut penegak hukum.",1805092786733265271,,tvOneNews,in,,0,0,1,https://x.com/5758Hary/status/1805092786733265271,1467768783297138691,5758Hary
1804889241719341323,2024-06-24T00:59:19.000Z,0,@chicohakim @DivHumas_Polri Ganemu komen yg bagus n puas dgn kinerja polisi 75% pak 🤔 @DivHumas_Polri,1805042987766047149,,chicohakim,in,,0,0,0,https://x.com/coffee_latte00/status/1805042987766047149,1620365436427853824,coffee_latte00
1804509416781156497,2024-06-24T00:55:24.000Z,0,@geloraco kalo nunggu viral dulu terus gini gimana warga mau percaya sama kinerja polisi si😭😭,1805042006189855149,,geloraco,in,,0,0,0,https://x.com/Iyaaaapaa/status/1805042006189855149,1108518440602488832,Iyaaaapaa
1804763098269814939,2024-06-23T23:58:53.000Z,0,"@ZakyFuad20 @RK_Lamongan @ListyoSigitP nah tuh pak kapolri bilang sendiri yg mengkritik polisi akan menjadi sahabat polisi, bukannya di intimidasi🤦‍♀️
harusnya di kritik, berbesar hati krn menyangkut kinerja yg tidak sesuai harapan rakyat. Rakyat membayar pajak utk menggaji kalian para aparat negara ini.",1805027782369685775,,ZakyFuad20,in,,0,1,0,https://x.com/nomerorae/status/1805027782369685775,1254895166122418177,nomerorae
1805006241468707173,2024-06-23T22:33:18.000Z,0,"KITA SELALU DI SUGUHKAN DENGAN BERITA KINERJA POLISI YG AMATIR AN!!. 
MEREKA PIKIR RAKYAT MASIH GOBLOG!!. 
MEREKA PIKIR RAKYAT GAK PUNYA LOGIKA!!. 

#RAKYATMELAWAN
#PECATKAPOLRI
#BUBARKANPOLRI 

Cc : 
@jokowi 
@prabowo 
@mohmahfudmd",1805006241468707173,,,in,,0,0,0,https://x.com/M17522147/status/1805006241468707173,891883949571457024,M17522147
1804913692976574888,2024-06-23T17:07:54.000Z,181,"@dhemit_is_back Mungkin wartawan nya aja yg kasi judul Lebay yg mulia,
Tp dengan melihat kinerja polisi sekarang ini, sangat mungkin yg bikin video malah jadi TSK dan oelaku jadi saksi 🤣🤣

Kocak dia mah",1804924354977030619,,dhemit_is_back,in,,0,1,2,https://x.com/BdtFern/status/1804924354977030619,2185876733,BdtFern
1804889241719341323,2024-06-23T17:07:23.000Z,36,"@chicohakim @DivHumas_Polri Disuruh kerja yang benar dan serius, malah ngelawak. Giliran ada komedian yang ngelawak mengkritik kinerja polisi, eh malah diseriusin. Terus mau nya polisi itu apa sih @DivHumas_Polri ???",1804924224651644983,,chicohakim,in,,0,3,3,https://x.com/nasibungkusan/status/1804924224651644983,1259067980438056962,nasibungkusan
1804922112794403170,2024-06-23T16:59:00.000Z,12,"Citra Positif Polisi Meningkat, Andi Rio Idris Padjalangi Puji Kinerja Kapolri
#airlanggahartarto #kuningkeren #PrabowoGibran #partaigolkar #golkarpedia 
https://t.co/C1evL81fwT",1804922112794403170,,,in,,0,0,46,https://x.com/golkarpedia/status/1804922112794403170,721898354502930433,golkarpedia
1804889241719341323,2024-06-23T16:53:27.000Z,1,@chicohakim @DivHumas_Polri Gw bayar pajak bukan untuk kinerja polisi yang begini,1804920718389551381,,chicohakim,in,,0,0,0,https://x.com/Jopy44/status/1804920718389551381,1561885208,Jopy44
1804726774238171613,2024-06-23T16:17:09.000Z,0,"@DivHumas_Polri Kasus demi kasus yg judi online yg pembunuhan , yg narkoba , yg curanmor.. siapa yg ada di balik layar... 
73,1% masyarakat yg mn yg msh percaya sm kinerja polisi...😂😂😂😂dobol...",1804911583791132848,,DivHumas_Polri,in,,0,0,0,https://x.com/sugimanto_w/status/1804911583791132848,1399870426415730688,sugimanto_w
1804793869013590421,2024-06-23T15:07:12.000Z,1,"@tvOneNews Sama saja gak ada bedanya polisi penyidik d thn 2016 sama penyidik sekarang ini dalam kasus vina, hasil poin nya sama cuma beda cara tetapi sama point nya, memaksakan dan ingin d puji puji kinerja nya bagus",1804893977394708568,,tvOneNews,in,,0,0,0,https://x.com/JendralKepitin9/status/1804893977394708568,1642627278789283840,JendralKepitin9
1804360299698626862,2024-06-23T11:22:22.000Z,0,"@__PASMANTAP Emang udah jelek makin jelek citra polantas, cabang polisi paling miris. Real kumpulan oknum polisi ngumpulnya di satuan ini, gak habis pikir. Kecewa parah lihat kinerja mereka, kasian anggota yang bener2 bersih",1804837398142189862,,__PASMANTAP,in,,0,0,0,https://x.com/AI_Neon4/status/1804837398142189862,547760799,AI_Neon4
1803569201682194440,2024-06-23T11:14:53.000Z,0,"@hipohan @ListyoSigitP Cb sini pengen lihat yng katanya kmren survey masyarakat puas kinerja polisi, klo bukan dibikin sendiri gak mngkin",1804835515138765063,,hipohan,in,,0,0,0,https://x.com/ekac471/status/1804835515138765063,702087927527034880,ekac471
1804104498966839752,2024-06-23T10:37:28.000Z,0,@Nini77985620 @zainalmusyaffak Setuju👍biar rakyat tdk di bebani dgn sgl macam pajak dan rakyat tdk prl kecewa dgn kinerja polisi yg buruk🤔,1804826096736804945,,Nini77985620,in,,0,0,0,https://x.com/Almabadawi9/status/1804826096736804945,1577993729238974465,Almabadawi9
1804509416781156497,2024-06-23T10:06:14.000Z,0,@geloraco Tiada hari tanpa denger berita kinerja polisi yg jelek nya udah beyond.,1804818237957497342,,geloraco,in,,0,0,0,https://x.com/ryomensatana/status/1804818237957497342,1911767341,ryomensatana
1804486147470414286,2024-06-23T08:27:07.000Z,0,"@kompascom Inilah kinerja polisi, penganiayaan ....demi penganiayaan....Propan yg tau tentang kelakuan polisi tdk ada action....
Apa gubanya propan....boros2in aja anggaran....bubarkan aja..",1804793293487722867,,kompascom,in,,0,0,0,https://x.com/karwito_pia/status/1804793293487722867,2456604216,karwito_pia
1804782878028701895,2024-06-23T07:45:44.000Z,1,"mau punya citra baik bukannya memperbaiki kinerja malah bikin acara stand up, ada-ada aja nii kelakuan peringkat 1 polisi paling korup di Asia Tenggara😂😂",1804782878028701895,,,in,,0,0,1,https://x.com/terbahagiakan/status/1804782878028701895,1333124438267629568,terbahagiakan
1804503348432843099,2024-06-23T07:35:03.000Z,0,"@Heraloebss Semakin hari semakin banyak berita tentang  kinerja polisi yang semakin merosot, ada apa nih? Kok semakin mundur aja",1804780192046411858,,Heraloebss,in,,0,0,0,https://x.com/8angher/status/1804780192046411858,1759940749410361344,8angher
1804421965022924939,2024-06-23T07:23:39.000Z,0,"@Heraloebss Wow...👏 Wow...👏 Kinerja polisi ""keren"" sekali.... @DivHumas_Polri @ListyoSigitP @jokowi 🤭",1804777322446565530,,Heraloebss,in,,0,0,0,https://x.com/LFCVoiceID/status/1804777322446565530,1709871317212975105,LFCVoiceID
1804708631285563421,2024-06-23T04:36:56.000Z,0,@luxceu Wahhh apa gak mencoreng kinerja polisi ini? Kek gimnaa ya seolah olah tuh klo ngasih duit ke polisi semua clear alias selesai #RichardLeeJanganHoax,1804735368195117498,,bigsiize,in,,0,0,0,https://x.com/lio_io33/status/1804735368195117498,1761401996421312512,lio_io33
1804708631285563421,2024-06-23T04:36:37.000Z,0,@luxceu kasus hoaks ini mencoreng kinerja kepolisian. palagi beredar rekaman suara yang diduga mirip dokter richard ini yg mengaku bisa menyogok polisi tuh #RichardLeeJanganHoax,1804735285588377893,,bigsiize,in,,0,0,0,https://x.com/vesxie/status/1804735285588377893,2230504908,vesxie
1801494600848413108,2024-06-23T03:51:51.000Z,0,"@kura2giok @niwseir Mikirnya viral dulu baru di usut sama polisi padahal ga viral pun kasusnya tetap diusut dan selesai, kinerja polisi itu disaat positif ga pernah di pandang, tapi salah sedikit langsung dihujat",1804724020702503324,,kura2giok,in,,0,0,0,https://x.com/Chou22167741/status/1804724020702503324,1503659966195937282,Chou22167741
1804708484073890008,2024-06-23T03:06:07.000Z,0,"@cimotyy Wah ini sih  mencoreng kinerja kepolisian ga sih? apalagi waktu itu beredar rekaman suara kalo katanya  suara diduga mirip dr. Richard Lee ngaku nya bisa  bayar polisi, eleh sok banget deh seolah dengan kasih duit ke polisi masalah selesai. 
#RichardLeeJanganHoax",1804712510446297538,,cimotyy,in,,0,0,0,https://x.com/YulisGeliis24/status/1804712510446297538,1749849937058332672,YulisGeliis24
1804536186800922870,2024-06-23T02:56:11.000Z,0,"@B2WIndonesia @HeruBudihartono udah ga heran sama kinerja @DivHumas_Polri apalagi pemerintahnya @DKIJakarta sama2 ga becus kerjanya. survey kepercayaan polisi juga ga jelas entah darimana datanya. yg disurvey juga keluarga polisi semua.. taekk emanx pejabat dan petugas negri ini, cuiiihhh... 🖕",1804710011542860190,,B2WIndonesia,in,,0,0,0,https://x.com/VanW31/status/1804710011542860190,926801537099227138,VanW31
1804469456560935010,2024-06-23T02:51:08.000Z,0,"@ridwanhr Polisi anggran gede tp kinerja tunggu viralll.
Negara tolol,aparat nya tolol",1804708739808911822,,ridwanhr,in,,0,0,0,https://x.com/Amal81gmailcom1/status/1804708739808911822,1422070215735611392,Amal81gmailcom1
1804385637036089578,2024-06-23T02:51:06.000Z,0,"@Heraloebss Tetap semangat Pak Polisi, hanya pelanggar dan jiwa penghianat serta yang terganggu aktifitas pelanggaran hukumnya yg ngomong negatif kepada Polisi tapi yg disiplin dan tertib serta yg teratur yg selalu mendukung Kinerja Polisi. Jangan ragu maju terus Pak Polisi",1804708732586393744,,Heraloebss,in,,0,0,0,https://x.com/ch_partogi/status/1804708732586393744,789685100807983104,ch_partogi
1804481271059644821,2024-06-23T02:46:08.000Z,0,"@BebySoSweet Tetap semangat Pak Polisi, hanya pelanggar dan jiwa penghianat serta yang terganggu aktifitas pelanggaran hukumnya yg ngomong negatif kepada Polisi tapi yg disiplin dan tertib serta yg teratur yg selalu mendukung Kinerja Polisi. Jangan ragu maju terus Pak Polisi",1804707484772552951,,BebySoSweet,in,,0,0,0,https://x.com/ch_partogi/status/1804707484772552951,789685100807983104,ch_partogi
1804360299698626862,2024-06-23T02:44:23.000Z,0,"@__PASMANTAP Tetap semangat Pak Polisi, hanya pelanggar dan jiwa penghianat yg negatif tapi yg disiplin dan tertib serta yg teratur yg selalu mendukung Kinerja Polisi. Jangan ragu maju terus Pak Polisi",1804707043884052865,,__PASMANTAP,in,,0,0,0,https://x.com/ch_partogi/status/1804707043884052865,789685100807983104,ch_partogi
1804401792152989808,2024-06-23T00:54:30.000Z,0,@Aryprasetyo85 @03__nakula @Miduk17 @mikuroQ @Muhayya__ @seruanhl @serakyut @BiLLRaY2019 @vita_AVP Ya itu contoh kinerja polisi bobrok @DivHumas_Polri yang ditangksp bandar judinya kalau narkoba ya bandar pengedarnya yg gede.. gimana seeh.. gak brani ya? Setor uang berapa ke POLRI kok malah jadi backing yg ditangkap cuman krece krece kecilan.,1804679391726944278,,Aryprasetyo85,in,,0,0,0,https://x.com/RintoArdi6/status/1804679391726944278,1629064386743762945,RintoArdi6
1804385637036089578,2024-06-22T23:11:28.000Z,0,@Heraloebss Presisi banget kinerja polisi dibawah asuhan @ListyoSigitP @DivHumas_Polri,1804653462527115750,,Heraloebss,in,,0,0,0,https://x.com/desmodromici1/status/1804653462527115750,1708794041998147584,desmodromici1
1804164083887018346,2024-06-22T18:49:11.000Z,0,"@DivHumas_Polri jangan nunggu survei pak kalo mau ningkatin kinerja, memang seharusnya begitu tugas polisi, biasa aja pak, gaada yang bikin 'wahhh' juga 🙏",1804587455766724770,,DivHumas_Polri,in,,0,0,0,https://x.com/gaktauapaann/status/1804587455766724770,1250110777941360641,gaktauapaann
1804409372480802960,2024-06-22T15:45:42.000Z,0,@vanc1Bozz @ListyoSigitP Polisi yg kinerja baik malah disingkirkan,1804541278174228845,,vanc1Bozz,in,,0,1,0,https://x.com/BangJarwoSopo7/status/1804541278174228845,1771257340521771011,BangJarwoSopo7
1804414287571542245,2024-06-22T15:26:01.000Z,2,"@Jateng_Twit Yg bikin masyarakat vs masyarakat ya polisi yg gk gercep nindak. Perbaiki kinerja jgn sampai ada KKN di tubuh organisasi. Rombak rekrutmen+pendidikan polisi &amp; TNI, dimata saya aparat muda ini masih minim ilmu &amp; gk sadar konsekuensi, dibiarkan ya gitu terus sampai tua.",1804536325980475733,,Jateng_Twit,in,,0,0,0,https://x.com/Muiz_Shiddiq/status/1804536325980475733,847359817,Muiz_Shiddiq
1804486327074988230,2024-06-22T14:15:13.000Z,4,@dhemit_is_back @Siap_Viralkan @ListyoSigitP Jujur gw sama sekali gak percaya sama kinerja polisi... Tp mudah²an pelakunya segera ketangkap.,1804518510800101482,,dhemit_is_back,in,,0,0,0,https://x.com/LFCVoiceID/status/1804518510800101482,1709871317212975105,LFCVoiceID
1804438539750564238,2024-06-22T08:57:27.000Z,0,"KINERJA AMATIR POLRI HABIS DI KULITI NITIZEN... 

MALU GAK PAK @ListyoSigitP
??
MASAK POLISI KALAH SAMA NITIZEN??!!. 
PERCUMA DONG RAKYAT BAYAR GAJI POLISI??!!. 

PAK @jokowi ,MIRIS KALAU ANDA DIAM SAJA!!. 

https://t.co/0k3mzNhVn2",1804438539750564238,,,in,,0,0,0,https://x.com/M17522147/status/1804438539750564238,891883949571457024,M17522147
1804434474035290526,2024-06-22T08:41:18.000Z,0,"NITIZEN BONGKAR TERUS KEJANGGALAN KEJANGGALAN KASUS VINA CIREBON!!. 

KOK NITIZEN LEBIH PROFESIONAL DAN PUNYA LOGIKA KINERJA NYA DARIPADA POLISI??!!. 
KALAU MAU BIKIN ALIBI UNTUK MELINDUNGI KELUARGA MANTAN BUPATI HARUS CERDAS... KARENA NITIZEN  CERDAS2. 

https://t.co/EtN3bsyllQ",1804434474035290526,,,in,,0,0,0,https://x.com/M17522147/status/1804434474035290526,891883949571457024,M17522147
1804433572268569003,2024-06-22T08:37:43.000Z,0,"SEMAKIN BANYAK PERLAWANAN RAKYAT TERHADAP POLRI.. 

BAGAIMANA BISA PRESIDEN BISA MEMPERTAHANKAN KAPOLRI KETIKA KEPERCAYAAN RAKYAT TERHADAP KINERJA POLISI SEMAKIN TERJUN BEBAS??!!. 
APAKAH SETORAN KAPOLRI LANCAR PAK PRESIDEN??!!. 

CC : @jokowi

https://t.co/BrGPWC9mwH",1804433572268569003,,,in,,0,0,0,https://x.com/M17522147/status/1804433572268569003,891883949571457024,M17522147
1804321404781023682,2024-06-22T08:12:18.000Z,0,"@txtdrimedia Biadab banget ihh, kesel banget apalagi sama kinerja polisi indo",1804427176994893874,,txtdrimedia,in,,0,0,0,https://x.com/yukkbisaa/status/1804427176994893874,1475298706232463361,yukkbisaa
1804414161163817228,2024-06-22T07:20:35.000Z,1,"ini kinerja polisi jelek banget sihh??!! plis woe korban masi sd, 26 pria??!!!! 
ga tau deh, ga bisa bayangin setrauma apa dia",1804414161163817228,,,in,,0,0,0,https://x.com/juliskazn/status/1804414161163817228,1373324000814788616,juliskazn
1803811080965165454,2024-06-22T06:03:35.000Z,0,"@Yha2n3 @ListyoSigitP ""Kami telah mensurfei 100 orang perwakilan keluarga anggota polisi ,berapa persen tingkat kepercayaan masyarakat terhadap kinerja polisi ? """,1804394784217534861,,Yha2n3,in,,0,0,0,https://x.com/sufi69fitriani/status/1804394784217534861,1677211031221997568,sufi69fitriani
1801494600848413108,2024-06-22T06:02:58.000Z,0,"@niwseir Kayaknya kinerja positif Polisi gak nunggu viral dulu deh buat bertindak, tuh yang di Medan kemaren bukti nyata kalo polisi kerja bener. Polisi bongkar lab rahasia narkoba tanpa heboh dulu, nggak cuma gerak pas viral doang",1804394629657432479,,niwseir,in,,0,0,0,https://x.com/humasrespegubin/status/1804394629657432479,1752707660653486081,humasrespegubin
1804031705579245798,2024-06-22T05:34:00.000Z,0,@5teV3n_Pe9eL @DivHumas_Polri ga bubar Pak? ini udah berapa kali saya mention kinerja polisi ga ada yg beres,1804387341571887307,,P3gEl,in,,0,0,0,https://x.com/Myweebalter/status/1804387341571887307,1206647790064914432,Myweebalter
1804223614113452099,2024-06-22T04:57:02.000Z,4,@5teV3n_Pe9eL Mana kemaren yang ngebanjirin comment gue tentang kinerja baik polisi 😄,1804378036659458136,,P3gEl,in,,0,1,0,https://x.com/kura2giok/status/1804378036659458136,58405028,kura2giok
1804321404781023682,2024-06-22T04:42:35.000Z,3,"@txtdrimedia Viralin kejelekan kinerja polisi terus aja deh kalo kyk gini. Kualitas polisi indo ampas 👎🏻. Brengsek bener kerja gak becus, pdhl ini ada kasus gawat darurat. @ListyoSigitP @DivHumas_Polri",1804374400827035669,,txtdrimedia,in,,0,1,1,https://x.com/zero_absolutee/status/1804374400827035669,1329810110646951936,zero_absolutee
1803681335086817596,2024-06-22T04:32:26.000Z,0,@Aryprasetyo85 Kasus Vina barang bukti di hilangkan oleh polisi memang luar biasa kinerja polisi,1804371845044670487,,Aryprasetyo85,in,,0,0,0,https://x.com/rirang10/status/1804371845044670487,1548628701692121089,rirang10
1804164083887018346,2024-06-22T04:24:00.000Z,1,@DivHumas_Polri Model kaya gini kinerja polisi...masa banyak yang puas...malu atuh pak... https://t.co/oL98P7LbSg,1804369726275280907,https://pbs.twimg.com/media/GQpotA3akAAfn55.jpg,DivHumas_Polri,in,,0,0,0,https://x.com/andriwahyu175/status/1804369726275280907,731391845574434816,andriwahyu175
1804321404781023682,2024-06-22T04:20:06.000Z,0,"@txtdrimedia @ahriesonta kinerja sesungguhnya polisi, kl ada laporan nunggu viral atau ada uang jalannya",1804368743541375487,,txtdrimedia,in,,0,0,0,https://x.com/Polentacheese/status/1804368743541375487,841637296151572482,Polentacheese
1805417575477920227,2024-06-25T15:08:45.000Z,1,"@DS_yantie tangkap lina pak !!! apa apaan itu,mendahului kinerja polisi,mencoreng marwah institusi yang melindungi dan mengayomi masyarakat,semua laporan itu ada SOPnya.
pelanggaran hukum ini,kalo lebih sat set dari pak pol.",1805619142961332606,,DS_yantie,in,,0,0,0,https://x.com/reinkarjanji/status/1805619142961332606,835505027305254913,reinkarjanji
1801494600848413108,2024-06-22T03:30:25.000Z,0,"@arbi7tamara @niwseir Bro, lu bayangin indonesia kalo gaada polisi kyk gimana liarnya, gaada polisi yng tebang pilih, gw yakin sma kinerja polri kok, jadi polisi jugk gasemudah itu buat usut tuntas kejahatan!",1804356240790720821,,arbi7tamara,in,,0,0,0,https://x.com/Kardikardi10/status/1804356240790720821,1243043942192386049,Kardikardi10
1804323007747572141,2024-06-22T01:49:18.000Z,0,"@Heraloebss Menurut survei polisi, kepuasan masyarakat terhadap kinerja polri diatas 80%, emang iyaa ?",1804330793902444871,,Heraloebss,in,,0,2,0,https://x.com/Juna03124460/status/1804330793902444871,1133751860349693952,Juna03124460
1803627535688933754,2024-06-22T00:01:57.000Z,0,@bacottetangga_ Seburuk inikah kinerja polisi? Sampe korbannya sendiri yg turun tangan saking gregetnya sama isilop.,1804303777920618944,,,in,,0,0,0,https://x.com/cucunyatrump/status/1804303777920618944,1308956709155532801,cucunyatrump
1801494600848413108,2024-06-25T02:29:07.000Z,0,"@dawiguna @niwseir Polisi slalu dapa tuduh cuma bgerak kalo depe kasus viral, pdahal mungkin dorang ada cara lain for mo usut tuntas depe kasus. Depe contoh yg di Medan, dorang bongkar lab narkoba rahasia. Banyak kinerja positif dari polisi namun kebanyakan org hanya menyoroti yang negatif saja.",1805427975074332826,,dawiguna,in,,0,0,0,https://x.com/arfiabdi22/status/1805427975074332826,1768466183471419392,arfiabdi22
1806762417147589107,2024-06-28T18:51:42.000Z,2,"Udh w blg polisi indo enak bgt sbnrnya krn pelaku2nya ini demen oversharing tp emg polisi ga bakal gerak kalo gaada laporan jd yaaaah mau gmn lg. Cb dh kita liat kinerja satgas judol, berhasil kgk wkwkwkwk",1806762417147589107,,,in,,0,0,0,https://x.com/Shima_ru/status/1806762417147589107,408447920,Shima_ru
1806759298392846657,2024-06-28T18:39:19.000Z,0,FKB Apresiasi Kinerja Polisi Berhasil Bongkar Judol Jaringan Internasional di Ciamis https://t.co/P5I3SOQKO7,1806759298392846657,,,in,,0,0,0,https://x.com/reportasee/status/1806759298392846657,1081228439825215488,reportasee
1806706233170174387,2024-06-28T15:47:54.000Z,0,"@DraftAnakUnpad Innalilahi, semoga cepet ketemu motornya ya. Saranku lapor segera ya ke polisi, walaupun kita tahu kinerja kepolisian agak sulit. Btw nangor emga gak aman bgt, 3 bulan lalu aku nemenin tmnku laporan ilang hp aja barengan sama cowok lagi laporan ilang motor.",1806716159506735608,,DraftAnakUnpad,in,,0,0,0,https://x.com/asidenton/status/1806716159506735608,4761470929,asidenton
1806554639472451740,2024-06-28T13:28:34.000Z,0,@ARMYofMAHDI1436 hancur pak kinerja Polisi.....😭😭😭,1806681096165478690,,Opposisi6890,in,,0,0,0,https://x.com/TahirDeky12809/status/1806681096165478690,1748334634168131584,TahirDeky12809
1806515654683668519,2024-06-28T10:42:19.000Z,0,"@zer0failed Bubarian sajalah, tiap hari bikin sensasi saja ni institusi ... Yg dimedan jadi DPO yg di sumbar banyak jadi pelanggar mau jadi apa polisi Indonesia udah kayak tai kinerja bya",1806639257559384151,,Lone_Lynx__,in,,0,0,0,https://x.com/rgbungo/status/1806639257559384151,71459427,rgbungo
1806523116631282105,2024-06-28T09:03:18.000Z,0,@kumparan Survey kepuasan kinerja polisi brp ya? 99%??,1806614341128712647,,kumparan,in,,0,0,0,https://x.com/suppakuul/status/1806614341128712647,1551201404274212864,suppakuul
1806584669225591152,2024-06-28T07:07:25.000Z,0,"@mingyugrogol pegang kata² gua, gak sampe 3 bulan dari sekarang bakal ada berita ""survey masyarakat indo akan kepuasan terhadap kinerja polisi republik indon"" 🗿🗿🗿",1806585178313355520,,mingyugrogol,in,,1,0,0,https://x.com/gunnersbald/status/1806585178313355520,823416786,gunnersbald
1806513803716440501,2024-06-28T04:58:16.000Z,0,"@ribonk Lebih percaya dibunuh. Dan kalo liat kinerja polisi kalo nuntut ini pembunuhan, palingan juga random pick kayak case vina 🤷‍♀️",1806552676341330010,,,in,,0,0,0,https://x.com/choansa/status/1806552676341330010,3075192515,choansa
1802906279465394667,2024-06-28T04:05:21.000Z,0,"@okezonenews @bacottetangga_ Mantap pak polisi terus bongkar kasus saya percaya polisi punya kinerja positif yang baik, tanpa pandang bulu👏👏",1806539359547801617,,okezonenews,in,,0,0,0,https://x.com/Erdin9281731999/status/1806539359547801617,1693104235515465728,Erdin9281731999
1801494600848413108,2024-06-28T03:28:16.000Z,0,"@dortapsuermetal @niwseir Lah kok bisa, saya kemarin mobil saya di rental tapi di bawah lari tuh mobil tapi cepat kok dapat nya, saya sih masih percaya banyak polisi dgn kinerja yang positif",1806530027334537667,,dortapsuermetal,in,,0,0,0,https://x.com/Erdin9281731999/status/1806530027334537667,1693104235515465728,Erdin9281731999
1801494600848413108,2024-06-28T03:23:25.000Z,0,"@niwseir Gak deh klu soal harus viral dulu, banyak polisi yang ngungkap kasus lin tapi kenapa gak pernah viral, saya percaya banyak polisi dengan kinerja positif",1806528804485267905,,niwseir,in,,0,0,0,https://x.com/Erdin9281731999/status/1806528804485267905,1693104235515465728,Erdin9281731999
1802906279465394667,2024-06-28T01:35:17.000Z,0,"@okezonenews @bacottetangga_ Salut dengan kinerja polisi yang berhasil tangkap sindikat uang palsu, untung aja ga sempat beredar di masyarakat terimakasih pak polisi",1806501593753473403,,okezonenews,in,,0,0,0,https://x.com/baguspange62650/status/1806501593753473403,1768453000367144960,baguspange62650
1804726834900382144,2024-06-27T20:31:04.000Z,0,@NarasiNewsroom Terimakasih banyaklah pokoknya atas kinerja positifnya polisi ntuk memberantas uang palsu,1806425033910489480,,Shopingyokk,in,,0,0,0,https://x.com/Shopingyokk/status/1806425033910489480,1734717909476532224,Shopingyokk
1802906279465394667,2024-06-27T17:23:02.000Z,0,"@okezonenews @bacottetangga_ Kinerja Polri yang Luar biasa, gas terus pak polisi",1806377711776186757,,okezonenews,in,,0,0,0,https://x.com/AangLukmawan/status/1806377711776186757,1717786114332020736,AangLukmawan
1804726834900382144,2024-06-27T16:36:31.000Z,0,"@NarasiNewsroom Keren pak polisi, uang palsu bisa terungkap hingga 22 M. Emang terbukti ya kinerja polisi itu gak sembarangan. Bravo polri 🔥",1806366009420566555,,NarasiNewsroom,in,,0,0,0,https://x.com/Aldo_sebasti/status/1806366009420566555,1736749354898313216,Aldo_sebasti
1802906279465394667,2024-06-27T16:33:35.000Z,0,"@okezonenews @bacottetangga_ Keren pak polisi, uang palsu bisa terungkap hingga 22 M. Emang terbukti ya kinerja polisi itu gak sembarangan. Bravo polri 🔥",1806365270946238921,,okezonenews,in,,0,0,0,https://x.com/Aldo_sebasti/status/1806365270946238921,1736749354898313216,Aldo_sebasti
1806086828984091011,2024-06-27T14:46:04.000Z,0,"@blackshark7890 daftar polisi bayar ngga sih ,

coba deh masuk jadi polisi, dan merubah kinerja polisi ..",1806338212882964506,,blackshark7890,in,,0,0,0,https://x.com/BebepePriyanto/status/1806338212882964506,377711124,BebepePriyanto
1804726834900382144,2024-06-27T13:43:56.000Z,0,"@NarasiNewsroom Apresiasi buat kinerja polisi yang udah berhasil mengungkap sindikat uang palsu, mantappp pak pol  #PolisiBerantasUangPalsu",1806322575007789250,,NarasiNewsroom,in,,0,0,0,https://x.com/rafaelrohman88/status/1806322575007789250,1701768573428129792,rafaelrohman88
1806254567543230966,2024-06-27T11:23:26.000Z,0,"@tempodotco Survey membuktikan masyarakat puas pada kinerja polisi, tentara dan sipir diatas 80%.",1806287216790126990,,tempodotco,in,,0,0,0,https://x.com/DahatKabuan/status/1806287216790126990,1483847209741594626,DahatKabuan
1807397025631392197,2024-06-30T14:02:02.000Z,2,@Nicho_Silalahi @ListyoSigitP Sangat2 menjijikkan kinerja kalian polisi .,1807414293035631062,,Nicho_Silalahi,in,,0,0,0,https://x.com/BaimBbi/status/1807414293035631062,1578747436600037377,BaimBbi
1807049881972101446,2024-06-30T09:58:34.000Z,1,@geloraco Meengejar doang. Tidak ada usaha menangkap. Apakah masyarakat sudah sebodoh itu untuk mempercayai kinerja polisi?,1807353023993467246,,geloraco,in,,0,0,0,https://x.com/PronadaP49139/status/1807353023993467246,1742328223919398912,PronadaP49139
1807293757336985628,2024-06-30T06:15:03.000Z,1,"@TirtoID Polisi memiliki tiga masalah krusial, seperti kekerasan di tubuh Polri, mulai dari jurnalis, masyarakat sipil bahkan pembunuhan itu tidak pernah diurus,"" ungkap..se urgensi apa sih penambahan kewenangan Polri dr pd mmbenahi kinerja polri itu sndiri wahai Bpk @jokowi @DPR_RI?😏",1807296771909173476,,TirtoID,in,,0,0,0,https://x.com/Fadlipenyair12/status/1807296771909173476,1286557775670042625,Fadlipenyair12
1806640512620974554,2024-06-29T13:27:59.000Z,0,@blowssoms @tauapasysoal @cinnamongirlc skrg yg bilang kinerja polisi bagus siapa emg ada gua bilang begitu? wkwkwkwkwk susah bgt diajak objektif🤭,1807043336001196207,,blowssoms,in,,0,1,0,https://x.com/Luthfiwardana/status/1807043336001196207,1529658852,Luthfiwardana
1807003286245110263,2024-06-29T10:48:50.000Z,5,"Anggota DPRD Sikka Terpilih Tersangka Kasus TPPO Dekati Istri Korban agar Cabut Laporan, Kinerja Polisi Dipertanyakan https://t.co/nFcegEq5CF",1807003286245110263,,,in,,0,0,5,https://x.com/floresadotco/status/1807003286245110263,2411986316,floresadotco
1801494600848413108,2024-06-29T10:22:05.000Z,0,"@niwseir Kinerja Polisi sangat bagus loh, Contonya polisi yang tugas di papua itu sangat ramah"" dan cepat banget merespon laporan dari masyarakat",1806996553523196377,,niwseir,in,,0,0,0,https://x.com/Michael58Offic1/status/1806996553523196377,1543622991065804800,Michael58Offic1
1801494600848413108,2024-06-29T10:17:39.000Z,0,"@arbi7tamara @niwseir Polisi Pnya kinerja yang Positif tpi cuma gak di publis aja, dan ketiga lagi ada yg viral di hajar tu habis habisan",1806995436248686877,,arbi7tamara,in,,0,0,0,https://x.com/Michael58Offic1/status/1806995436248686877,1543622991065804800,Michael58Offic1
1806852112904826905,2024-06-29T09:56:47.000Z,43,"@MohammadKhafid3 Citra polisi kok makin rusak,tapi disurvey kinerja membaik",1806990188901716455,,MohammadKhafid3,in,,1,2,1,https://x.com/JuneslyPan69244/status/1806990188901716455,1715158844639514624,JuneslyPan69244
