conversation_id_str,created_at,favorite_count,full_text,id_str,image_url,in_reply_to_screen_name,lang,location,quote_count,reply_count,retweet_count,tweet_url,user_id_str,username
1864257258730999886,2024-12-04T21:36:42.000Z,3,@Munknmb @inicacaayaa @intanLSR @A121F5M43 @mba_koyu @Gerindra @prabowo Berati rakyat harus jadi polisi dulu bang kalau mau nilai kinerja polisi?,1864423609395298467,,,in,,0,0,0,https://x.com/jumppingpopping/status/1864423609395298467,1180050205808349184,jumppingpopping
1864298649691541844,2024-12-04T21:30:23.000Z,0,"@BosPurwa DPR juga lagi ikut² cari panggung, seolah² mengkritik kinerja polisi TNI padahal hanya kode ""hmmmm"" untuk meloloskan revisi UU TNI dan UU POLISI.",1864422018437026134,,BosPurwa,in,,0,0,0,https://x.com/Sasmo_kliwon/status/1864422018437026134,1162698397,Sasmo_kliwon
1864295943199445498,2024-12-04T14:50:15.000Z,13,"@kegblgnunfaedh Kalo mempertanyakan kinerja polisi ya wajar banyak masyarakat trust issue, tapi jangan sampai victim blamming dulu sampai ketemu titik terangnya. Mau bagaimanapun kita berpihak sama korban aja dulu.",1864321322240942295,,billie9eulis,in,,0,1,1,https://x.com/billie9eulis/status/1864321322240942295,1144077885465980928,billie9eulis
1864215730448945164,2024-12-04T11:36:07.000Z,0,"@NarasiNewsroom Mungkin pak @ListyoSigitP  bisa menjelaskan,atau mw ikut melindungi demi citra polisi????

Pak @prabowo mungkin bisa melihat kinerja kepolisian dbawah kepemimpinan @ListyoSigitP",1864272468665593973,,NarasiNewsroom,in,,0,0,0,https://x.com/try100889/status/1864272468665593973,751040460798525441,try100889
1864137923509276865,2024-12-04T11:22:57.000Z,0,"@dydyaa2 @geloraco Semoga ada kbr selanjutnya Polisi tembak KORUPTOR"" di Negeri ini. 
Pasti seluruh RAKYAT INDONESIA akan bangga sekali atas Kinerja Polisi dengan MENEMBAK MATI KORUPTOR.
Karena KORUPTOR adalah PENGKHIANAT BANGSA serta MUSUH UTAMA RAKYAT dan NEGARA !!",1864269156079768014,,dydyaa2,in,,0,0,0,https://x.com/restoe61311/status/1864269156079768014,1841856853036417024,restoe61311
1863552967305261271,2024-12-04T08:04:25.000Z,0,"@KompasTV Ada ngga ada kasus ini, masyarakat itu sudah sangat tahu kinerja polisi seperti apa..",1864219191374696959,,KompasTV,in,,0,0,0,https://x.com/dafif_p/status/1864219191374696959,1667569007065702400,dafif_p
1864169514264613321,2024-12-04T06:16:14.000Z,14,"@VIVAcoid ya ini kerja jurnalis kayanya ya
walaupun kalian mungkin gk percaya kinerja polisi
setidaknya kalian masih bisa percaya kinerja jurnalis
gw juga gitu si lebih percaya keterangan jurnalis daripada polisi",1864191966730440877,,buruburu012,in,,0,2,0,https://x.com/buruburu012/status/1864191966730440877,1638487135383846912,buruburu012
1863807259501027557,2024-12-04T06:03:13.000Z,1,"@JhonSitorus_18 Perlu menaturalisasi polisi dari negara eropa, jepang dan korea kayaknya, 
PSSI bayar gaji besar naturalisasi pemain kelihatan ada peningkatan prestasi, besar kemungkinan kinerja polri meningkat kalau pakai polisi naturalisasi",1864188690882547894,,JhonSitorus_18,in,,0,2,1,https://x.com/ReinhadPar/status/1864188690882547894,1517909681855135744,ReinhadPar
1863829757499949471,2024-12-04T04:19:40.000Z,0,@V3g3L kinerja polisi? tau sendiri lah...,1864162632250609690,,P3gEl,in,,0,0,0,https://x.com/JulianLowo/status/1864162632250609690,376188254,JulianLowo
1864064660884115855,2024-12-04T03:15:14.000Z,0,"@hipohan @ListyoSigitP Kepala nya bukannya Kapolri 🙏
Maka dr itu sebaiknya pak Kapolri bersih² d internal nya, ganti kepala² polisi di seluruh Indonesia yg mengindikasikan kinerja yg buruk anggota nya masing²...",1864146414907084981,,hipohan,in,,0,0,0,https://x.com/fendy_070L/status/1864146414907084981,81632810,fendy_070L
1864116101401202905,2024-12-04T03:02:52.000Z,1,"@its_OnlyMe28 Merusak citra kinerja polisi bgt
Dimana² ada laporan itu ditindak lanjuti, olah TKP dsb cari bukti kalo bukti sdh mndukung baru bisa dijadikan tersangka,, ini  main tangkap aja hanya bds laporan agent+rangga",1864143302242812415,,its_OnlyMe28,in,,0,0,0,https://x.com/LLU3688/status/1864143302242812415,1701505572347297793,LLU3688
1863931690126905497,2024-12-04T00:20:59.000Z,0,"@bacottetangga__ ""Aksi heroik""🗿.ada polisi jalanin tugasnya aja sampai diblg aksi heroik.sebobrok itukah kinerja polisi.",1864102563836252439,,Goonddrong,in,,0,0,0,https://x.com/denis_zonrembo/status/1864102563836252439,976099508940517376,denis_zonrembo
1864080169234997553,2024-12-03T22:51:59.000Z,1,"Pejabat negara, pejabat daerah, PNS kroco, polisi, tentara, termasuk staff khusus itu digaji dari pajak yang warga bayar.

Sebagai orang yg ikut andil ngegaji mereka wajar donk kalau mengkritik kinerja mereka termasuk perilaku mereka terhadap warga",1864080169234997553,,,in,,0,0,0,https://x.com/Lucifuriousz/status/1864080169234997553,1667489391231774720,Lucifuriousz
1863778418137125005,2024-12-03T18:23:29.000Z,0,@SINDOnews @JhonSitorus_18 Bapak PRESIDEN yg terhormat @prabowo mau sampe kapan maayarakat percaya ke POLISI dan sampe kapan warga merasa senang akan kinerja POLISI..ganti KAPOLRI BARU pak @ListyoSigitP semakin hari kinerja mrka buruk di masyarakat..ganti kalpori..masih banyak kapolri yg jujur,1864012595646320999,,SINDOnews,in,,0,0,0,https://x.com/ahmeddd57/status/1864012595646320999,1207222279056195584,ahmeddd57
1863814233596850382,2024-12-03T16:09:28.000Z,2,"@JhonSitorus_18 Polisi era skrg lemah iman nya dan lemah jiwa nya.... semoga pak @prabowo ada perhatian lebih, supaya polri bisa mmprbaiki dan meningkatkan kinerja serta bukan skdar pengaman tapi mampu jadi tauladan d seluruh jajarannya",1863978871764451742,,JhonSitorus_18,in,,0,1,1,https://x.com/FerryBabang/status/1863978871764451742,2277234836,FerryBabang
1863956751663653159,2024-12-03T14:41:34.000Z,0,mereka yang kenak scam lebih percaya sama kekuatan netijen daripada kinerja Polisi,1863956751663653159,,,in,,0,0,0,https://x.com/hyonkkyu/status/1863956751663653159,1790591658192764928,hyonkkyu
1863825645438198021,2024-12-03T14:00:13.000Z,0,@DivHumas_Polri Alangkah baiknya perbaiki kinerja polisi,1863946342239989907,,DivHumas_Polri,in,,0,0,0,https://x.com/bendolganteng/status/1863946342239989907,1276876868340203520,bendolganteng
1863946057497088230,2024-12-03T13:59:05.000Z,0,Kinerja polisi memang sangat aneh,1863946057497088230,,,in,,0,0,0,https://x.com/edybudianto77/status/1863946057497088230,3546875834,edybudianto77
1863789472074375479,2024-12-03T13:05:02.000Z,0,"@CNNIndonesia Membela personil itu bagus tapi tentu saja yg dibela personil yg bekerja baik bukan yg bekerja bajingan
Jika tak viral ini kasus pasti akan menguap nyawa Gamma melayang sia2
Kinerja polisi harus dipantau terus, kepolisian diujung tanduk harus segera ada penggantian Kapolri",1863932454685589979,,CNNIndonesia,in,,0,0,0,https://x.com/Aa363738/status/1863932454685589979,1086555366807068672,Aa363738
1863789472074375479,2024-12-03T12:54:30.000Z,0,"@CNNIndonesia Kembalikan Polisi di bawah Kementerian Dalam Negeri, kurangi Personil. Banyak Polisi terbukti tidak berbanding lurus dengan kinerja",1863929805349306454,,CNNIndonesia,in,,0,0,0,https://x.com/Javatronica/status/1863929805349306454,1700394481521172480,Javatronica
1863874263419396336,2024-12-03T11:27:05.000Z,0,@Mdy_Asmara1701 Baru tahu ya.. Kasian deh.. 🤣🤣🤣w sering banget melihat beginian kl pagi2 ngatur jalan.. Maka y lebih baik kinerja kang ogah kl ngatur jalan dibandingkan polisi.. Itu fakta krn setelah selfie langsung ngeloyor ngopi.,1863907805134299423,,Mdy_Asmara1701,in,,0,0,0,https://x.com/iskan45v/status/1863907805134299423,1241596438561181696,iskan45v
1863899986389524590,2024-12-03T10:56:00.000Z,0,"Terus kemarin gelar konferensi pers katanya ada tawuran? 
Sampe rekayasa barang bukti sajam itu cuma akting pak? 

Kinerja polisi itu gimana sih? Emang gak nyari bukti dulu baru klarifikasi? 
Makin buruk deh citra polisi di mata masyarakat https://t.co/h3wBYELHlk",1863899986389524590,https://pbs.twimg.com/media/Gd3nJx3a0AAgE02.jpg,,in,,0,0,0,https://x.com/speachace/status/1863899986389524590,1862760085,speachace
1863620844204999142,2024-12-03T10:18:45.000Z,0,"@mtusuga @ramydhia Rill, emang luar biasa kinerja Polisi Amerika Serikat",1863890611138605475,,mtusuga,in,,0,0,0,https://x.com/aeskzcore/status/1863890611138605475,1590141090002149377,aeskzcore
1863745355814510997,2024-12-03T10:07:22.000Z,1,@ronin4711 @geloraco @DivHumas_Polri Kinerja polisi @DivHumas_Polri di bawah kepemimpinan @ListyoSigitP emang pada kocak semua 🤣🤣🤣🤣🤣🤣🤣,1863887745795678375,,ronin4711,in,,0,0,0,https://x.com/Maz_Ssyamsul/status/1863887745795678375,1827577832782143488,Maz_Ssyamsul
1863845552276058132,2024-12-03T10:02:55.000Z,0,@zenrs Bisa ga yah kewenangan polri dlm hal penegakan hukum &amp; senpi di cabut gitu? Kasih penegakan hukum ke lembaga lain &amp; hanya ijinkan polisi khusus aja yg pegang senpi atau paling ga yg sudah lulus tes mental dgn lembaga yg kompeten. Muak lama² sama kinerja polri lama²,1863886624477913469,,,in,,0,0,0,https://x.com/mister_felix14/status/1863886624477913469,628347865,mister_felix14
1863589441484607555,2024-12-03T08:50:37.000Z,0,@DoankWarto sebenar nya pindah pindahin Polisi gak akan memperbaiki kinerja mereka selama Pimpinan nya  tidak kredibel,1863868431252222067,,DoankWarto,in,,0,0,0,https://x.com/FollowingSeaz/status/1863868431252222067,1415247010312069124,FollowingSeaz
1863815268465819980,2024-12-03T08:35:25.000Z,2,@kegblgnunfaedh Apakah kalian puas dengan kinerja polisi,1863864605338124735,,kegblgnunfaedh,in,,0,0,0,https://x.com/haloiyas/status/1863864605338124735,1282157749132902403,haloiyas
1863746235519341059,2024-12-03T08:33:24.000Z,0,"@V3g3L Seharusnya setiap anggota polisi Indonesia dievaluasi kinerja dan kejiwaan mereka, terutama menyangkut beban keluarga ataupun beban pikiran mereka.
Gunanya untuk menjadikan anggota polisi lebih sehat bekerja dan bermasyarakat atau keluarga nya, terutama dalam institusi nya.",1863864099828093127,,P3gEl,in,,0,0,0,https://x.com/BangKandar79859/status/1863864099828093127,1652026007606689792,BangKandar79859
1863652801873862914,2024-12-03T08:27:27.000Z,0,@alhafff @lord_kobra Sebenarnya yg busuk rakyatnya. Ngatain polisi jelek kinerja buruk tp kalau nyalon tetep dipilih dan menang wkwkwkwk.,1863862599601000535,,alhafff,in,,0,0,0,https://x.com/saminkarto/status/1863862599601000535,554927849,saminkarto
1863857455547187386,2024-12-03T08:07:01.000Z,0,"Orang-orang udah capek dan NGGAK PERCAYA sm kinerja polisi, even mereka sampe mempertanyakan kebenaran dan logika karena udah trust issue 😂 kayak... Logika kita dimainin mulu anjir even hal di luar nalar tuh bisa terjadi 🥲🤡🤡",1863857457359118538,,fawdiefy,in,,0,1,0,https://x.com/fawdiefy/status/1863857457359118538,1086047659054399488,fawdiefy
1863806305217163457,2024-12-03T07:34:11.000Z,0,@CNNIndonesia kok makin ke sini makin goblok aja kinerja polisi @DivHumas_Polri @ListyoSigitP,1863849195477827742,,CNNIndonesia,in,,0,0,0,https://x.com/HSyahbani23088/status/1863849195477827742,1822633914730725376,HSyahbani23088
1863808267786547689,2024-12-03T04:51:33.000Z,0,Untuk formalitas lapor polisi dan bikin surat kehilangan. Terus cari tuh motor di grup fb jual/beli motor bekas. Upayakan untuk tatap ikhlas dan tidak disarankan berharap dgn kinerja pak pulici karena GAK BAKALAN DICARI!!! (Berdasarkan pengalaman pribadi),1863808267786547689,,,in,,0,0,0,https://x.com/inifadya/status/1863808267786547689,1332550489167126528,inifadya
1863789945032495214,2024-12-03T03:38:45.000Z,0,"Polisi yg profesional, yess. Tp ngedorong berada di bawah institusi lain krn sentimen politik yg berlebihan, no. Basisnya hrs kinerja. Lagian dulu ngapain aje?",1863789945032495214,,,in,,0,0,0,https://x.com/_Pi2nG/status/1863789945032495214,194077091,_Pi2nG
1863775430551240998,2024-12-03T03:19:50.000Z,0,"@jedefort WKWKWK GIMANA YA, iya 🤗 Sampai ngebahas kasus-kasus baru yang berhubungan sama kinerja polisi. Tapi tetep aja ujungnya masyarakat bakalan tetep butuh adanya polisi, mau gak mau meski gak terpercaya",1863785187047518364,,jedefort,in,,0,1,0,https://x.com/flowibbie/status/1863785187047518364,1504290813316313089,flowibbie
1863552967305261271,2024-12-03T02:56:15.000Z,0,@KompasTV Mungkin partai coklat emang sengaja dibuat sprti ini oleh rezim Mulyono spy rakyat sibuk membenci Polisi dan lupa kinerja penguasa yg memeras rakyat lewat pajak.,1863779250815615193,,KompasTV,in,,0,0,0,https://x.com/123P4566/status/1863779250815615193,3329029736,123P4566
1863775430551240998,2024-12-03T02:41:04.000Z,0,Kelas pagi ini diskusi soal kinerja polisi. Terus ujungnya pada ribut WKWKWK,1863775430551240998,,,in,,0,1,0,https://x.com/flowibbie/status/1863775430551240998,1504290813316313089,flowibbie
1863769813577052461,2024-12-03T02:18:45.000Z,2,"ASN Polda Sumsel Menggelar Acara Syukuran Peringati Hari Ulang Tahun Kopri ke 53

ASN Polda Sumsel menggelar acara syukuran dalam rangka memperingati Hari Ulang Tahun (HUT) Korpri ke-53 di Auditorium Lanta VII Mapolda Sumsel, Jalan Jenderal Sudirman Palembang Senin,(2/12/2024). https://t.co/IbJbSAV69U",1863769813577052461,https://pbs.twimg.com/media/Gd1wl4-agAAUx6z.jpg,,in,,0,0,1,https://x.com/sumsel_polda/status/1863769813577052461,1463305353773289477,sumsel_polda
1863765811992887628,2024-12-03T02:02:51.000Z,8,"Mulai marak gagasan terkait kinerja Polri. Ini salah satu ekspresi hal tsb, yg tentu memicu perdebatan. Tapi pd intinya masy mulai khawatir kpd Polisi. Ironis. Krn ukuran keberhasilan Polri adalah senyaman apa masy dg kehadiran Polisi. Semoga dipikirkan.
 https://t.co/7FDgU1JG1R",1863765811992887628,,,in,,0,3,3,https://x.com/MartinusButarb1/status/1863765811992887628,1301052979852619777,MartinusButarb1
1863568787511083259,2024-12-03T01:40:04.000Z,0,"@Heraloebss Menetapkan seseorang sebagai tersangka.. apalagi hanya berdasarkan cerita
.. tanpa adanya bukti.
Saya tidak membela korban hanya saja saya sudah muak dengan kinerja polisi..
Polisi bisa membuat pernyataan apa saja membuat barang bukti palsu asalkan ada uang untuk mereka..",1863760078048002457,,Heraloebss,in,,0,0,0,https://x.com/Abdurro46054381/status/1863760078048002457,1341542222404100097,Abdurro46054381
1863007311570309593,2024-12-02T21:27:09.000Z,0,"@geloraco Polisi kok bisa independent !!

Partai yg ini pasti memihak siapa yg kasih uang terbanyak !
Kek pada gk ngerti aja kinerja Partai coklat ini gmn.",1863696430910803995,,geloraco,in,,0,0,0,https://x.com/AzizHidayat28/status/1863696430910803995,1682902327727095809,AzizHidayat28
1863559655085228435,2024-12-02T20:43:32.000Z,0,@JhonSitorus_18 Yg ada polisi RZ mabuk jalam sempoyongan sampai jatuh sendiri dan tidak ada tawuran seperti yg disampaikan oleh jajaran Polresta Semarang dg barbuk. Utk menjaga marwah kepolisian mohon evaluasi kinerja Kapolresta Semarang @DivHumas_Polri @ListyoSigitP,1863685452601102606,,JhonSitorus_18,in,,0,0,1,https://x.com/indah_suwondo/status/1863685452601102606,1638814473476612096,indah_suwondo
1862966920573763929,2024-12-02T15:05:11.000Z,0,"@trieslove88 @prabowo 3. Memberantas salam tempel saat operasi resmi
4. Membantu menakar kinerja polisi dilapangan 
5. Memberi efek psikologis kepada polisi agar tidak bertindak gegabah.",1863600306111816118,,drownedmantis,in,,0,0,0,https://x.com/drownedmantis/status/1863600306111816118,1696196671464767490,drownedmantis
1863581047604355259,2024-12-02T13:48:40.000Z,107,"Dear Pak @ListyoSigitP , angkut 1 polres plus atasan langsungnya.
Di momen Pak Presiden @prabowo bangga dengan capaian Kabinet, mosok kinerja polisi begini terus?",1863581047604355259,,,in,,0,1,56,https://x.com/NephilaXmus/status/1863581047604355259,62764588,NephilaXmus
1863580474549088623,2024-12-02T13:46:23.000Z,57,"Desember
CCTV yg diterima Narasi ttg kasus Gamma (17), paskibra SMK Semarang yg ditembak mati polisi tanpa slide tawurannya spt tuduhan Wercok

Parcok terpuruk akibat kinerja amburadul yg sering rekayasa n kriminalisasi

Gamma tinggal bersama nenek di Semarang. Ibunya sdh wafat https://t.co/PUDVIOJ6EV",1863580474549088623,https://pbs.twimg.com/ext_tw_video_thumb/1863580228272140288/pu/img/bkFWc6AKp6jB6VHt.jpg,,in,,1,2,21,https://x.com/joe_pride888/status/1863580474549088623,1355098085844606981,joe_pride888
1863373148051366045,2024-12-02T13:29:32.000Z,3,"@kompascom Semakin nyata klo Kinerja Polisi itu lucu bgt, di kasus Sambo Sang eks Kapolres (Jaksel)naik pangkat jadi Brigjen

iya kan Pak @ListyoSigitP 

Cc : Polisi Indonesia lumayan Lucu, Masyarakat terhibur ngak yaaaa 😊😆",1863576236091695559,,kompascom,in,,0,1,1,https://x.com/RWati65/status/1863576236091695559,1484472727142486019,RWati65
1863552967305261271,2024-12-02T13:21:59.000Z,4,"@KompasTV Polisi blm tetapkan Pelaku penembakan Pelajar SMK SEMARANG....

semakin lucu saja kinerja Polisi
iya ngak Pak @ListyoSigitP 

😊😊",1863574334633365926,,KompasTV,in,,0,3,1,https://x.com/RWati65/status/1863574334633365926,1484472727142486019,RWati65
1863574108094808209,2024-12-02T13:21:05.000Z,1,"gue tau bos gue teriak2 nangis2 di kantor, gue kasian jadi gue jaga rahasia dan aib dia dengan erat.

eh pas penilaian kinerja ternyata nilai gue diturunin sama bos gue, ya gue dendam! yaudahlah gue sebar INFO sekantor KALO SUAMINYA DIA ILANG DITANGKEP POLISI WKWKWKWKWKWKWKWK",1863574108094808209,,,in,,0,2,0,https://x.com/ultrafenq/status/1863574108094808209,1662051739,ultrafenq
1863545133821739124,2024-12-02T13:12:27.000Z,0,@NarasiNewsroom @ListyoSigitP Bobrok bgt kinerja polisi,1863571935378174148,,NarasiNewsroom,in,,0,0,0,https://x.com/SakKare03445445/status/1863571935378174148,1456820658168492036,SakKare03445445
1863468231786365383,2024-12-02T11:47:32.000Z,0,"@abdillahazka506 @kegblgnunfaedh Oke. Ini masih juga nyari2.
Untuk awalan ini, aku percaya dulu kinerja polisi. Aku yakin netizen lain juga banyak yg cari2 info tambahan",1863550564040319259,,abdillahazka506,in,,0,0,0,https://x.com/Earthquakesale/status/1863550564040319259,1560433279399911424,Earthquakesale
1863185432907039026,2024-12-02T11:27:41.000Z,0,@DivHumas_Polri dulu wktu masih kecil cita citaku pingin jdi polwan tpi lihat kualitas dan kinerja polisi yg sanggat buruk jdi  gk minat untuk keluargaku jdi masuk kepolisian,1863545568615969184,,DivHumas_Polri,in,,0,0,0,https://x.com/SetFeny/status/1863545568615969184,1579698300886077440,SetFeny
1863525240816758811,2024-12-02T10:07:02.000Z,3,"Melihat kinerja polisi yg akhir2 ini terjun bebas, ga heran sebagai netizen akhirnya kita menjadi pesimis.

Ucapan2 dari pak polisi terdengar meragukan. Tapi berkaca dari kasus lain, mungkin baiknya kita lihat saja perkembangan kasus ini.",1863525274518007868,,pikpikripik,in,,0,1,1,https://x.com/pikpikripik/status/1863525274518007868,1744699901462843392,pikpikripik
1863042120497635354,2024-12-02T07:57:30.000Z,0,"@ListyoSigitP bgm pak, kinerja polisi di tuduh cawe2 dlm pemilu oleh politisi ???",1863492677188419866,,ListyoSigitP,in,,0,0,0,https://x.com/pangsiong85/status/1863492677188419866,1458297548188229634,pangsiong85
1862761827794657650,2024-12-02T07:37:06.000Z,0,@DivHumas_Polri Selamat ulang tahun Korpri! Terima kasih sudah terus mendukung kinerja bapak polisi dan kakak polwan di lapangan.,1863487542328230015,,DivHumas_Polri,in,,0,0,0,https://x.com/Stephy_loves/status/1863487542328230015,314239419,Stephy_loves
1863469471169692081,2024-12-02T06:28:26.000Z,0,"@vanc1Bozz @Gerindra @prabowo Bro. Gimana ini kasus agus buntung.
Penjelasan polisi ini janggal buat diterima, tapi takut juga kalau gk percaya pada kinerja polisi. Wkwkw https://t.co/gXinpxZzkW",1863470259770155279,https://pbs.twimg.com/media/GdxgUZxaUAAtXWe.jpg,vanc1Bozz,in,,1,0,0,https://x.com/Earthquakesale/status/1863470259770155279,1560433279399911424,Earthquakesale
1863430511525548232,2024-12-02T03:50:29.000Z,1,"#MendesakGantiKapolri 
Parcok (partai coklat alias polisi) kembali disorot sehubung kinerja yg tdk lagi netral dlm mengemban tugas, polisi seperti menjadi alat kekuasaan pemerintahan yg berkuasa, petinggi institusi polri seakan tersandra dlm lingkaran kekuasaan,.",1863430511525548232,,,in,,0,0,1,https://x.com/jojoe_gaza/status/1863430511525548232,615466002,jojoe_gaza
1863422929410871446,2024-12-02T03:40:42.000Z,0,@txtdrimedia Polisi dan kinerja baik &amp; berkeadilan adalah hal yang nyaris mustahil disatukan.,1863428048227602542,,txtdrimedia,in,,0,1,0,https://x.com/proletarsusah/status/1863428048227602542,1175777067322884096,proletarsusah
1863185627258470793,2024-12-02T01:48:04.000Z,1,"@bonapasogit24 @DivHumas_Polri @ListyoSigitP Selama saya berhadapan dengan polisi, pada nir etika dan arogan. Saya di anggap penjahat sama mereka karena berani speak up kebobrokan kinerja dan moral mereka. Bagi saya penjahat yang sebenarnya adalah polisi. Mereka berani memplintir hukum dengan mengatasnamakan hukum . https://t.co/bdxfaN0gjc",1863399704278765729,https://pbs.twimg.com/media/GdwgJrvakAAkhUf.jpg,TiurWahyuni,in,,0,1,1,https://x.com/TiurWahyuni/status/1863399704278765729,1364531709815918593,TiurWahyuni
1863389503068750073,2024-12-02T01:26:29.000Z,1,"@unilubis @IDNTimes Ooh ini yg kata PKS kinerja kepolisian lebih baik di bawah presiden, biar polisi yg kek gitu naik jabatan 😅

https://t.co/9lwu8ufzKI",1863394274790019497,,unilubis,in,,0,0,0,https://x.com/DS_yantie/status/1863394274790019497,1374686160748830724,DS_yantie
1863112951923909068,2024-12-01T22:28:37.000Z,0,"@dhemit_is_back @Humas_PoldaNTB Kalo tersangka memang salah maka Nama ""Agus"" yang semakin jelek. 

Kalo korban memang benar maka kinerja polisi disini diacungi jempol, lumayan memperbaiki nama baik.",1863349513068667143,,dhemit_is_back,in,,0,0,0,https://x.com/JulianPutra25/status/1863349513068667143,448722134,JulianPutra25
1863307496762524093,2024-12-01T19:41:40.000Z,0,"Ketua Komisi III DPR sebut kinerja Kapolres Semarang perlu dievaluasi buntut insiden polisi tembak siswa

Baca selengkapnya disini https://t.co/XNT4n8CkLc https://t.co/UljcjXiKTZ",1863307496762524093,https://pbs.twimg.com/media/GdvMShbaIAAVlfq.jpg,,in,,0,0,0,https://x.com/xmedofficial/status/1863307496762524093,1806257097807659008,xmedofficial
1864336969142272299,2024-12-04T15:52:25.000Z,42,"Menteri HAM tapi ditanya pelanggaran HAM yang dilakukan polisi di Semarang, yang nanya malah disembunyikan dari kolom reply. Yang dulu paling berisik ngomongin kinerja pemerintah tapi ketika udah menjadi bagian dari pemerintahan itu sendiri, kenapa mendadak 'tolol' sih? https://t.co/9KjObAQv5n",1864336969142272299,https://pbs.twimg.com/media/Gd90lxAa0AIrYfk.jpg,,in,,0,4,26,https://x.com/halleluhellyeah/status/1864336969142272299,2171316356,halleluhellyeah
1862881133110702217,2024-12-01T14:05:12.000Z,0,"@arwidodo Efek kinerja profesional polisi:
-Korupsi hilang 
-Narkoba hilang 
-Judi lenyap 
-Money loundry lenyap 
-keamanan terjamin 
-Hukum adil 
-Lebih utama lg,hilang budaya sogok TAPI
It terjadi dikepolisian Jepang,China Finlandia,
BUKAN di India,Pakistan,Bangladesh n ... (isi sendiri)",1863222821171929309,,arwidodo,in,,0,0,0,https://x.com/Halilintar5758/status/1863222821171929309,1543466213027631105,Halilintar5758
1862838139536208265,2024-12-01T12:42:44.000Z,0,"@kegblgnunfaedh Ada 2 kemungkinan, apakah si wanita yang ingin memeras atau mmg si pria yang berencana mengajak berhubungan. 
Polisi harus menyelidiki secara profesional kalo tidak maka kinerja polisi sgt diragukan",1863202069630616017,,kegblgnunfaedh,in,,0,0,0,https://x.com/ajii001/status/1863202069630616017,3219986712,ajii001
1863007311570309593,2024-12-01T11:30:37.000Z,1,"@geloraco Apanya yg independen, lah kerjanya msh dikendalikan presiden, rakyat SDH muak dgn kinerja polisi selama ini, brutal TDK sesama institusi SM rakyat jg main tembak.",1863183919207895540,,geloraco,in,,0,0,0,https://x.com/ArdiKuncoro_/status/1863183919207895540,1457011791116967941,ArdiKuncoro_
1863131478554796265,2024-12-01T11:00:21.000Z,0,@zikhtiar1 @DivHumas_Polri Surveynya bayaran dan tekanan jelas terbuka semua rakyat tidak puas kinerja polisi kita studi lembaga i independen saja tempatkan polisi paling korup adalah polisi indo,1863176305107411420,,zikhtiar1,in,,0,0,0,https://x.com/OktavianaAnton/status/1863176305107411420,1155129030024105985,OktavianaAnton
1862822921422696515,2024-12-01T09:54:02.000Z,0,"@ianeldoger @hnirankara Ga semua warga jateng, dtmpt gw menang 01 krn tau kinerja polisi kek gtu
Jateng bagian barat sm pantura noh yg menangin 02",1863159616156344461,,ianeldoger,in,,0,0,0,https://x.com/Rynnn_Aphrodite/status/1863159616156344461,1316635397133234176,Rynnn_Aphrodite
1862862511353073902,2024-12-01T09:28:44.000Z,0,"@Beritasatu Ini namanya merendahkan kinerja aparat.
Korban pembunuhan mutilasi tanpa identitas aja pelakunya mudah banget ditangkap polisi apalagi ini penjahat yang jelas2 ada identitasnya. Pake sayembara segala dah kaya jama kerajaan. Apa sekarang memang zaman kerajaan?",1863153245440692637,,Beritasatu,in,,0,0,0,https://x.com/FANZMOHAMMAD/status/1863153245440692637,176392139,FANZMOHAMMAD
1863025113991729556,2024-12-01T07:47:28.000Z,0,"@chanluv97 @IceCreeeeaaaaam @bacottetangga__ Ya emang lu tau keadaan saat kejadian gimana? Ini kasus harus ditanganin khusus, biarin polisi kerja, ada consent apa ngga? Emang kinerja polisi lg jelek, tp mbok ya ditunggu dulu",1863127764435603700,,chanluv97,in,,0,0,0,https://x.com/TahananAzkabn/status/1863127764435603700,1794138492248997888,TahananAzkabn
1862838139536208265,2024-12-01T05:38:34.000Z,0,@kegblgnunfaedh Bahkan hal yg kaya beginipun polisi gabisa lo pakai logikanya mereka. Separah itukah kinerja otak mreka ya tuhan gatau lagi dah,1863095324908413368,,kegblgnunfaedh,in,,0,0,0,https://x.com/archangell__/status/1863095324908413368,94543673,archangell__
1862815085804282170,2024-12-01T03:21:06.000Z,0,"@dhemit_is_back Lah ya kalau beneran kerja mah masyarakat juga tau lah. Gak akan asal protes. Banyak kok kinerja polisi yg dipuji juga. Salah ya salah, benar ya benar.",1863060729982505377,,dhemit_is_back,in,,0,0,0,https://x.com/sweetapril2010/status/1863060729982505377,1844763275461890049,sweetapril2010
1865449490871918983,2024-12-07T17:33:11.000Z,0,"Up pak @ListyoSigitP @DivHumas_Polri @PropamPMJ perlu Di tidak lanjuti lagi ini.
kinerja polisi di tingkat Polres/Polda !
Mesti diperbaharui semua, mana yang bisa kerja dan mana yang perlu di Ganti personil polisi!",1865449490871918983,,,in,,0,0,0,https://x.com/anoe_freelance/status/1865449490871918983,357730794,anoe_freelance
1864641308897546658,2024-12-07T05:02:33.000Z,0,@antaranews inilah klo jalur masuknya pada gak bener pasti kinerja juga gak bener.. plis stop terima polisi lewat suap2,1865260588487840226,,antaranews,in,,0,0,0,https://x.com/XboxQuest27/status/1865260588487840226,1718864013009047552,XboxQuest27
1864606311914283051,2024-12-06T18:00:51.000Z,0,@NarasiNewsroom Keren banget aku suka banget sama kinerja polisi jepang,1865094064691110341,,NarasiNewsroom,in,,0,0,0,https://x.com/nuggetdimakan/status/1865094064691110341,1082302478,nuggetdimakan
1865069207727280386,2024-12-06T16:22:05.000Z,0,"Demokrasi --&gt; Supremasi Sipil

Keamanan, penegakan hukum: Domain kepolisian

Diberikan kewenangan penuh malah menunjukkan penurunan kinerja, lebih buruk makin kehilangan integritas

Ide terburuk: Polisi dikembalikan ke TNI

Salah siapa?

@prabowo @gibran_tweet @ListyoSigitP 🇲🇨🔥",1865069207727280386,,,in,,0,0,0,https://x.com/abgmbg/status/1865069207727280386,1591241319900647424,abgmbg
1864943537068085590,2024-12-06T15:59:39.000Z,0,"@04_zainal @ListyoSigitP kinerja polisi makin bagus pak , gus miftqh sdh mundur kapan anda mundur?",1865063565159494090,,,in,,0,0,0,https://x.com/La21921Lalane/status/1865063565159494090,1717981323451838464,La21921Lalane
1864910972319863005,2024-12-06T09:12:46.000Z,0,@tempodotco issuenya kinerja polisi yg disuruh warga sipil,1864961166696681854,,tempodotco,in,,0,0,0,https://x.com/rioagussetiawan/status/1864961166696681854,156587771,rioagussetiawan
1864901327631102067,2024-12-06T05:14:59.000Z,0,"Apa kabar @kompolnas_ri 
Kinerja Polri padat kritikan dari publik...Ayo selamatkan citra Polisi dinegri ini...",1864901327631102067,,,in,,0,0,0,https://x.com/AnasisFeri/status/1864901327631102067,1411709087532781572,AnasisFeri
1864605019041091635,2024-12-06T03:57:33.000Z,1,@Ekososbudhamkam @asumsico @DPR_RI @bang_dasco @Gerindra @prabowo Kalo di rapat DPR mah disanjung terus kinerja polisi 🤣,1864881843092492464,,Ekososbudhamkam,in,,0,1,0,https://x.com/dragunovsen/status/1864881843092492464,1360383190150434817,dragunovsen
1864807386780962998,2024-12-06T02:04:43.000Z,0,"@CNNIndonesia Dari jaman Jokowi sampe Prabowo kok ya masih dipake kapolri ini...kinerja polisi bener"" nol prestasi kok ya masih dipertahankan... Prabowo faham gak sih dgn retorika kepolisian saat ini...",1864853446861689300,,CNNIndonesia,in,,0,0,0,https://x.com/Halilintar5758/status/1864853446861689300,1543466213027631105,Halilintar5758
1863836754513625124,2024-12-06T01:19:49.000Z,0,"@akuntwiter968 salah nya juga ke pangkatan dalam polisi Indonesia ber"" bau- bau "" militer di samping itu "" identitas "" seragam nya juga "" ber nuansa militeris ,melihat kerja &amp; kinerja POLISI  RI hari ini mereka hanya pantas memakai seragam "" coklat "" celana pendek &amp; kaos oblong "" buncit perut""",1864842147465433230,,akuntwiter968,in,,0,0,0,https://x.com/onorus7940/status/1864842147465433230,1697498119746072576,onorus7940
1864302385600086178,2024-12-05T16:59:56.000Z,0,"@democrazymedia 😄😄 emank uda buta mata hati kalian,lebih³ akun ini jilatannya mnta ampun wwkwww jd slma pdip berkuasa 10taun kmn aja kok ga komplain 1 pun kinerja polisi
Kalian pintar² lah klo buat berita
Klo gini kan jdinya sampahhhhhhh",1864716345155424576,,democrazymedia,in,,0,0,0,https://x.com/Enojava8/status/1864716345155424576,1227627128251768833,Enojava8
1864509917358641573,2024-12-05T14:39:20.000Z,0,@UmarHasibuan__ Banyak kinerja polisi makin amburadul..sdh mestinya Kapolri di evaluasi..,1864680961935593671,,UmarHasibuan__,in,,0,0,0,https://x.com/AnasisFeri/status/1864680961935593671,1411709087532781572,AnasisFeri
1864620341555036607,2024-12-05T10:38:27.000Z,0,"Minta maaf ke polisi? Polisi mah instansi anjir, masyarakat kritik kinerja. Polisi kalau salah tangkep minta maaf gak ke korbannya? Lagian ini juga contoh ketidakpercayaan masyarakat akan kinerja polisi yang emang integritasnya rendah, kocak amat. Mas udik polisi ya?",1864620341555036607,,,in,,0,0,0,https://x.com/weewooings/status/1864620341555036607,1325645970890137601,weewooings
1864602585472356476,2024-12-05T09:27:53.000Z,2,"sumpah, aku smpe detik ini mempertanyakan kinerja polisi, khususny polisi di kota semarang.. jd semalem, ada tawuran kreak (lagi) didkt rumah, rame bgt &amp; bawa sajam.. beneran dkt dr rmh gue krna jarakny cuma 500 m.. yg gue pertanyakan adlh :

1. didkt situ ada POSPOL baru.. bnrn",1864602585472356476,,,in,,0,1,0,https://x.com/pudingtarokukus/status/1864602585472356476,1760405006917025792,pudingtarokukus
1864545442899612154,2024-12-05T09:21:28.000Z,0,"@asumsico kok kaget? ini emang kinerja polisi indo kok, ngebunuh siapapun sesuka hati trus didlindungi",1864600967930630165,,asumsico,in,,0,0,0,https://x.com/caudexhouse/status/1864600967930630165,1738182143661228032,caudexhouse
1864233187783622780,2024-12-05T07:37:36.000Z,0,"@TirtoID Tentara polisi jaksa intelijen dibawah presiden, punya wewenang nangkap orang yg salah yg mengganggu keamanan pertahanan yg bisnis ilegal ngancam2 presiden, malu pak omon2 kayak gitu,
Pak Prabowo presiden RI kan bukan capres.
Kalau dikritik balesnya dengan kinerja bukan curhat",1864574832681341062,,TirtoID,in,,0,0,0,https://x.com/ReinhadPar/status/1864574832681341062,1517909681855135744,ReinhadPar
1864221738768433263,2024-12-05T01:40:30.000Z,1,"@NataliusPigai2 Om pigai hormat,tidak tertarik dengan gedung ham asri/ tidak, tp kinerja om di mentri ham
Saat ini kejahatan ham didepan mata 
Anak SMK ditembak mati oknum polisi plus banyak oknum polisi dikantor tsb memutar balik fakta yg ada rame viral
kejahatan kemanusiaan luar biasa maaf 🙏",1864484962642350246,,NataliusPigai2,in,,0,0,0,https://x.com/terisera35533/status/1864484962642350246,1815365624526442496,terisera35533
1866789648611283289,2024-12-11T10:18:30.000Z,4,"Presiden Prabowo: Polri Harus Makin Profesional dan Berbakti kepada Bangsa.

Presiden Prabowo Subianto memberikan arahan strategis kepada jajaran Kepolisian Negara Republik Indonesia (Polri). Presiden Prabowo menekankan pentingnya semangat, profesionalisme, dan pengabdian Polri https://t.co/e2ACMnk8Ou",1866789648611283289,https://pbs.twimg.com/media/GegrSCBaEAMREYj.jpg,,in,,0,0,0,https://x.com/kangdede78/status/1866789648611283289,235931838,kangdede78
1866758033713533174,2024-12-11T08:34:45.000Z,55,"@PartaiSocmed Broo cukup!!! Apapun motifnya bukan urusan elu bukan urusan kita, harusnya kita fokus sma kinerja polisi gimana bisa ada orang yg sampe punya pistol buat nyulik orang ini Indonesia bukan Amerika dimana org bisa bebas punya pistol. Ini bisa aja terjadi sma kita dengan motif lain",1866763540566249505,,PartaiSocmed,in,,0,0,2,https://x.com/non_goodlooking/status/1866763540566249505,1232297574440132608,non_goodlooking
1866608010765930672,2024-12-11T02:15:08.000Z,0,"@narkosun Survey sekarang kinerja nya  , biar masyarakat menilai kinerja polisi saat ini ,mumpung awal pemerintahan baru .🙏",1866668006795046932,,narkosun,in,,0,0,0,https://x.com/FlaAgung/status/1866668006795046932,2683801656,FlaAgung
1866647933879455850,2024-12-11T00:55:22.000Z,3,"Ganti saja Kapolrinya, karena :
-titipan rejim Mulyono. 
- tidak presisi. 
- jadi juara Institusi paling korup se Asia Tenggara. 
- Pemborosan APBN. 
- Kinerja bobrok, polisi tembak polisi, polisi tembak anak, polisi tembak pelajar, polisi jual barbuk narkoba, dll lengkap sudah.",1866647933879455850,,,in,,0,0,2,https://x.com/Pecel_Lele5678/status/1866647933879455850,1257399206240595970,Pecel_Lele5678
1866349682940932133,2024-12-10T23:28:58.000Z,0,"@StefanAntonio__ 🥸‼️🤡
Polisi lagi. Kapolres lagi.! Ini darurat nasional atas kinerja Polri. Harus dikembalikan ke ABRI lagi. Kompolnas amat sangat tdk efektif ; iyesman, okemen.",1866626189164679434,,StefanAntonio__,in,,0,0,0,https://x.com/Bambang77197468/status/1866626189164679434,702038954426535937,Bambang77197468
1866343296794271761,2024-12-10T09:44:27.000Z,0,"@corbuzier Sebetulnya males lihat orang itu ngoceh ,tp kalau ngomongin kinerja polisi.., harus di bongkar.
#BongkarBongkarPolisi",1866418695280701617,,corbuzier,in,,0,0,0,https://x.com/KilljoyYadi/status/1866418695280701617,2899659972,KilljoyYadi
1866137934333886485,2024-12-10T04:49:44.000Z,0,"@Opposisi6890 Kenapa polisi jadi begini, karena pengawasannya tidak efektif, Propam tingkatkan kinerja anda",1866344525209419824,,Opposisi6890,in,,0,0,0,https://x.com/Jalankaki2002/status/1866344525209419824,1735668744741920768,Jalankaki2002
1866079771358372301,2024-12-09T13:37:04.000Z,0,@V3g3L Salah besar kl ke TNI dl... Harus y polisi dl yg anggaran y paling gede tapi kinerja paling jeblok dan sering viral keburukan y.,1866114843872469502,,P3gEl,in,,0,0,0,https://x.com/iskan45v/status/1866114843872469502,1241596438561181696,iskan45v
1866058826627404029,2024-12-09T11:43:24.000Z,0,@Gerindra @prabowo Min menteri yang minta tambah anggaran pdhal blm kelihatan kinerja ga ada suara nya lg pdhal bnyak pelnggaran ham polisi tembak anak sekolah di semarang gmna klnjutan kasus nya ?,1866086241441374493,,Gerindra,in,,0,0,0,https://x.com/erwinwin1706/status/1866086241441374493,1807645909762949120,erwinwin1706
1866024609562476935,2024-12-09T07:38:30.000Z,2,Selamat dan sukses kepada AIPTU ARI SANTOSO telah meraih piagam penghargaan polisi terbaik bulan november tahun 2024 atas prestasi kinerja dan dedikasinya dalam mendukung program asta cita gugus tugas ketahanan pangan Polresta Palangka Raya. https://t.co/C894jZszlz,1866024609562476935,https://pbs.twimg.com/media/GeVzcl0boAA4Smm.jpg,,in,,0,0,0,https://x.com/Satlantrestapky/status/1866024609562476935,1457182519279816707,Satlantrestapky
1866007561033679325,2024-12-09T07:23:49.000Z,0,"[BREAKING] “Terkait polisi pelaku kekerasan #PeringatanDarurat, ini menjadi salah satu agenda prioritas dari Kompolnas sebagai bagian dari kerangka evaluasi Polri ke depan. Nanti kita akan detilkan lagi laporan yang bisa dijadikan sebagai penguat upaya perbaikan kinerja Polri.”",1866020912602157110,,amnestyindo,in,,0,1,0,https://x.com/amnestyindo/status/1866020912602157110,842678935817142272,amnestyindo
1865596807184892057,2024-12-08T09:45:43.000Z,1,"@YLBHI @LBH_B_Lampung @KomnasHAM Jgn trlalu byk brharap kpd @KomnasHAM 
Mrk takut sama polisi. Lht sj saat kss Sambo, lidah mrk spt kelu. Tp ketika angin brbalik arah, tb2 mrk jd spt pahlawan kesiangan.

Pak @ListyoSigitP , kinerja kalian lamban dan kami muak.",1865694236605292695,,YLBHI,in,,0,1,0,https://x.com/tunggulkayu01/status/1865694236605292695,1596913323483623425,tunggulkayu01
1865573244998463529,2024-12-08T07:28:10.000Z,7,"@sinagano2 @bacottetangga__ Itulah pentingnya tidak langsung menyalahkan. Hehe

Kinerja polisi memang masih buruk, tapi diluar sana sebenarnya banyak yang bekerja benar, cuma gak terekspos saja.",1865659620628505041,,sinagano2,in,,0,1,0,https://x.com/abuikhwanaziz/status/1865659620628505041,932474126429597696,abuikhwanaziz
1865306558957261179,2024-12-08T23:38:07.000Z,1,"@Omonmencle @kegblgnunfaedh Smpet baca jg postingan orang yg maki maki kinerja polisi yg jadiin Dy tersangka. Sukur gak tertipu dan lebih milih nunggu berita lengkapnya, eh ternyata semakin d luar nalar 😭",1865903715926061405,,Omonmencle,in,,0,0,0,https://x.com/AKristinadewi/status/1865903715926061405,1615615755625861120,AKristinadewi
1867757744125882414,2024-12-14T23:36:15.000Z,1,@brilliantAbed @Jateng_Twit Respect kinerja polisi yang begini nih👍,1868077574670405746,,brilliantAbed,in,,0,1,0,https://x.com/proletarsusah/status/1868077574670405746,1175777067322884096,proletarsusah
1867635081512464457,2024-12-14T20:53:34.000Z,1,@PoldaJogja @PolsekGamping_ @PolrestaSleman @merapi_uncover Polisi sekarang Pengen di segani dan di hormati masyarakat. tapi masyarakar sendiri udah muak sama kinerja polisi yang gak becus nanganin beginian.,1868036634052301035,,PoldaJogja,in,,0,0,0,https://x.com/HerryyWiskeyy/status/1868036634052301035,1512942392994787331,HerryyWiskeyy
1867796817360072725,2024-12-14T19:50:15.000Z,0,"@StefanAntonio__ @ListyoSigitP coba saja,seragam polisi itu diganti warnanya pasti kinerja polisi membaik.seragam kepolisian sekarang itu warnanya punya aura munafik,keji dan kematian.",1868020700948430850,,StefanAntonio__,in,,0,0,0,https://x.com/TnFdy21/status/1868020700948430850,1738535960948948992,TnFdy21
1867922911069356075,2024-12-14T13:21:40.000Z,14,"Maraknya Kekerasan Yang Dilakukan Polisi Membuat Aktivis HAM Desak Untuk Copot Listyo Sigit Dari Kapolri

Diantara headline berita yang hari demi hari kita dengar, berita yang kerap berseliweran tidak jauh juga dari tindakan polisi yang mencuri perhatian publik. Contoh yang https://t.co/DKIYGMCPea",1867922911069356075,https://pbs.twimg.com/media/Gewx958bwAA45Yi.jpg,,in,,0,2,8,https://x.com/Melihat_Indo/status/1867922911069356075,48359478,Melihat_Indo
1867751310474571960,2024-12-14T03:17:03.000Z,0,"@txtfromjogja Kat mbiyen kok ra mari-mari, piye kinerja polisi?",1867770753082610148,,txtfromjogja,in,,0,0,0,https://x.com/MbahGendhu/status/1867770753082610148,1814518036780752897,MbahGendhu
1867514543515087253,2024-12-13T21:53:11.000Z,0,@ahmad_surya260 @ArisPriyono_SPd @kumparan Di tempat laen yg org2nya gk peduli sama kinerja polisi karena mau lapor aja pada males hihihi https://t.co/KfwDVxNb5O,1867689250256564289,https://pbs.twimg.com/media/GetdZedbsAMyxmt.jpg,ahmad_surya260,in,,0,0,0,https://x.com/Alkatiri447463/status/1867689250256564289,508389984,Alkatiri447463
1867502734192042295,2024-12-13T11:03:14.000Z,0,"@Ayang_Utriza @prabowo Dibenerin kinerja kepolisiannya.
Misalnya: nggak macet lalulintas jalan raya, disiplin pribadi selain disiplin korpsnya, menjadi sahabat sekaligus polisi rakyat. CMIIW 🙏🏼",1867525683930656849,,Ayang_Utriza,in,,0,0,1,https://x.com/ssrieyono/status/1867525683930656849,83547693,ssrieyono
1867078485543620858,2024-12-13T03:44:42.000Z,0,"@pandji Kalau masyarakat luas sudah menilai kinerja polri, harusnya malu dan segera membenahi diri sebaik mungkin, dengan kata lain tobat.
Pertanyaannya, polisi ini robot atau manusia? Kalau robot sudah pasti tidak punya hati nurani.
Bagaimana menurut @ListyoSigitP @ahriesonta?",1867415324242640916,,pandji,in,,0,0,0,https://x.com/_KonohaCity_/status/1867415324242640916,1435198494,_KonohaCity_
1861034339695575342,2024-12-12T23:12:10.000Z,0,"@Jateng_Twit Sepertinya mulai harus digaungkan Tolak Peningkatan Anggaran Polisi di tahun 2025. 

Dapat anggaran gede tp kinerja kebanyakan ga bener dan suka rekayasa kasus.",1867346738224542080,,Jateng_Twit,in,,0,0,0,https://x.com/yesmar_banu/status/1867346738224542080,85495565,yesmar_banu
1866598949106356659,2024-12-12T23:00:46.000Z,0,@haidirfajr85842 @falldout @Insider Wajar sih masyarakat berasumsi bahkan sampe liar karena liat fisik agus dan terutama banyak kinerja polisi yg menciderai azas keadilan.,1867343870646001906,,haidirfajr85842,in,,0,1,0,https://x.com/vriatamvan/status/1867343870646001906,912671808972742657,vriatamvan
1867203218247479393,2024-12-12T13:58:46.000Z,0,"@yusing Klo ASN besaran tukin berdasar kinerja,ini kinerja polisi nyungsep,anggaran malah naik terus....",1867207471238095062,,yusing,in,,0,0,0,https://x.com/SajaSusanto/status/1867207471238095062,2907293384,SajaSusanto
1867111393562071074,2024-12-12T12:04:13.000Z,0,"@OmJ_JeNggot Jelasin kronologi nya jangan setengah2, maen share aja

Meskipun semua orang tau kinerja polisi gimana",1867178641253355557,,OmJ_J3Nggott,in,,0,0,0,https://x.com/BudiBuitenzorgg/status/1867178641253355557,1198454887350067200,BudiBuitenzorgg
1867012635117678927,2024-12-12T12:02:02.000Z,17,"@PngAdilnR4kyt Sementara Ini bisa dibubarkan dulu. 
Sementara di ganti TNI dulu. 
Setelah pulih mendekati idel baru pulihkan polisi dibawah TNI bersifat sementara jg selama mental ,kinerja dan etika diperbaiki. 
Setelah pulih normal Baru Polri dibawah TNI lg 🤣🤣🤣",1867178092743286949,,PngAdilnR4kyt,in,,0,0,0,https://x.com/AgusMustop97052/status/1867178092743286949,1640543855488671744,AgusMustop97052
1867166451041530205,2024-12-12T11:15:46.000Z,1,"Wahh gila sih ini, ya jangan kaget ya wahai Bapak Polisi yang terhormat bila nanti ada demo besar-besaran soal kinerja polisi yang sudah tidak dipercayai oleh hampir seluruh masyarakat Indonesia!!!",1867166451041530205,,,in,,0,0,1,https://x.com/FarhanFerdian8/status/1867166451041530205,1161310301096009728,FarhanFerdian8
1867101064241332256,2024-12-12T06:55:57.000Z,5,"Kapolri Jenderal Polisi Listyo Sigit Prabowo melaporkan kepada Presiden RI Prabowo Subianto terkait hasil kinerja desk pemberantasan nark*ba. 

Kepada Prabowo, Listyo melapor bahwa Desk Pemberantasan Nark*ba telah berhasil menyelamatkan 10 juta jiwa. 

Hal itu disampaikan Listyo https://t.co/5SgbXRy0lv",1867101064241332256,https://pbs.twimg.com/media/GelGg9raEAEsYna.jpg,,in,,0,3,0,https://x.com/tvOneNews/status/1867101064241332256,55507370,tvOneNews
1866811573966077958,2024-12-12T06:00:12.000Z,0,@kumparan polisi anggaran besar kinerja nol besar,1867087035225509919,,kumparan,in,,0,0,0,https://x.com/Kundi99148510/status/1867087035225509919,1735294984402984960,Kundi99148510
1867085551977079190,2024-12-12T05:54:19.000Z,0,UMAREX WG GLOCK G19 GEN4 MOS 克拉克手槍的經典延續UMAREX WG GLOCK G19 GEN4 MOS一款專為愛好者設計的高仿真CO2槍，完美重現克拉克手槍（GLOCK Pistol）的經典設計與卓越性能，適合收藏、射擊運動和娛樂用途。經典背景克拉克手槍由奧地利槍械製造商推出，首款型號GLOCK https://t.co/5zh2Z0QBkY,1867085551977079190,https://pbs.twimg.com/media/Gek3ma6aMAAIVp8.jpg,,zh,,0,0,0,https://x.com/igunairsoft/status/1867085551977079190,1831308279965990912,igunairsoft
1867029530311004292,2024-12-12T02:11:42.000Z,0,@NataliusPigai2 apa kabar Kementerian HAM terkait kasus penembakan Polisi tembak siswa SMK (Gamma) di Semarang? Saatnya tunjukkan kinerja minta tambahan 20T.,1867029530311004292,,NataliusPigai2,in,,0,0,0,https://x.com/wahyukris/status/1867029530311004292,52741716,wahyukris
1867427910526853559,2024-12-13T04:34:43.000Z,1,"Terimakasih atas apresiasi masyarakat terhadap kinerja pelayanan SKCK Polsek Stabat  polres langkat polda sumatera Utara.
@listyosigitprabowo
@ccicpolri @divisihumaspolri @spripim.polri @polisi_indonesia @poldasumaterautara

#untungadapolisi #polisiindonesia https://t.co/wAr7zV9fJW",1867427910526853559,https://pbs.twimg.com/ext_tw_video_thumb/1867427650203267072/pu/img/Y3knqOlZaMYulO63.jpg,,in,,0,0,0,https://x.com/HumasSekStabat/status/1867427910526853559,1656898900987617280,HumasSekStabat
1869263026802852137,2024-12-18T18:19:02.000Z,1,"@DivHumas_Polri 99% kinerja BURUK sebenarnya. 
Tapi dpt WTP 😂😂😂
POLISI JUANCUKKK",1869447297123385808,,DivHumas_Polri,in,,0,0,0,https://x.com/Donie_2/status/1869447297123385808,4802002333,Donie_2
1869411546914521535,2024-12-18T15:56:59.000Z,0,"Padahal kalo kinerja polisi bagus, pelayan publik dan kesehatan bagus, infrastruktur bagus, pemerintah pro rakyat, hukum adil. Nyanyi indonesia raya sebulan sekali juga tetep bisa numbuhin rasa cinta tanah air 🫠🫠",1869411546914521535,,,in,,0,0,0,https://x.com/Seraphycss/status/1869411546914521535,1138423800645574656,Seraphycss
1869314312197603825,2024-12-18T14:41:38.000Z,0,@kumparan pak kita muak kinerja polisi,1869392586370355624,,kumparan,in,,0,0,0,https://x.com/IndoAgainstLGBT/status/1869392586370355624,219842981,IndoAgainstLGBT
1868814881610461496,2024-12-18T14:26:58.000Z,0,@Stakof Pekerjaan polisi sekarang jadi sangat diragukan sekalii smaa masyarakat apalagi ini kasus smpe msuk DPR smpe DPR juga aneh smaa kinerja kepolisian sekarang kok gini,1869388892048384322,,Stakof,in,,0,0,0,https://x.com/epaa___/status/1869388892048384322,1675414084593025025,epaa___
1869287522293129462,2024-12-18T14:01:47.000Z,1,"@gumpnhell anggaran besar kinerja nol besar 
(polisi)",1869382555071590600,,gumpnhell,in,,0,0,0,https://x.com/Kundi99148510/status/1869382555071590600,1735294984402984960,Kundi99148510
1868979249350324626,2024-12-18T11:28:25.000Z,0,"@Candj09 sejak model seragam polisi jd los, di luar, ikat pinggang tdk terlihat lagi, perasaan nilai disiplin dan kinerja mereka jd los juga, iya nggak sih ? kalau dulu terlihat lebih rapi, tertib, n berwibawa pas seragam atas dimasukkan. apa model pakaian bisa mempengaruhi kinerja ya ?",1869343960130547987,,Candj09,in,,0,0,0,https://x.com/khusn_mub/status/1869343960130547987,1591217679561433088,khusn_mub
1869237641503506644,2024-12-18T10:07:33.000Z,0,@kompascom Miris Pak @prabowo kinerja POLISI!!! TOLING PAK DIREFORMASI!!!,1869323610617442777,,kompascom,in,,0,0,0,https://x.com/bagor2005/status/1869323610617442777,1843301422764552192,bagor2005
1869287522293129462,2024-12-18T09:23:52.000Z,10,"@AhmadRoyhan33 @gumpnhell Kadang mempertanyakan kinerja propam loh

Kek...mereka gak ada inisiatif gitu, bikin lembaga seperti KPK tapi khusus kepolisian misalkan?
Untuk keadilan polisi yg kerja sampingan sebagai...pemulung, ojol, dsb
Tapi mengingat bagaimana kasus gamma, Kanjuruhan, dsb...
Bungkam deh 😅",1869312614955958750,,AhmadRoyhan33,in,,0,2,1,https://x.com/CrazyLemonTea/status/1869312614955958750,62191388,CrazyLemonTea
1868939861471936758,2024-12-18T08:52:46.000Z,0,@ibnuacim @fadhilmhamd97 @folkshittmedia Wahhh bukannya se Indonesia sdh tau kinerja polisi kek gmn?.... 🤭,1869304788875395278,,ibnuacim,in,,0,0,0,https://x.com/boncusho/status/1869304788875395278,375922893,boncusho
1869294969321836574,2024-12-18T08:13:45.000Z,0,"Monggo pak @prabowo , mohon dibaca reply dari postingan akun di bawah ini. 
Sungguh memprihatinkan pandangan warga pada kinerja polisi saat ini.
Bagaimana akan menegakkan hukum bila petugas penegak hukumnya tidak bersih? 
🙏",1869294969321836574,,,in,,0,0,0,https://x.com/ariefbudiawan7/status/1869294969321836574,714965442,ariefbudiawan7
1868839144883167455,2024-12-18T07:00:39.000Z,0,@DivHumas_Polri Sepertinya Polisi hrs lebih ber jibaku untuk memulihkan kepercayaan masyarakat pada umum nya.lebih giat lagi pak polisi dan tunjuk kan kinerja mu tanpa ada pilih bulu.,1869276576527040810,,DivHumas_Polri,in,,0,0,0,https://x.com/Slet_am77/status/1869276576527040810,1079737804664365058,Slet_am77
1869140919515320369,2024-12-18T06:49:52.000Z,1,"@DivHumas_Polri 1. Polisi membunuh org, div humas senyap
2. Polisi terjerat narkoba, div humas diem
3. Polisi memfitnah mayat, div humas cuek
4. Kritik masyarakat terkait kinerja polisi, div humas membisu

Tapi giliran ada polisi ditabrak pelanggar lalin, div humas langsung teriak kenceng. BGST!",1869273862254600658,,DivHumas_Polri,in,,0,0,0,https://x.com/Sais_Pedati/status/1869273862254600658,1593509591920295937,Sais_Pedati
1869269997958406531,2024-12-18T06:34:31.000Z,0,"pak, kalau dari bapak selaku pemimpin aja heran gimana rakyat deh. saran next step coba evaluasi keseluruhan kinerja polisi soal penanganan dan pelayanan laporan pak (menyampaikan dengan ramah)",1869269997958406531,,,in,,0,0,0,https://x.com/daisylavida/status/1869269997958406531,1031174201766371329,daisylavida
1869263026802852137,2024-12-18T06:06:49.000Z,149,"Divisi Humas Polri mewakili Polri meraih penghargaan sebagai badan publik dengan kualifikasi informatif dalam Anugerah Keterbukaan Informasi Publik 2024 yang diselenggarakan oleh Komisi Informasi Pusat (KIP). Penghargaan ini diterima langsung oleh Kadiv Humas Polri, Irjen Pol. https://t.co/voYlrRJPxj",1869263026802852137,https://pbs.twimg.com/media/GfD0vOtbQAAFoCz.jpg,,in,,13,209,15,https://x.com/DivHumas_Polri/status/1869263026802852137,138290629,DivHumas_Polri
1869216091945521564,2024-12-18T05:54:13.000Z,0,@ARSIPAJA Apa memang begitu kinerja polisi sekarang ini ???,1869259856919842867,,ARSIPAJA,in,,0,0,0,https://x.com/aris_karre/status/1869259856919842867,1554692610,aris_karre
1868975674205389198,2024-12-18T05:44:04.000Z,0,"@CNNIndonesia Total anggaran APBN 2024 untuk Polri adalah sebesar Rp1.536.522.383.000 ¹.

Menghasilkan kinerja polisi seperti ini ???",1869257300848017653,,CNNIndonesia,in,,0,0,0,https://x.com/AnasisFeri/status/1869257300848017653,1411709087532781572,AnasisFeri
1869015528049877404,2024-12-18T05:29:35.000Z,0,@Metro_TV Basi ! Rakyat sudah muak dengan kinerja polisi!,1869253655746187499,,Metro_TV,in,,0,0,0,https://x.com/asemahidita/status/1869253655746187499,1786692895128567808,asemahidita
1869247386029306360,2024-12-18T05:04:40.000Z,0,"Nyawa di Bunuh,
Karakter pun ikut di Bunuh.

Yah itulah kinerja Polisi Indonesia kepada masyarakat.",1869247386029306360,,,in,,0,0,0,https://x.com/fatur_cubis/status/1869247386029306360,1882296571,fatur_cubis
1868847770251182392,2024-12-18T04:36:11.000Z,0,@CakKhum Komisi 3 harusnya mengusulkan ke kapolda supaya copot kapolres ini..kalau mental spt ini terus dibiarkan akan semakin parah kinerja polri..sdh jadi rahasia umum tanpa uang tanpa viral polisi hny jadi preman berseragam.,1869240217804431418,,CakKhum,in,,0,0,0,https://x.com/karnaNya/status/1869240217804431418,1521866581,karnaNya
1868774005253325256,2024-12-18T04:24:55.000Z,0,"@JeblukAkun Iya betul, makanya pak @prabowo akan kembalikan TNI sebagai petugas pengganti polisi, sebab beliau sudah enek dengan kinerja polisi",1869237381091774549,,JeblukAkun,in,,0,0,0,https://x.com/ahmadba62859881/status/1869237381091774549,2367020520,ahmadba62859881
1869140839223734402,2024-12-18T02:12:55.000Z,0,@DivHumas_Polri Gak usah sibuk ngurusin yang mudik sekarang yang paling penting adalah bagaimana caranya @DivHumas_Polri @ListyoSigitP berkerja dengan baik perbaiki kinerja polisi supaya rakyat kembali percaya dengan polisi https://t.co/Ls2rvyW5Xn,1869204164250915029,https://pbs.twimg.com/ext_tw_video_thumb/1869204025151004673/pu/img/JxT4990sZx8aYVEk.jpg,DivHumas_Polri,in,,0,0,0,https://x.com/bendolganteng/status/1869204164250915029,1276876868340203520,bendolganteng
1868950811562442808,2024-12-18T01:57:55.000Z,2,@kompascom 🤣🤣intern y ja membela tersangka.. Rakyat di buat sedih krn instansi polisi sdh tdk bisa diharapkan oleh rakyat indonesia utk kinerja y.. Itu fakta lho..,1869200387888332981,,kompascom,in,,0,0,0,https://x.com/iskan45v/status/1869200387888332981,1241596438561181696,iskan45v
1868774005253325256,2024-12-18T01:11:11.000Z,1,@JeblukAkun Semoga @prabowo menjadikan @DivHumas_Polri Polisi di bawah TNI karena sudah semakin kacau kinerja mereka,1869188626694934731,,JeblukAkun,in,,0,0,0,https://x.com/AndonoVictor/status/1869188626694934731,1305905042243813376,AndonoVictor
1868913070384595063,2024-12-18T00:48:30.000Z,0,"@geloraco Njirrr fokus pada kinerja polisi dong bos! Entah sakit jiwa atau apa, yg jelas 2 bulan ga diapa2in!!!!",1869182919593632013,,geloraco,in,,0,0,0,https://x.com/sweetapril2010/status/1869182919593632013,1844763275461890049,sweetapril2010
1868975674205389198,2024-12-18T00:16:01.000Z,0,@CNNIndonesia Kita harus bangga dengan lambatnya kinerja polisi bangga tebang pilih dalam menangan ni kasus dan tetap masuk angin terima amplop dalam pengetikan BAP.semangat buat polisi indonesia presisi dalam amplopan,1869174744383414724,,CNNIndonesia,in,,0,0,0,https://x.com/Kura2_kayang/status/1869174744383414724,1680151766,Kura2_kayang
1868926605122212207,2024-12-17T23:44:46.000Z,0,@democrazymedia Mundur loe!!! Kagak becus kerja .... Rakyat sudah muak kinerja polisi yng nggak profesional!!,1869166880503767516,,democrazymedia,in,,0,0,0,https://x.com/asemahidita/status/1869166880503767516,1786692895128567808,asemahidita
1868885278041202899,2024-12-17T22:30:03.000Z,0,"@kompascom Kepalanya cuma ngasih imbauan doank, tegas pak, gk bisa kerja yah pecat. Polisi cuma jadi beban negara beban APBN  @ListyoSigitP @ahriesonta  
Sebenarnya tolak ukur kinerja kepolisian itu apa sih?Laporan banyak yg tidak di followup, siap, pungli disetiap polsek, PARAH bener parah",1869148078466597074,,kompascom,in,,0,0,0,https://x.com/devilmaycrypt0/status/1869148078466597074,1124841710,devilmaycrypt0
1869007136078152020,2024-12-17T20:53:36.000Z,0,@detikcom Kinerja polisi sudah menjadi rahasia umum pasti ada oknum polisi yang bermain melindungi tersangka pasti dong tujuannya duit,1869123806914298243,,detikcom,in,,0,0,0,https://x.com/Adisisw68098305/status/1869123806914298243,1612447499301847040,Adisisw68098305
1868860873978397096,2024-12-17T18:07:13.000Z,1,@secr3thm4nz56 Dengar ini @ListyoSigitP  kami sangat muak dengan kinerja kepolisian yg anda pimpin. Polisi atau kami barisan rakyat cinta tanah air yg akan mengadili aguan sang penjajah.,1869081933411725441,,secr3thm4nz56,in,,0,0,1,https://x.com/DM_Sihombing16/status/1869081933411725441,832458432271704065,DM_Sihombing16
1868847770251182392,2024-12-17T17:52:14.000Z,0,"@CakKhum tingkat kepercayaan masyarakat kepada polisi sangat"" darurat. instansi dgn kinerja yg buruk, orang akan tenggelam di lahan basah ucap ustad da'as latif",1869078161608286337,,CakKhum,in,,0,0,0,https://x.com/dia_aku41942/status/1869078161608286337,1767529084865974272,dia_aku41942
1868932032598098223,2024-12-17T16:34:49.000Z,0,"@telenovoia + benerin dulu deh kinerja menteri, DPR, polisi, MA, MK, wapres lu itu kalo udah bener baru pantes minta naikin pajak ke rakyat",1869058679556997495,,egualsiqn,in,,0,0,0,https://x.com/egualsiqn/status/1869058679556997495,1127380856614445056,egualsiqn
1868975674205389198,2024-12-17T16:27:23.000Z,0,"@CNNIndonesia Banyak masyarakat Indonesia yang hilang kepercayaan kepada kinerja Polisi.
Apa dari Instansi terkait tidak ingin mengembalikan lagi nama baiknya ?",1869056808977096840,,CNNIndonesia,in,,0,0,0,https://x.com/Awanset85499945/status/1869056808977096840,1543075760545886209,Awanset85499945
1868940368143945909,2024-12-17T16:07:56.000Z,0,@Mdy_Asmara1701 @Gerindra kalian tau ga sih kinerja polisi diem aja kenapa sih,1869051916329906316,,Mdy_Asmara1701,in,,0,0,0,https://x.com/arry_wardhana/status/1869051916329906316,1681147518,arry_wardhana
1868975674205389198,2024-12-17T15:01:50.000Z,1,"@CNNIndonesia Ngeles ya ngeles, tapi jangan begini. Nggak asik banget.
Harusnya minta maaf, gentle mengakui kinerja lamban, polisi di polsek tersebut akan diberi sanksi sesuai kinerja mereka dlm menangani kasus ini. SELESAI.
Atasan balik ke Polda, evaluasi, siapkan surat pindah bawahan.",1869035279891456245,,CNNIndonesia,in,,0,1,0,https://x.com/yogazzzt/status/1869035279891456245,1380432358055141376,yogazzzt
1868963276777988315,2024-12-17T14:36:44.000Z,0,@detikcom Polisi sekarang klo ga di intervensi ga akan kerja !!! Kinerja y makin hancur2an persis seperti polisi India jaman dulu,1869028964477686191,,detikcom,in,,0,0,0,https://x.com/narul_hidayat/status/1869028964477686191,475943596,narul_hidayat
1869019310783611316,2024-12-17T13:58:23.000Z,1,"iya sih kalo polisi ngutamain kasus yg viral itu lebih baik dari pada gak diurusin sama sekali (plus kl mereka kerjain yg viral kan kinerja mereka juga kelihatan waw polisi menyelamat kan hari)

padahal KAGAK yg ada tuh bukan 'waw polisi sangat membantu' adanya 'polisi telat jir'",1869019310783611316,,,in,,0,1,0,https://x.com/balesnyalama/status/1869019310783611316,1315874323488366592,balesnyalama
1868975674205389198,2024-12-17T13:51:38.000Z,141,"@CNNIndonesia Semua sudah tau polisi kita memang sangat buruk. Kinerja buruk, korup, pelaku kejahatan, amoral, sok kuasa,.. Gw sampe spechless dah. Assuuu lah pokoknya",1869017613659259382,,CNNIndonesia,in,,0,4,7,https://x.com/Priyo__Muhammad/status/1869017613659259382,99473222,Priyo__Muhammad
1868975674205389198,2024-12-17T13:45:07.000Z,0,@CNNIndonesia Viralin trusss kinerja polisi yg gak beres kayak gjni,1869015974667792486,,CNNIndonesia,in,,0,0,0,https://x.com/andjerry__/status/1869015974667792486,1859506300952117249,andjerry__
1868975674205389198,2024-12-17T13:28:44.000Z,0,"@CNNIndonesia Ngeles mulu peler,kita tau lah kinerja polisi kayak gimana wkwkw gausah ngeles mulu lu pada 😂 no viral no justice kan wkwkw peler",1869011850266132952,,CNNIndonesia,in,,0,0,0,https://x.com/guesswho1333/status/1869011850266132952,1346927992648339459,guesswho1333
1868915559590773141,2024-12-17T13:08:07.000Z,0,"@CNNIndonesia Apapun opini/pendapat masyarakat ttg kinerja dan sikap polri, ttp saja polisi punya 1001 alasan utk ngeles, krn polisi punya segala macam cara dan instrumen pendukung.

Jd kesimpulannya, POLISI SELALU BENAR..!!!
🤣🤣🤣🤣🤣🤣🤣🤣🤣🤣🤣🤣",1869006664634130753,,CNNIndonesia,in,,0,0,0,https://x.com/kresszy/status/1869006664634130753,51113925,kresszy
1868940368143945909,2024-12-17T12:43:39.000Z,8,"@Raranana24 @Mdy_Asmara1701 @ListyoSigitP @DivHumas_Polri pernah  juga ngalamin perlakuan polisi yang bkin istighfar di polsek pondok gede...baca ya, kami ga rela uang pajak kami untuk membayar anda anda polisi, ga ridho... semoga Allah balas di akhirat kinerja yang payah ini.",1869000505844023346,,Raranana24,in,,0,1,1,https://x.com/titaniaza/status/1869000505844023346,80236594,titaniaza
1868970260269089246,2024-12-17T11:58:35.000Z,0,@parwaty_rizky @KangManto123 Kepala Polisi mestinya tahu kinerja Polri...kalau tidak tahu...ya berarti orang luar...😀,1868989162713759984,,Nenggenduk,in,,0,1,0,https://x.com/AW_astono/status/1868989162713759984,195333272,AW_astono
1868847770251182392,2024-12-17T11:46:04.000Z,0,@CakKhum Ita sdh tidak percaya dgn kinerja polisi,1868986015358312752,,CakKhum,in,,0,0,0,https://x.com/SamSuga86915258/status/1868986015358312752,1142189256900673536,SamSuga86915258
1868915255885373749,2024-12-17T10:53:22.000Z,0,@Heraloebss Downgrade kinerja polisi,1868972751622750331,,Heraloebss,in,,0,0,0,https://x.com/galihbogi/status/1868972751622750331,167980767,galihbogi
1868885278041202899,2024-12-17T10:53:12.000Z,0,"@kompascom Mohon maaf sekali, jadi kapolri ga melihat kinerja polisi kah?",1868972708954096086,,kompascom,in,,0,0,0,https://x.com/dogerymon/status/1868972708954096086,86009387,dogerymon
1868940368143945909,2024-12-17T10:49:07.000Z,0,"@Raranana24 @Mdy_Asmara1701 @ListyoSigitP @DivHumas_Polri Jngan diam ayo kita kritisi hasil kinerja polri akhir akhir ini banyak merah nya,banyak polisi yg brutal membunuh orang seperti bunuh ayam saja,yg gaji dia memang nya siapa klo bukan RAKYAT",1868971681466953831,,Raranana24,in,,0,0,0,https://x.com/JendralKepitin9/status/1868971681466953831,1642627278789283840,JendralKepitin9
1868847770251182392,2024-12-17T10:21:23.000Z,0,@CakKhum Anggaran polisi naik terus tiap tahun tp apa kinerja kok kyk gini,1868964702233227449,,CakKhum,in,,0,0,0,https://x.com/JendralKepitin9/status/1868964702233227449,1642627278789283840,JendralKepitin9
1868958506004746506,2024-12-17T09:56:46.000Z,53,"Stigma ""no viral, no justice"" kembali mencuat setelah video penganiayaan yang melibatkan anak pemilik toko roti, George Sugama Halim, viral di media sosial pada Minggu (15/12/2024).

Video merekam kejadian kekerasan terhadap pegawai toko roti berinisial D di Cakung, Jakarta https://t.co/CImBWYZV6r",1868958506004746506,https://pbs.twimg.com/media/Ge_fvZfbwAEuRTK.jpg,,in,,2,10,33,https://x.com/kompascom/status/1868958506004746506,23343960,kompascom
1868847770251182392,2024-12-17T05:12:58.000Z,2,"@CakKhum Percaya banget.. Kinerja polisi tidak diragukan lagi, sangat profesional, transparan dan akuntabel. Mari kita hormati kinerja mereka ini dengan memberikan apresiasi yang setinggi2 nya.. Kalau mereka libur saja 2 hari, Indonesia bisa bubar..",1868887086721646779,,CakKhum,in,,0,1,0,https://x.com/NewsAnch0rr/status/1868887086721646779,1447037181353095168,NewsAnch0rr
1868658237974904948,2024-12-17T02:55:02.000Z,0,"@Heraloebss Kalo bukan krn viral, ya berarti kerja kalian gak presisi. Malah makin nyungsep org menilai kinerja polisi dibawah listyo",1868852374703685751,,Heraloebss,in,,0,0,0,https://x.com/boyztuman/status/1868852374703685751,1688875611325186048,boyztuman
1867079094967603551,2024-12-17T02:09:19.000Z,0,@DKIJakarta Saya gak percaya sama kinerja @dishubjakarta saya yakin nanti siang saya lewat lokasi sudah kembali kusut lagi sama parkir liar! Dimana Polisi? @Poldametrojaya_ @DivHumas_Polri @ListyoSigitP sebaiknya Anda yg take over! Ini jelas ada permainan oknum setoran! @DKIJakarta https://t.co/t21bmdvDkV,1868840871250346138,https://pbs.twimg.com/media/Ge903XmbwAAtYaS.jpg,DKIJakarta,in,,0,1,0,https://x.com/No_Nyampah/status/1868840871250346138,2527149301,No_Nyampah
1868790128283730050,2024-12-17T01:09:41.000Z,1,@V3g3L Kinerja polisi berkurang. Tp gaji meningkat,1868825862667370593,,jeje_emm,in,,0,1,0,https://x.com/jeje_emm/status/1868825862667370593,1839299819103465477,jeje_emm
1868675418708164901,2024-12-16T23:46:18.000Z,1,@pandji Lucu bet asli apa ga malu ya polisi kinerja nya dijadiin meme🤦‍♂️,1868804877729853681,,pandji,in,,0,0,0,https://x.com/YusronM/status/1868804877729853681,345387656,YusronM
1868725635658793466,2024-12-16T18:31:25.000Z,0,"Menyoal kinerja lembaga kepolisian belakangan ini, lalu saya berpikir masih bisakah lembaga ini diperbaiki
Bukan berarti semua anggota polisi itu jahat tapi masih ada anggota polisi yang baik itupun bisa dihitung dengan jari
#memprihatinkan",1868725635658793466,,,in,,0,0,0,https://x.com/oerip_id/status/1868725635658793466,164985810,oerip_id
1868703187160776876,2024-12-16T17:02:58.000Z,0,jujur jujuran gw jengkel sama KINERJA POLISI INDO geyszzz,1868703376038645782,,yhdiansyah,in,,0,0,0,https://x.com/yhdiansyah/status/1868703376038645782,853178715223711744,yhdiansyah
1868201687577719261,2024-12-16T14:13:23.000Z,0,"@Ndons_Back @DivHumas_Polri @holopiscom Itulah yg di katakan kebal hukum....
Sudah dua bulan belum di sidik malah lari habis ketangkep katanya issue kena gangguan jiwa.
Sekarang jadi saksi .
Hebat banget polisi kita.
Akan saya translate ke bahasa lain biar tahu kinerja polri",1868660700652196090,,Ndons_Back,in,,0,0,0,https://x.com/ediganthol/status/1868660700652196090,1832686031667392514,ediganthol
1868548298216546772,2024-12-16T14:02:59.000Z,1,@SantorinisSun polisi selalu dapat alasan demi menutupi kinerja mereka...🤣🤣🤣,1868658081305178336,,SantorinisSun,in,,0,0,0,https://x.com/noardtambunan/status/1868658081305178336,1235811577661542401,noardtambunan
1868583503467856280,2024-12-16T11:04:06.000Z,10,"@susno2g Mencermati kinerja polisi seperti kasus :
- KM.50
- Sambo
- Gamma
- Banyak kasus ""jebakan narkoba""
Patut diduga kuat kasus Vina &amp; Eki tsb. terindikasi ada rekayasa polisi.",1868613066667229616,,susno2g,in,,0,1,0,https://x.com/EdiKeceput2/status/1868613066667229616,1530489102180958208,EdiKeceput2
1868342551587201493,2024-12-16T10:27:40.000Z,2,"@H4T14K4LN4L42 @ListyoSigitP @prabowo @Gerindra Lagian ngapain juga dijadikan kapolri terlalu lama, banyak konflik kepentingan dan terbukti merosotnya kinerja polisi yg makin banyak bikin ulah.. 🤮🤮",1868603898279391456,,H4T14K4LN4L42,in,,0,0,1,https://x.com/hobbies30347/status/1868603898279391456,1826653375997566976,hobbies30347
1868474878518591503,2024-12-16T08:06:58.000Z,0,"@KompasTV No Viral No Justice itu bukti klo pelaku itu kebal hukum. 
sudah di laporkan di bulan oktober tapi blm di selidiki sampai beritanya viral di bulan desember itu bukti klo pelaku kebal hukum. begitulah kinerja polisi prindavan",1868568488543166893,,KompasTV,in,,0,0,0,https://x.com/Sil4Ke5/status/1868568488543166893,776225088622383104,Sil4Ke5
1868471619041312906,2024-12-16T06:27:35.000Z,1,@JhonSitorus_18 Knp ya kinerja polisi sll di kritisi mulai duluuuuuuuuuuuuu ampe skrg GA BERUBAH UBAH. Kok ndableg  gitu ya?  Why?   Why?,1868543475463151636,,JhonSitorus_18,in,,0,0,2,https://x.com/SetiawanMe/status/1868543475463151636,1202720648,SetiawanMe
1868525265405845971,2024-12-16T05:15:13.000Z,0,"Kepala Sub Bagian Program Satuan Polisi Pamong Praja Provinsi Sulawesi Selatan Melaksanakan Rapat dalam rangka Penyusunan Dokumen Evaluasi Kinerja Satuan Polisi Pamong Praja Provinsi Sulawesi Selatan Tahun Anggaran 2024.

📍Ruang Rapat Satpol PP Sulsel https://t.co/g77IgNBflh",1868525265405845971,https://pbs.twimg.com/media/Ge5V0mZawAAwQ94.jpg,,in,,0,0,0,https://x.com/satpolppsulsel/status/1868525265405845971,1793563002551390208,satpolppsulsel
1868487156320309440,2024-12-16T02:43:47.000Z,0,"udah cape gua liatin kinerja polisi yang amat sangat baik ahir-ahir ini. senantiasa menyayomi dan bekerja dengan sangat cepat. tidak diragukan lagi, memang sangat pantas menjadi profesi untuk menantu idaman.",1868487156320309440,,,in,,0,0,0,https://x.com/andiprnmaa/status/1868487156320309440,279567268,andiprnmaa
1868464624670302527,2024-12-16T01:14:15.000Z,1,"Kapolda Sumsel Mengikuti Apel Kasatwil 2024

Kepala Kepolisian Daerah (Kapolda) Sumatera Selatan ( Sumsel ) Irjen Pol Andi Rian R Djajadi, SIK, MH, beserta Kasatwil Jajaran Polda Sumsel mengikuti Apel Kepala Satuan Wilayah (Kasatwil) 2024 yang pelaksanaannya di Graha Cendekia https://t.co/TJ0YCa2aTd",1868464624670302527,https://pbs.twimg.com/media/Ge4eqsuaQAAXqX1.jpg,,in,,0,0,1,https://x.com/sumsel_polda/status/1868464624670302527,1463305353773289477,sumsel_polda
1868221198162952325,2024-12-15T22:25:59.000Z,0,"@Opposisi6890 Oh ini to yg beraninya Ama cewek dan anak buahnya, saatnya polri buktikan presisinya segera proses dan masukin got e salah prodeo cowok sipit gendut ini.ditunggu masyarakat indo pak polisi kinerja pak polisi jgn JD jelek citranya kalau kasus ini tdk segera diselesaikan prosesnya",1868422279539068984,,Opposisi6890,in,,0,0,0,https://x.com/BasukiRahm74528/status/1868422279539068984,1850136489054900224,BasukiRahm74528
1868161831145193793,2024-12-15T17:10:36.000Z,0,"@DivHumas_Polri Kalau kasus iwas bisa ditangani dengan cepat dan responsif, lalu masyarakat harus memuji kinerja kalian (polisi)? 🤔
Masyarakat ga respek dengan kalian selama Kapolrestabes Semarang masih bebas!",1868342908522496040,,DivHumas_Polri,in,,0,0,0,https://x.com/_KonohaCity_/status/1868342908522496040,1435198494,_KonohaCity_
1868331851158548983,2024-12-15T16:26:39.000Z,0,Kok 2 blm ga selesai bagai mana kinerja Polisi malu dong jika Kapolri di panggil lg DPR-RI.,1868331851158548983,,,in,,0,0,0,https://x.com/trimis76222147/status/1868331851158548983,967754729848623105,trimis76222147
1868314260625109404,2024-12-15T15:16:45.000Z,0,"Polisi masih sebut pelaku itu hanya sebatas saksi,,, luar biasa kinerja Presisi yg di Kampanyekan oleh pak Kapolri @ListyoSigitP ,, @DivHumas_Polri @poldametrojaya @kompolnas_ri ,, @KomnasHAM jgn hanya teriak dana operasional tapi tak berpihak ke rakyat",1868314260625109404,,,in,,0,0,0,https://x.com/RDolhalewa85455/status/1868314260625109404,1809165724075835392,RDolhalewa85455
1868312936462291042,2024-12-15T15:11:30.000Z,0,"Apakah karena disuap sehingga Polisi Indonesia tak berkutik? 
 Pak Kapolda @poldametrojaya ,, ayo atensinya mana,, apa Haris lapor ke pak Kapolri @ListyoSigitP ,, beginilah kinerja Polisi Indonesia skarang @DPR_RI @prabowo @Gerindra ,, No viral, no justice, @antaranews @NasDem",1868312936462291042,,,in,,0,0,0,https://x.com/RDolhalewa85455/status/1868312936462291042,1809165724075835392,RDolhalewa85455
1868263379099611221,2024-12-15T14:15:58.000Z,0,@Heraloebss Pak @prabowo please perbaiki institusi @divulganacional lama2 muak liat kinerja polisi,1868298963000181247,,Heraloebss,in,,0,0,0,https://x.com/JustReed2025/status/1868298963000181247,1193308603752431616,JustReed2025
1868202574618501269,2024-12-15T12:32:21.000Z,0,"@zoelfick Kalo sudah di laporkan tidak di proses,  artinya polisi kita kinerja nya bagus banget",1868272886450208801,,zoelfick,in,,0,0,0,https://x.com/HuluJuki/status/1868272886450208801,1533490670597419008,HuluJuki
1868172908025229405,2024-12-15T11:52:19.000Z,0,"@kanggeroback @Heraloebss @DivHumas_Polri ...copot kapolsek, kapolres, usut pak Kapolda polisi yg tdk segera menproses laporan yg sdh 2 bln. No viral no justice..inikah kinerja kepolisian..???",1868262809685143966,,kanggeroback,in,,0,0,0,https://x.com/santun62/status/1868262809685143966,1427055408980525057,santun62
1868246231870562759,2024-12-15T10:46:26.000Z,84,"POLISI KEKINIAN

Jalur Lambat untuk menyamarkan aib, Jalur Cepat untuk mengangkat citra. Kinerja tidak esensial.
•
• https://t.co/5OoxHkQMC8",1868246231870562759,https://pbs.twimg.com/media/Ge1YCYsbgAAbzKB.jpg,,in,,4,10,44,https://x.com/Musti_Umbar/status/1868246231870562759,1529772993530167297,Musti_Umbar
1868169989292978422,2024-12-15T09:33:58.000Z,2,"@geloraco Orang miskin gk boleh lapor ke polisi karena pasti tidak di tanggapi sama polisi @ListyoSigitP @DivHumas_Polri nunggu viral baru polisi bergerak bagai pahlawan, Pak  @prabowo tolong evaluasi kinerja kepolisian ini pak biar lebih bermanfaat",1868227992599847362,,geloraco,in,,0,0,0,https://x.com/darmannst/status/1868227992599847362,208382063,darmannst
1868174620249182474,2024-12-15T08:30:20.000Z,2,"@ListyoSigitP Pak anda di gaji dari hasil pajak Rakyat, lihat kinerja anak buah bapak, laporan 2 bulan baru masuk penyidikan, itupun setelah Netizen memviralkan.

Begitu banyak oknum polisi bajingan di bawah kepemimpinan bpk.

https://t.co/tzkfYvuuFK",1868211981867782243,,ListyoSigitP,in,,0,0,0,https://x.com/maulidiazahra__/status/1868211981867782243,2758399085,maulidiazahra__
1868202574618501269,2024-12-15T08:24:17.000Z,0,"@zoelfick Untuk sementara karena belum viral iya dia kebal hukum, krn pelapor orang miskin tak bisa memberi uang ke polisi. Sedangkan sebelum di laporkan pihak si pelaku sudah menjajal uang ke polisi. 
Kita tunggu saja drama anak buah @ListyoSigitP soal kasus ini, muak lihat kinerja polisi",1868210459931025554,,zoelfick,in,,0,0,0,https://x.com/maulidiazahra__/status/1868210459931025554,2758399085,maulidiazahra__
1868172908025229405,2024-12-15T08:20:12.000Z,0,@Heraloebss @ListyoSigitP oh gini kinerja polisi yang katanya sekarang presisi,1868209429046612089,,Heraloebss,in,,0,0,0,https://x.com/yutasiswanto/status/1868209429046612089,1771876870193340416,yutasiswanto
1868172908025229405,2024-12-15T07:53:30.000Z,40,@Heraloebss Pak @prabowo @Gerindra bapak gak sedih dan terpukul lihat hal begini? Ada orang direndahkan serendah-rendahnya seperti budak. Dianiaya dan dihina. Dua bulan udah lapor polisi tapi gak ada kejelasan. Bapak gak mau marah sama kinerja anak buah bapak yg selalu bikin malu ini?,1868202711881289915,,Heraloebss,in,,0,6,6,https://x.com/Skysitorus/status/1868202711881289915,69889817,Skysitorus
1867978949802045561,2024-12-15T07:01:44.000Z,0,"@Heraloebss Dua bulan alasanya proses pengumpulan alat bukti paling, nnti setelah viral langsung cukup alat buktinya dan segera ditersangkakan. Gitu mulu kinerja polisi.",1868189684083597658,,Heraloebss,in,,0,0,0,https://x.com/ChandraaRiza/status/1868189684083597658,435891720,ChandraaRiza
1868172908025229405,2024-12-15T06:41:24.000Z,0,"@Heraloebss Polisi kagak bisa kerja apa? Laporan udh 2bln, anggaran tiap tahun naik terus, kinerja malah makin turun @DivHumas_Polri",1868184566160413182,,Heraloebss,in,,0,0,0,https://x.com/10000rupiah/status/1868184566160413182,1825893770271010816,10000rupiah
1869351386711990462,2024-12-18T11:57:56.000Z,0,"Ngga habis pikir sama kinerja anak buahnya pak @ListyoSigitP @DivHumas_Polri, kalo gitu polisi yg mengungkap kejahatan juga bisa jadi tersangka dong? Yg lapor aja bisa jadi tersangka, apalagi yg mengungkap
#NoViralNoJustice 
#NoViralNoJustice 
#NoViralNoJustice",1869351386711990462,,,in,,0,0,0,https://x.com/SoeNhino/status/1869351386711990462,118077349,SoeNhino
1868175816288534822,2024-12-15T06:06:38.000Z,0,"ril no viral no justice gw dah muak bgt sama kinerja polisi ini gunanya apa? ga usah lah bikin2 video2 pencitraan bulshit, kalo pengen citranya bagus ya kinerja nya yg diperbaiki",1868175816288534822,,,in,,0,0,0,https://x.com/midageprob/status/1868175816288534822,1622471341546024961,midageprob
1867802200195707330,2024-12-15T04:04:12.000Z,1,"@DivHumas_Polri Smg harapan presiden Prabowo bukan hanya didengerin tapi dibuktikan kinerja polisi,, km rakyat tdk mau lg denger berita polisi bunuh orang tak bersalah,, zalim dgn rakyat,, wait and see,,",1868145005250167137,,DivHumas_Polri,in,,0,0,0,https://x.com/aa_rahman21/status/1868145005250167137,292390605,aa_rahman21
1867978949802045561,2024-12-15T03:42:59.000Z,3,"@Heraloebss Anggaran uda makin gede tp kinerja makin melorot, itulah Polisi kita. 

Ga viral, ga diproses. 
Ga viral, kasus2 direkayasa
Ga viral, ga ditangkep

Lanjuti sendiri lah mgn kinerja Polisi Kita",1868139664835764461,,Heraloebss,in,,0,1,2,https://x.com/yesmar_banu/status/1868139664835764461,85495565,yesmar_banu
1867796198171848788,2024-12-15T03:39:17.000Z,0,"@pakaipeci Harus ada POLISI SWASTA ...
Yang Mana  Kinerja nya yg lebih Baik apakah Polri atau Polisi Swasta 
seperti di Amerika.",1868138737315840480,,pakaipeci,in,,0,0,0,https://x.com/zebua_rizal/status/1868138737315840480,1593381260352573440,zebua_rizal
1867802200195707330,2024-12-15T02:58:06.000Z,0,"@DivHumas_Polri admin nya liat komen komennya ga ya, hampir semua pada kritis terhadap kinerja polisi",1868128371030589894,,DivHumas_Polri,in,,0,0,0,https://x.com/cakhanif/status/1868128371030589894,313083173,cakhanif
1867802200195707330,2024-12-15T02:09:12.000Z,1,@Aenuddin5 @DivHumas_Polri Apakah masyarakat msh membutuhkan kinerja @DivHumas_Polri yg suka memberikan keterangan palsu n memfitnah korban pembunuhan yg di lakukan oleh anggota Polisi?,1868116063189344661,,Aenuddin5,in,,0,0,0,https://x.com/Maz_Ssyamsul/status/1868116063189344661,1827577832782143488,Maz_Ssyamsul
1870329401336021204,2024-12-21T18:16:03.000Z,1,"@himawansugeha95 Malah ngeles, introspeksi aja ndan....
Terima aja klo kinerja polisi itu masih sangat memprihatinkan",1870533707737825685,,himawansugeha95,in,,0,0,0,https://x.com/tukangbotol/status/1870533707737825685,233877292,tukangbotol
1870485065706389506,2024-12-21T15:36:30.000Z,0,"@tvOneNews Ini polisi yang berbuat kelakuan itu sungguh kurang ajar. Bayangkan kalau Polisi diraja malaysia berbuat demikian thdp warga kita yang melancong kesana.

Mmg semakin kesini kinerja polisi kok makin kesana, ya. Bukan melindungi marwah institusi, malah semakin merusak citra polisi",1870493556005294124,,tvOneNews,in,,0,0,0,https://x.com/si_nchann/status/1870493556005294124,1128613415075770370,si_nchann
1870446404726034899,2024-12-21T12:29:08.000Z,0,Up dan kawal prosesnya smp selesai... polisi maen hakim sendiri.. korban smp pingsan gr2 dibanting @ListyoSigitP  wadaw kinerja polisi padahal lg disorot nih pak... mana presisinya,1870446404726034899,,,in,,0,0,0,https://x.com/fardoyoasri/status/1870446404726034899,359560496,fardoyoasri
1870265012885049653,2024-12-21T11:18:14.000Z,0,"@B3doel___ @POLRESTASURAKAR Semangat untuk tetap gitu-gitu aja kinerja Pak Polisi, untuk setiap kasus hukum di negara ini. Tiap bulan dapat gajian dan setiap berapa tahun sekali juga naik  pangkat.",1870428561511002163,,B3doel___,in,,0,0,0,https://x.com/NewsAnch0rr/status/1870428561511002163,1447037181353095168,NewsAnch0rr
1870395899068682455,2024-12-21T09:49:42.000Z,0,@pandji @prabowo gak ada atensi atas kinerja polisi pak? lagi disorot terus nih kbanyakan oknum,1870406281372254594,,pandji,in,,0,0,0,https://x.com/ari29_kop/status/1870406281372254594,986890975,ari29_kop
1870396198701715639,2024-12-21T09:09:38.000Z,991,"Yang ga normal itu Polisi, anggaran segede itu tpi kinerja amburadul ya wajib dipertanyakan. 

Militer masih mending krn liat faktor geopolitik sekarang, udh selayaknya modernisasi. Ingat, anggaran kemenhan itu bukan cuman operasional aja, tpi mencakup

Cont-",1870396198701715639,,,in,,6,7,259,https://x.com/rhn_1805/status/1870396198701715639,921568246523764736,rhn_1805
1870371262637462001,2024-12-21T08:38:04.000Z,0,@RickyKardjono Polisi diaudit gak mau coba audit kinerja dulu,1870388255360950731,,RickyKardjono,in,,0,0,0,https://x.com/ping_two/status/1870388255360950731,720057806,ping_two
1870019988003922314,2024-12-21T08:13:11.000Z,0,"@akibaryou Karena polisi kinerja nya paling bagus, apalagi kejaksaan. Jadi wajarlah. Oke Gas Eraa ini..",1870381992711491715,,akibaryou,in,,0,0,0,https://x.com/rhandoko21/status/1870381992711491715,1071953275803422721,rhandoko21
1870060476664864968,2024-12-21T07:01:47.000Z,0,@TirtoID Fungsinya @ListyoSigitP jadi apa seharusnya di sekarang kerja yang benar benahi terlebih kinerja polisi jangan sibuk nyari muka ke presiden  udah jelas banyak oknum polisi yang ngaco dan bikin masalah eh kapolri nya lagi sibuk nyari muka,1870364024439001367,,TirtoID,in,,0,0,0,https://x.com/bendolganteng/status/1870364024439001367,1276876868340203520,bendolganteng
1870337258337046708,2024-12-21T05:15:26.000Z,0,"Gimana ya kalau plat mobil motor diganti dgn tulisan ""POLISI BANGSAT"". Pos jaga di mural  ""POLISI BAJINGAN""
Biar tau kalau kinerja institusi ini emang udah sangat BANGSAT. Rakyat dijadikan mainan mereka, yg benar jadi salah, yg salah dibela sampai menang krn bayaran. 
Setuju?",1870337258337046708,,,in,,0,0,0,https://x.com/avila12894909/status/1870337258337046708,1797077910412840960,avila12894909
1870265012885049653,2024-12-21T05:05:30.000Z,1,@B3doel___ @POLRESTASURAKAR Astaghfirullah.... ada apa dengan kinerja polisi negara ini?,1870334760528273546,,B3doel___,in,,0,0,0,https://x.com/KelanaM21623/status/1870334760528273546,1811799237400887296,KelanaM21623
1870182669834957244,2024-12-21T01:42:07.000Z,0,"@CNNIndonesia Ganti polisi nya pake swasta,pake outsourcing  berulah terus ini institusi udah ngabisin APBN terbesar nomer 2 kinerja buruk",1870283577725989118,,CNNIndonesia,in,,0,0,0,https://x.com/Kuzrac1/status/1870283577725989118,1285421884926865409,Kuzrac1
1870119258660974812,2024-12-21T00:04:31.000Z,0,"@OmJ_JeNggot Yang di untungkan dengan anggaran polisi tinggi siapa ya... Berbandjng terbalik kinerja untuk rakyat y.. 
Reformasi atau bubarkan kepolisian itu lebih baik? 
@ListyoSigitP 
@prabowo 
@pdip 
@PKSejahtera 
@DPR_RI",1870259015420391739,,OmJ_J3Nggott,in,,0,0,0,https://x.com/iskan45v/status/1870259015420391739,1241596438561181696,iskan45v
1869968568231801140,2024-12-20T22:53:21.000Z,0,"@asumsico Pecat polisi yg terbukti korup ga kompeten sebanyak2nya, kedepan pasti bagus kinerja polisi",1870241105545179476,,asumsico,in,,0,0,0,https://x.com/ReyhanHilal6/status/1870241105545179476,1546469501210087424,ReyhanHilal6
1869914615334785293,2024-12-20T22:36:57.000Z,1,"@suhud_harits @txtdrimedia kemenhan wajar anggaran segitu, apalagi ngurus alutsista TNI yg costnya tinggi, yg ga wajar emng polisi.. anggaran jumbo + kinerja acak adul, alutsista apa yg diurus?",1870236976311623827,,suhud_harits,in,,0,0,0,https://x.com/muhammadsyakur2/status/1870236976311623827,473417028,muhammadsyakur2
1870182414972244062,2024-12-20T19:00:08.000Z,0,"PERLU DIPERTANYAKAN KINERJA POLISI SAAT INI??!!. 
KAPOLRI NYA NGAPAIN AJA??!!. 
TERLALU BANYAK WAKTU YG TERBUANG HANYA UNTUK CARI MUKA DENGAN PEJABAT NEGERI INI HINGGA INSTITUSI YG JADI TANGGUNG JAWAB NYA JADI LIAR!!. 

@prabowo
@gibran_tweet
@DPR_RI

https://t.co/KyTNKii0P7",1870182414972244062,,,in,,0,0,0,https://x.com/M17522147/status/1870182414972244062,891883949571457024,M17522147
1870131278089203781,2024-12-20T15:36:56.000Z,0,"JELAS KINERJA POLISI SEKARANG INI 0 BESAR!!. 
JELAS SEKARANG POLISI JUGA MENJADI MUSUH RAKYAT!! 
TAPI KENAPA PEMERINTAH TIDAK MENCOPOT KEPALA POLISI NYA??!!. 
ADA APA PAK @prabowo??!!. 

@prabowo
@gibran_tweet
@DPR_RI

https://t.co/hBrVrq2Kip",1870131278089203781,,,in,,0,0,0,https://x.com/M17522147/status/1870131278089203781,891883949571457024,M17522147
1869933376758788342,2024-12-20T10:30:32.000Z,2,"@widywenny @AdjieSanPutro KPK itu lahir karena kinerja polisi dan kejaksaan dipertanyakan lah sekarang KPK nya malah ikutan polisi, KPK dibubarin aja polisi dan kejaksaan di revolusi atau kalo perlu negara ini yg di revolusi",1870054170788757910,,,in,,0,0,0,https://x.com/pertalitelangka/status/1870054170788757910,82378323,pertalitelangka
1869914615334785293,2024-12-20T07:42:43.000Z,0,@txtdrimedia Dan kinerja polisi masih kek tai,1870011937062539743,,txtdrimedia,in,,0,0,0,https://x.com/sraived16/status/1870011937062539743,"1,76375E+18",sraived16
1869978537882427630,2024-12-20T05:30:00.000Z,2,"Hetifah Apresiasi Kinerja Polisi Bongkar Pabrik Uang Palsu di UIN Makassar
#bahlillahadalia #kuningkeren #golkarindonesia #partaigolkar #golkarpedia
https://t.co/OyHUeGaRZh",1869978537882427630,,,in,,0,0,25,https://x.com/golkarpedia/status/1869978537882427630,721898354502930433,golkarpedia
1871519155360522623,2024-12-25T11:19:53.000Z,0,@Mdy_Asmara1701 abis ini bakal muncul survey lgi klo kinerja polisi dan politisi sangat baik dan sempurna,1871878528335327296,,Mdy_Asmara1701,in,,0,0,0,https://x.com/kirakazuhiro/status/1871878528335327296,1617332592,kirakazuhiro
1871191498072719573,2024-12-25T05:44:40.000Z,0,@RWWReborn Min menurut mimin apbn utk porsi anggaran kepolisian terlalu gede ga? Berkaca ke kinerja polisi scr umum,1871794167611093355,,RWWReborn,in,,0,0,0,https://x.com/RisanMilanisti/status/1871794167611093355,86320964,RisanMilanisti
1871597274482225234,2024-12-25T04:10:24.000Z,0,"@Heraloebss Polisi kinerja sesuai sumpah karir jalan ditempat yang kriminal sangat cepat.
 pimpinan mau bukti?",1871770443583295602,,Heraloebss,in,,0,0,0,https://x.com/husinb1/status/1871770443583295602,1190585519597469698,husinb1
1871763398356308456,2024-12-25T03:42:24.000Z,0,Kinerja polisi dibawah @ListyoSigitP mengecewakan,1871763398356308456,,,in,,0,0,0,https://x.com/sekologic/status/1871763398356308456,411542611,sekologic
1871540161814966281,2024-12-24T20:55:28.000Z,0,"@RWWReborn Mana ada peran polisi, peran dishub, peran DLH ...

Mereka mah sibuk foto ngisi kinerja harian, penting tpp full, atasan liat dia kerja ....",1871660991010029906,,RWWReborn,in,,0,0,0,https://x.com/mirzafaishal/status/1871660991010029906,1107534658558779392,mirzafaishal
1871519155360522623,2024-12-24T20:51:46.000Z,0,"@Mdy_Asmara1701 Yes. Memang sudah sejauh lama. Dgn adanya media sosial, Semua Fakta bahwa kinerja Politisi dan Polisi belum memenuhi harapan Pendiri Bangsa bahkan bisa dikategorikan merosot?
Tak tau ya. 
Kecuali kita mengundang arwah founder bangsa utk menilai.",1871660060495208541,,Mdy_Asmara1701,in,,0,0,0,https://x.com/EfendiYanto/status/1871660060495208541,433508462,EfendiYanto
1871584888643785077,2024-12-24T15:53:04.000Z,0,"PRAKTIK SEPERTI INI SUDAH LAMA... CUMA SEPERTI BIASANYA.. NO VIRAL, NO ACTION DARI KEPOLISIAN!!!. 
BRENGSEK GAK POLISI DI NEGERI INI??!!. 

@prabowo ... PECAT SAJA LAH @ListyoSigitP !!. 
RAKYAT SUDAH BENAR-BENAR MUAK DENGAN KINERJA KEPOLISIAN!!. 

@DPR_RI

https://t.co/8sV2HSRVBj",1871584888643785077,,,in,,0,0,0,https://x.com/M17522147/status/1871584888643785077,891883949571457024,M17522147
1871429241742803121,2024-12-24T15:20:32.000Z,14,"@MEMBERSOFPARTY @dmarvine ngadu ke polisi kira"" polisi bakal ngurus ginian ga si kak??? liat dr kasus baru"" ini kinerja polisi kok jd jlek banget kayanya",1871576702863958371,,comiteecentral1,in,,0,2,0,https://x.com/somebodyel36199/status/1871576702863958371,1672521346906210304,somebodyel36199
1871552034882912707,2024-12-24T13:42:31.000Z,0,Gw screen shoot buat persiapan kalau ada akun polisi yg posting tentang kinerja mereka.. https://t.co/EzWeXWb32B,1871552034882912707,https://pbs.twimg.com/media/GfkWp9FaUAAcM1Y.jpg,,in,,0,0,0,https://x.com/nalsya_aldi/status/1871552034882912707,1603684422393688064,nalsya_aldi
1869623237514281025,2024-12-24T13:30:27.000Z,0,@tabes_semarang Haha gak ada komen positif ditwit ini berarti mank busuk banget kinerja polisi 🤣🤣🤣,1871548996881395763,,tabes_semarang,in,,0,0,0,https://x.com/rusdiantz/status/1871548996881395763,50997604,rusdiantz
1871318727175930153,2024-12-24T02:21:44.000Z,4,"@KheyL4_8 @MichelAdam717 MenyendiHkan sekali kinerja polisi 
Pemaksaan adalah arogansi salah aturan",1871380710898192857,,KheyL4_8,in,,0,1,0,https://x.com/OmJ_J3Nggott/status/1871380710898192857,721590341669748736,OmJ_J3Nggott
1871378892340289537,2024-12-24T02:14:31.000Z,0,"Reply nya wekakakak 
gak pingin nyoba survey kinerja polisi ta pak? @ListyoSigitP @prabowo @Gerindra",1871378892340289537,,,in,,0,0,0,https://x.com/ray_sulton/status/1871378892340289537,547466673,ray_sulton
1870994562740899874,2024-12-24T01:30:54.000Z,0,"@xojolx Wakapolres jenguk korban,, bisa ada korban karenaada peran atas kinerja payah kepolisian. Kalo cuman bisa jenguk tanpa ada tindakan pencegahan yg comprehensive secara hukum, maka akan selalu ada korban selanjutnya. LALU BUAT APA ADA POLISI?",1871367917746729186,,xojolx,in,,0,0,0,https://x.com/tantu_panggelar/status/1871367917746729186,195276200,tantu_panggelar
1871361059371847833,2024-12-24T01:03:39.000Z,1266,"_*Kinerja Polisi 10 Tahun Terakhir, Anggaran Belanjanya 10 Kali Lebih Dari TNI. Apakah Ini Yang Disebut Anak Kesayangan*_ https://t.co/SmzGms9yYN",1871361059371847833,https://pbs.twimg.com/ext_tw_video_thumb/1871360956141572096/pu/img/Cayx7Sydtf-rtWzL.jpg,,in,,9,15,496,https://x.com/karay_yasin/status/1871361059371847833,1087876332,karay_yasin
1871103185945071853,2024-12-23T16:39:04.000Z,1,"@Dennysiregar7 Sebaiknya ada lembaga indenpenden utk menyidik dan menangkap oknum polisi yg nakal disemua jajaran agar kinerja polisi tidak asal asalan

Lembaga indenpenden ini harus ada di pusat di propinsi dan kabupaten utk menerima laporan laporan masyarakat dg bukti yg cukup",1871234077938110472,,,in,,0,2,0,https://x.com/DiasGemblunk/status/1871234077938110472,1367774986178490369,DiasGemblunk
1871099129117692265,2024-12-23T07:42:50.000Z,2,"Orang pasang CCTV dengan harapan akan mudah melaporkan tindak kejahatan karena sudah disertakan bukti. Nyatanya, semua itu tidak banyak membantu jika kinerja aparatnya buruk. Ada berapa tindak pencurian yg jelas wajah pelakunya tapi polisi tidak menangkapnya?",1871099129117692265,,,in,,0,0,0,https://x.com/dion_sauruss/status/1871099129117692265,1816621516156772352,dion_sauruss
1870842063111200930,2024-12-23T02:58:27.000Z,1,@BSenyior41091 @lemlempolem @kegblgnunfaedh Yg kek gitu mah polisi pasti bisa mah. Kalo ga bisa berarti kinerja mreka ga bener,1871027563629580359,,BSenyior41091,in,,0,0,0,https://x.com/_DeJovanna/status/1871027563629580359,1173101621900742656,_DeJovanna
1870797177817280709,2024-12-22T11:42:59.000Z,0,"Kinerja buruk polisi thdp korban kekerasan seks ual, https://t.co/faiNdfHLTH",1870797177817280709,,,in,,0,0,0,https://x.com/devi_pray/status/1870797177817280709,1425292800,devi_pray
1870679390977417318,2024-12-22T03:54:57.000Z,0,"Buset 18 polisi meres penonton??

Prabowo anda gak mau ganti Kapolri-nya ya??

Biar ada pembaruan &amp; perbaikkan kinerja mungkin..",1870679390977417318,,,in,,0,0,0,https://x.com/Anchoz/status/1870679390977417318,61856956,Anchoz
1870669085148868621,2024-12-22T03:13:59.000Z,0,"Catatan IPW, kasus polisi bunuh diri di 2024 meningkat dari 3 kasus menjadi 9 kasus.

Ketua IPW Sugeng Teguh Santoso pun menyarankan Kapolri melakukan pembinaan mental dan mengawasi betul kinerja jajarannya, khususnya yang memiliki izin penggunaan senjata api.

cc @DivHumas_Polri https://t.co/Pz0S73ScnC",1870669085148868621,https://pbs.twimg.com/media/GfXzYQ9aIAAA6xT.jpg,,in,,0,0,0,https://x.com/holopiscom/status/1870669085148868621,1366400664960573441,holopiscom
1870876908470313191,2024-12-23T02:46:07.000Z,0,@Heraloebss Selama Kapolrinya masih yg sekarang jangan berharap banyak terhadap kinerja polisi. Kepolisian mau diperburuk dengan sengaja.,1871024456459866468,,Heraloebss,in,,0,0,0,https://x.com/Robiaji86/status/1871024456459866468,1603707001699459072,Robiaji86
1870344478143455283,2024-12-23T02:06:55.000Z,0,"@OmJ_JeNggot Tiap hari isinya kejelekan polisi, tapi kapolrinya cuma diam aja,,
Apa pak kapolri sudah cukup puas dengan kinerja institusinya?",1871014595269472531,,OmJ_J3Nggott,in,,0,0,0,https://x.com/NurKosim795077/status/1871014595269472531,1679745551586443266,NurKosim795077
1870992028047405509,2024-12-23T00:37:15.000Z,0,"PERIKSA BABINSA..
KINERJA POLISI MAKIN NGAWUR!!. 
INI AKIBAT DARI KAPOLRI NYA YG LEBIH MEMENTINGKAN CARI MUKA DARIPADA MENJALANKAN TUGASNYA MEMBENAHI INSTITUSI POLRI!! 
JENDERAL KARBIT GAK AKAN BISA KERJA!!. 

@prabowo
@gibran_tweet
@DPR_RI

https://t.co/Qp8Ebb6Kek",1870992028047405509,,,in,,0,0,0,https://x.com/M17522147/status/1870992028047405509,891883949571457024,M17522147
1872959023928230091,2024-12-28T19:07:30.000Z,0,"@StefanAntonio__ Intinya udah ga bisa di selamatkan lagi negara ini....cuman bisa jaga jaga diri 
Polisi kinerja jelek di suap.
Hakim pengadilan di suap.

Para calon pelaku udah pede dengan melakukan kejahatan pada masarakat",1873083369225109865,,StefanAntonio__,in,,0,0,0,https://x.com/fwbenefit233391/status/1873083369225109865,1706194350257102848,fwbenefit233391
1872637299999273466,2024-12-28T17:13:26.000Z,0,@0xCupliz @GenihNaga @ahriesonta Netijen terlalu membebani kinerja polisi... Kasihh yg gampang2 aja donk.... Klo sulit3 gak sampe sana ilmu nya🤣🤣🤣,1873054663639171222,,0xCupliz,in,,0,0,0,https://x.com/JkntolwihDongo/status/1873054663639171222,1613106626034282496,JkntolwihDongo
1872504865248981306,2024-12-28T06:02:49.000Z,0,@tabes_semarang nih @habiburokhman kalau mau lihat kinerja polisi lihat replynya,1872885898112819595,,tabes_semarang,in,,0,0,0,https://x.com/SlametMaulana16/status/1872885898112819595,967982686085136385,SlametMaulana16
1872530208483606774,2024-12-28T03:38:28.000Z,0,@tempodotco Wkwkwk percaya ? Gua sih Lebih percaya Hitler mati di garut sih Dari pada kinerja polisi bener,1872849570855829767,,tempodotco,in,,0,0,0,https://x.com/0xGiorno/status/1872849570855829767,1283096367850614786,0xGiorno
1872836890363404362,2024-12-28T02:48:04.000Z,0,"Memuji melebihi dari apa yang seharusnya itu namanya menjilat, mengkritik melebihi dari yang selayaknya itu kedengkian. ( Ali bin Abi Thalib )

Kalau ditanya masyarakat tanpa melibatkan keluarga polisi kira2 jawabannya gimana ya tentang kinerja kepolisian? https://t.co/Cnbcmv8suV",1872836890363404362,https://pbs.twimg.com/media/Gf2nOfBawAMA_7s.jpg,,in,,0,0,0,https://x.com/Untungrakatesa/status/1872836890363404362,1231858064648572928,Untungrakatesa
1872664354073804836,2024-12-28T02:33:56.000Z,0,"@Jateng_Twit Kinerja kepolisian makin jeblok eh GABENER JATENG juga dari polisi 🤣🤣🤣🤣🤣🤣
Apessss bener yak dadi wong Jateng",1872833330418467056,,Jateng_Twit,in,,0,0,0,https://x.com/ArisPriyono_SPd/status/1872833330418467056,1661520969213841410,ArisPriyono_SPd
1872825309902557454,2024-12-28T02:02:03.000Z,1,"Maaf aja nih, ya mungkin krn gw kurang brgaul sma isilop aja kli ya, smp gk tau kinerja mrk apa selain berburu kejhtan? Krn dijln diem brdiri aja tgn gerak2 ngarur lalu lintas, yg seakan anak SD jga bisa begitu ngafur tpi tetep macet. Macet aja cma sibuk sma ht nya, gk ngatur,",1872825309902557454,,,in,,0,0,0,https://x.com/Si_Muggle/status/1872825309902557454,3022346882,Si_Muggle
1872643005028643265,2024-12-28T01:43:20.000Z,1,"@islah_bahrawi Maka BERANI @ListyoSigitP memecat anak buahnya itu ! Wong kinerja Kapolri aja ZONK ! Coba APA yg bisa dibanggakan dari banyak nya kasus HEBOH spt ""KASUS SAMBO PENUH REKAYASA &amp; KEBOHONGAN VJLGAR APARAT POLISI !! JENDERAL POLISI JUAL BARANG BUKTI NARKOBA ! JUDOL AJA GAGAL DIBASMI !",1872820599325872545,,islah_bahrawi,in,,0,0,0,https://x.com/Balerus8Lapan/status/1872820599325872545,1643561279276339200,Balerus8Lapan
1872820120210554983,2024-12-28T01:41:26.000Z,0,ya begitulah kinerja polisi ... sangat profesional dan rapih serta mengayomi ... sungguh men_tumila_khan mereka itu ... 🥴🥴🤮🤮,1872820120210554983,,,in,,0,0,0,https://x.com/kenjironagasak1/status/1872820120210554983,1457963215036436480,kenjironagasak1
1872451833941409995,2024-12-27T13:43:50.000Z,0,"@palupalupalupal @txtdrimedia Oh iya kah kak? Disini nihil, motor hilang = diikhlaskan. Kan sebel ya, kinerja polisi jelek bgt.",1872639531461271631,,palupalupalupal,in,,0,1,0,https://x.com/lilycattys/status/1872639531461271631,1568084639297970177,lilycattys
1872612335057269142,2024-12-27T12:54:22.000Z,13,"@CNNIndonesia Sebarluaskan berita ini biar seluruh dunia tau kinerja polisi indonesia 

*SALAM PRESISI*🤭",1872627082951536783,,CNNIndonesia,in,,0,0,2,https://x.com/AkhmdTau/status/1872627082951536783,1395660015357202436,AkhmdTau
1872556511194673541,2024-12-27T11:52:31.000Z,0,"@Sam_Ardi Gue salut dngn kinerja polisi di luar negeri 🤘
Saat nembak maling atau rampok sngt terukur
Salah sasaran bisa masuk penjara karir tamat",1872611517134414086,,Sam_Ardi,in,,0,0,0,https://x.com/Dsusantono1102/status/1872611517134414086,1315667947877142528,Dsusantono1102
1872542081455177846,2024-12-27T11:16:59.000Z,0,"@NOTASLIMBOY Inovatif namun tak solutif.

Eh, solutif buat mereka ding. 
Kan yg jd masalah buat mereka itu rakyat byk yg protes kinerja polisi, bkn alasan _*kenapa*_ rakyat protes. 

Jd mereka bikin gimmick biar kelihatan merakyat. ""Omg, pak pol unyu ternyata! gpp deh di dor.. unyu mah bebas""",1872602575549407589,,NOTASLIMBOY,in,,0,0,0,https://x.com/miyu4674/status/1872602575549407589,424895868,miyu4674
1872525630941888648,2024-12-27T06:11:14.000Z,0,"Keknya jadi polisi tuh pekerjaan yang relatif stabil, kinerja jelek dan bahkan sebangsat-bangsatnya dalam bekerja tuh paling dimutasi atau kalo tekanan hebat czkasus diproses tapi minimal banget usaha buat diadili",1872525630941888648,,,in,,0,1,0,https://x.com/kakaimee/status/1872525630941888648,1794260305801097218,kakaimee
1872213757944049900,2024-12-27T02:02:54.000Z,0,@ARSIPAJA ngopi sambil ngomongjn kinerja polisi kek di warkop warkop boleh ga? 😐,1872463133652230168,,ARSIPAJA,in,,0,0,0,https://x.com/onlicis/status/1872463133652230168,1772326656369377285,onlicis
1872213757944049900,2024-12-27T01:18:32.000Z,1,"@ARSIPAJA Solusi perbaikan citra polisi:
Meningkatkan integritas dan kinerja lembaga ❌️
Jualan kopi ✅️",1872451967739728283,,ARSIPAJA,in,,0,0,0,https://x.com/fanks1771/status/1872451967739728283,1171750757973946368,fanks1771
1872213757944049900,2024-12-27T00:19:53.000Z,0,@VidarLord15182 @umbiiiiiii @DidonRamos62409 @ARSIPAJA @DivHumas_Polri siapa yang bela program? kcoak banget itu kejadian udah lewat kalau polisi baru mau mulai ditengah kinerja mereka yang buruk. lu gak paham? belajar baca,1872437207476359465,,VidarLord15182,in,,0,1,0,https://x.com/walikonten/status/1872437207476359465,1397198670387453959,walikonten
1872149089187659824,2024-12-26T19:59:27.000Z,5,"@KompasTV Terus, terus maksudnya kalau positif narkoba layak elo palak gitu?

Serius gue gedek nih dg kinerja polisi kita. Bukan perbaiki diri, ngaca malah nyari2 kesalahan rakyat.

Baguslah, nanti diserang netizen malaysia, wowo ngamuk tau rasa
@malaysiakini gue asal tag malaysia nih.",1872371668221665326,,KompasTV,in,,0,0,0,https://x.com/sweetapril2010/status/1872371668221665326,1844763275461890049,sweetapril2010
1872291288391078377,2024-12-26T14:46:02.000Z,3,"@NalarPolitik_ Wis ra percoyo karo kinerja polisi now! Kalo polisi bikin gaduh dan resah masyarakat, saya baru percaysa!",1872292796411097231,,PaltiHutabarat,in,,0,0,1,https://x.com/PocoRedmip3397/status/1872292796411097231,1681943465050132480,PocoRedmip3397
1872287785836843172,2024-12-26T14:26:08.000Z,0,"Kerja bagus pak sanksinya mutasi doang, gapapa nanti diulang lagi aja yaa, namanya juga manusia bukan nabi kan ya pak, rakyat siap menggaji segerembolan anda sampe gendut. Kami semua bangga sama kinerja polisi",1872287785836843172,,,in,,0,0,0,https://x.com/gajahmleyott/status/1872287785836843172,1631880411063414789,gajahmleyott
1874123765736759357,2024-12-31T16:01:39.000Z,0,PP Hikmahbudhi Apresiasi Kinerja Polri 2024 di Bawah Kepemimpinan Kapolri Jenderal Polisi Listyo Sigit Prabowo https://t.co/K1mNAZ8ZHU,1874123765736759357,,,in,,0,0,0,https://x.com/Redaksisatuarah/status/1874123765736759357,1449737325898965006,Redaksisatuarah
1874109101053223058,2024-12-31T15:03:23.000Z,124,"Kapolri, Jenderal Polisi Drs. Listyo Sigit Prabowo, M. Si., mengucapkan terima kasih dan memberikan apresiasi kepada jajaran Korps Bhayangkara yang telah menjalankan tugas sehingga mendukung terwujudnya visi Menuju Indonesia Emas 2045. Selain itu, Kapolri juga berterima kasih https://t.co/UKYxvsFszQ",1874109101053223058,https://pbs.twimg.com/media/GgIsSqxbYAAbbNv.jpg,,in,,0,14,8,https://x.com/DivHumas_Polri/status/1874109101053223058,138290629,DivHumas_Polri
1874108920568115688,2024-12-31T15:02:40.000Z,135,Polri telah melakukan langkah progresif pada tahun ini dengan merealisasikan kebijakan inklusif melalui rekrutmen khusus bagi kelompok disabilitas. Sebanyak dua orang melalui Jalur Sekolah Inspektur Polisi Sumber Sarjana (SIPSS) dan 16 orang melalui Jalur Bintara telah bergabung. https://t.co/sAToSfawIV,1874108920568115688,https://pbs.twimg.com/media/GgIsIKHbYAU2WQl.jpg,,in,,2,17,9,https://x.com/DivHumas_Polri/status/1874108920568115688,138290629,DivHumas_Polri
1874108842461847822,2024-12-31T15:02:21.000Z,703,"Berdasarkan survei kinerja penegakan hukum yang dirilis World Justice Project, Indonesia yang dalam ini diemban oleh Polri menempati peringkat ke-42 dari 142 negara dengan skor 0,86 terkait efektivitas pengendalian kejahatan. Peringkat ini naik dari tahun 2023 yakni Indonesia https://t.co/jPInSmNtQb",1874108842461847822,https://pbs.twimg.com/media/GgIsDoPasAAkORL.jpg,,in,,394,1146,106,https://x.com/DivHumas_Polri/status/1874108842461847822,138290629,DivHumas_Polri
1874024361713426530,2024-12-31T12:03:54.000Z,0,"@DivHumas_Polri Terimakasih atas kerja kerasnya untuk Polisi seluruh Indonesia,tingkatkan terus kinerja polri untuk Indonesia emas 2030 #OptimisSambut2025",1874063930299166737,,DivHumas_Polri,in,,0,0,0,https://x.com/lulukhabibah11/status/1874063930299166737,1839305954132967424,lulukhabibah11
1874056918333047138,2024-12-31T11:36:02.000Z,0,"menempati posisi ke-44 dengan skor 0,85. Hal tersebut disampaikan oleh Kapolri, Jenderal Polisi Drs. Listyo Sigit Prabowo, MSi., dalam Rilis Akhir Tahun 2024 Polri di Mabes Polri, Jakarta Selatan, Rabu (31/12).

Capaian Kinerja Polri sepanjang Tahun 2024,",1874056920266662407,,TangerangPolsek,in,,0,1,0,https://x.com/TangerangPolsek/status/1874056920266662407,1308348137258409985,TangerangPolsek
1874024361713426530,2024-12-31T10:02:43.000Z,0,@DivHumas_Polri alhamdulilah Capaian Kinerja Polri sepanjang tahun 2024 dan Rilis Akhir Tahun Polri dengan unit2 hasil layanan polisi baru sepanjang tahun 2024 #OptimisSambut2025,1874033436777930978,,DivHumas_Polri,in,,0,0,0,https://x.com/tobeliii26/status/1874033436777930978,1855510847998799872,tobeliii26
1874024361713426530,2024-12-31T10:02:32.000Z,0,"@DivHumas_Polri pas lihat Capaian Kinerja Polisi sepanjang Tahun 2024 ternyata bagus bgt, semoga tahun depan makin bagus optimis
#OptimisSambut2025",1874033388606439815,,DivHumas_Polri,in,,0,0,0,https://x.com/arsylarf_/status/1874033388606439815,1798947655093010432,arsylarf_
1873567686464360709,2024-12-31T08:52:08.000Z,0,@txtdrimedia Lha koq sampai heran?.. Bapak kan polisi indonesia ?.. Bukan Kepala Polisi  Uganda kan? Bs2 nya lepas dari pengamatan dan pengawasan kinerja di jajaran staff anda di polisi?.. Ato jgn2 hanya sibuk melindungi penguasa?,1874015674441597108,,txtdrimedia,in,,0,0,0,https://x.com/bangbungwae/status/1874015674441597108,721961958732226560,bangbungwae
1873993166548041798,2024-12-31T07:30:17.000Z,17,@NataliusPigai2 Sampah banget kinerja lu pak. Di Semarang pada mati ditembak polisi lu diem doang di kantor. Gak guna,1873995074302075397,,NataliusPigai2,in,,0,2,0,https://x.com/lavvnt/status/1873995074302075397,1349013680,lavvnt
1873971996071256129,2024-12-31T05:58:35.000Z,45,"POLRES ACEH TIMUR RILIS CAPAIAN KINERJA 2024: GANGGUAN KAMTIBMAS TURUN, KASUS NARKOBA DAN LAKA LANTAS MENURUN

Laporan Polisi di wilayah hukum Polres Aceh Timur pada tahun 2024 ini terdapat 796 LP, mengalami  penurunan sebanyak 49 kasus atau 5,8%.

https://t.co/8krtqhMnYB https://t.co/OraBjzijwG",1873971996071256129,https://pbs.twimg.com/media/GgGvk_fbYAAH5HR.jpg,,in,,0,2,1,https://x.com/polresatim/status/1873971996071256129,3590645602,polresatim
1873962252883419491,2024-12-31T05:19:52.000Z,0,"Polisi
Jaksa
Hakim

Kinerja mereka yg bikin gue ogah saat mau berkarir di dunia hukum, malah malu punya gelar SH, ketemu orang cuman ditanyain pendapat soal kasus hukum yg dagelan doang.

Pengacara? Gue yakin mayoritas yg berdosa karir pun karna maugakmau krna ngeladenin 3 iblis.",1873962252883419491,,,in,,0,0,0,https://x.com/natsianipar/status/1873962252883419491,141418484,natsianipar
1873536481102635029,2024-12-31T04:20:41.000Z,1,@txtdrimedia Memang berpengaruh thdp kinerja Polisi ?? Polisi khan salah satu sisi dr bobroknya hukum di Indonesia,1873947361384517989,,txtdrimedia,in,,0,0,0,https://x.com/koncektanah/status/1873947361384517989,1251896402478682112,koncektanah
1873933951435506110,2024-12-31T03:27:24.000Z,1,"Kasus UU ITE di DPRD Merangin Memanas, Pengacara Pelapor Apresiasi Kinerja Polisi dan Prediksi Ada Tersangka Baru #BNetwork
https://t.co/QXtGxEYs9u",1873933951435506110,,,in,,0,0,0,https://x.com/Beritasatu/status/1873933951435506110,154102750,Beritasatu
1873900271665111328,2024-12-31T01:20:25.000Z,0,"Di TNI maupun Polisi itu kan ada unit Intel , bisa melakukan penyelidikan dan selama ini harusnya punya data jaringan.

Jangan hanya mengandalkan pengakuan , ya lakukan penyelidikan forensik.

...

Masa aktivis yg tidak dibayar gaji kinerja justeru punya data jaringan narkoba ?!",1873901994659967215,,knownjohan,in,,0,0,0,https://x.com/knownjohan/status/1873901994659967215,908558973556580352,knownjohan
1873621497853739093,2024-12-30T23:12:19.000Z,7,"@platonoyunsky jadi.. sebenernya ada orang yg dikasih tugas dgn imbalan uang dan berbagai fasilitas yg memudahkan kinerja dan hidupnya untuk bikin polisi jd berkompeten, profesional, dan bekerja sama untuk mengabdi ke masyarakat??",1873869757692456969,,platonoyunsky,in,,0,0,2,https://x.com/osharik/status/1873869757692456969,54907357,osharik
1873724072972234867,2024-12-30T13:33:25.000Z,0,Kinerja polisi di Apresiasi masyarakat,1873724072972234867,,,in,,0,0,0,https://x.com/ahmad84066563/status/1873724072972234867,1253179409021861888,ahmad84066563
1873684622699352390,2024-12-30T11:01:46.000Z,0,"@rmol_id Tak guna ekonomi naik tapi rakyat tercekik,jgn ABS pak,banyak penjilat,dan koruptor disekililing,buktikan saja hukum diindonesia benar benar adil ,bukan SPT saat ini,BPK dianggap OMON omon saja melihat hukum Harini,kinerja polisi hakim jaksa jg DPR 😭😭😭",1873685907297157429,,rmol_id,in,,0,0,0,https://x.com/Bolulegit1/status/1873685907297157429,1394541877760647168,Bolulegit1
1873523642371625086,2024-12-30T10:34:10.000Z,0,"@NataliusPigai2 Sebagai pejabat baru anda seharusnya menunjukkan kinerja anda, lihat bagaimana anak smk ditembak oknum polisi tetapi anda seperti tidak punya empati",1873678960728641578,,NataliusPigai2,in,,0,0,0,https://x.com/hombing_LT/status/1873678960728641578,1363119911459954695,hombing_LT
1873629416401838271,2024-12-30T10:09:43.000Z,1,"@eddesign_ @NataliusPigai2 Kalau mengikuti aturan... 2x24 jam nggak ketemu... Bisa lapor polisi, kan...???

Lha ini sudah berbulan belum ditemukan juga kinerja nya, Kita lapor kemana ya...??",1873672809983140126,,eddesign_,in,,0,1,0,https://x.com/dee__1209/status/1873672809983140126,1417137620186845191,dee__1209
1874060402679833056,2024-12-31T11:49:53.000Z,1,"Sobat Polisi !
Polri terus menunjukkan kiprahnya tidak hanya dalam menjaga keamanan, tetapi juga dalam dunia olahraga. Capaian Kinerja Polri sepanjang Tahun 2024, di Rilis Akhir Tahun Polri #OptimisSambut2025 https://t.co/OpXPr7Onnf",1874060402679833056,https://pbs.twimg.com/media/GgIAAG-a4AANFJg.jpg,,in,,0,0,0,https://x.com/sek_ujung_pare/status/1874060402679833056,1816602249017401344,sek_ujung_pare
1874058907053924663,2024-12-31T11:43:56.000Z,1,"Sobat Polisi !
Dalam upaya menanggulangi maraknya kejahatan investasi, Polri bersama 16 Kementerian/Lembaga lainnya membentuk Satgas PASTI yang menunjukkan kinerja signifikan pada tahun 2024.
 #OptimisSambut2025 https://t.co/5ADQv77Kyd",1874058907053924663,https://pbs.twimg.com/media/GgH-pJNbYAMF-fe.jpg,,in,,0,0,0,https://x.com/sek_ujung_pare/status/1874058907053924663,1816602249017401344,sek_ujung_pare
1874057616667926633,2024-12-31T11:38:48.000Z,1,"Sobat Polisi !
Berdasarkan Survei Global Terrorism Index (GTI) 2024, Indonesia merupakan negara yang masih tergolong sebagai negara dengan dampak terorisme menengah

Capaian Kinerja Polri sepanjang Tahun 2024, di Rilis Akhir Tahun Polri #OptimisSambut2025 https://t.co/Hhne8hMQDX",1874057616667926633,https://pbs.twimg.com/media/GgH9d_zbYAA8jj4.jpg,,in,,0,0,0,https://x.com/sek_ujung_pare/status/1874057616667926633,1816602249017401344,sek_ujung_pare
1874057156762517819,2024-12-31T11:36:59.000Z,1,"Sobat Polisi !
Polri kembali meraih opini Wajar Tanpa Pengecualian (WTP) dari BPK RI atas laporan keuangan tahun 2024. Capaian Kinerja Polri sepanjang Tahun 2024, di Rilis Akhir Tahun Polri #OptimisSambut2025 https://t.co/eHAzF7uFgS",1874057156762517819,https://pbs.twimg.com/media/GgH9BwNbYAEeWvo.jpg,,in,,0,0,0,https://x.com/sek_ujung_pare/status/1874057156762517819,1816602249017401344,sek_ujung_pare
1873993177142878561,2024-12-31T07:22:45.000Z,1,"Polda Aceh menggelar konferensi pers akhir tahun 2024 untuk memaparkan capaian dan keberhasilan kinerja Polda Aceh sepanjang tahun 2024.

@DivHumas_Polri 
@polripresisi
@polisi_peduli
@halo_polisi
@indo_pol 

#bidhumaspoldaaceh #poldaaceh #polripresisi https://t.co/sNH7rJ7imC",1873993177142878561,https://pbs.twimg.com/ext_tw_video_thumb/1873993151297576963/pu/img/y988WYlL1T_PQ6PU.jpg,,in,,0,1,0,https://x.com/bidhumasaceh/status/1873993177142878561,1254966776410124289,bidhumasaceh