conversation_id_str,created_at,favorite_count,full_text,id_str,image_url,in_reply_to_screen_name,lang,location,quote_count,reply_count,retweet_count,tweet_url,user_id_str,username
1808418182140776864,2024-07-04T19:32:18.000Z,0,"@DivHumas_Polri Untung yang dokumentasi warga, coba dari mereka pasti uda ilang sperti cctv di semua kasus yg melibatkan kinerja lembaga tercinta satu ini. Bravoo Polisi India",1808946959266500854,,DivHumas_Polri,in,,0,0,0,https://x.com/dimsky_04/status/1808946959266500854,752088034552623105,dimsky_04
1808472304567116044,2024-07-04T15:45:24.000Z,0,"@tempodotco polisi lagi...polisi lagi. 
 Pak @ListyoSigitP seurgen itukah kepentingan utk mencari tau siapa yg viralkan? Rakyat menilai kinerja lembaga bapak loh.",1808889860083888177,,tempodotco,in,,0,0,0,https://x.com/desmond_mata/status/1808889860083888177,52733023,desmond_mata
1808752115491426811,2024-07-04T14:55:40.000Z,0,"@tvOneNews makin para aja kinerja #polisi sejak di pimpin #kapolri sekarang ,,nga malu apa",1808877344423358948,,tvOneNews,in,,0,0,0,https://x.com/fakegojek0607/status/1808877344423358948,1758551528322080768,fakegojek0607
1808859543038013938,2024-07-04T13:44:56.000Z,0,"Udah tidak ada respek sama sekali dengan polisi, percuma lapor polisi. Semakin parah kinerja polisi Indonesia, klo ga rekayasa kasus, nyiksa orang tidak bersalah, penadah barang2 curian, bekingan kasus narkoba, udah makin ancurrrrr kerja polisi... 👎👎👎

https://t.co/wnqJAxMxbY",1808859543038013938,,,in,,0,0,0,https://x.com/civilianwarmen/status/1808859543038013938,1648679560660275201,civilianwarmen
1808833154855416151,2024-07-04T12:00:05.000Z,0,"Setelah melihat kinerja dan prestasi polisi kita sampai HUT Bayangkhara kemarin, apakah anda setuju :",1808833154855416151,,,in,,0,0,0,https://x.com/ucoxregar/status/1808833154855416151,804501241594191872,ucoxregar
1808474590764798248,2024-07-04T11:48:51.000Z,0,"@tempodotco pak @ListyoSigitP 
ini g’ salah pola pikir team anda?
oya pak, jgn telan mentah2
hasil survey ttg kinerja polri yg bagus
Juga puja/ji presiden RI JKW
Realitasnya, makin bnyk polisi
yg ngawur &amp; g’ bener",1808830330067169355,,tempodotco,in,,0,0,0,https://x.com/pryambara28/status/1808830330067169355,1569457044423606275,pryambara28
1808206425984041337,2024-07-04T10:21:55.000Z,0,@cingreborn Kinerja polisi semakin memprihatinkan..,1808808452254544311,,termulyono_,in,,0,0,0,https://x.com/andriwahyu175/status/1808808452254544311,731391845574434816,andriwahyu175
1808472304567116044,2024-07-04T09:25:13.000Z,0,@tempodotco heumz ko pikiran saya lebih ke tekanan buat orang yg memberi kritik pedas atau menginformasikan kinerja oknum yg tidak baik di kepolisian ya! cinta polisi bukan berarti harus selalu suport pak krtitik juga bentuk dari cinta rakyat ke bapak sekalian,1808794181382647908,,tempodotco,in,,0,0,0,https://x.com/BerkahSada9932/status/1808794181382647908,1705517046178693120,BerkahSada9932
1808703348037857314,2024-07-04T08:02:09.000Z,0,"@detikcom @detiksumut_ wkwkwkwk kalo di kasus2 lain..semakin panjang dan ruwet itu kebiasaan jurus polisi biar netizen bosan..tapi kalo semakin ribet dan panjang tapi berpengaruh sama kinerja dan kepercayaan warga yg makin turun, kok aku malah seneng yaaa... keliatan gak bisa kerjanya sih.",1808773276514332874,,detikcom,in,,0,0,0,https://x.com/HyangJagadPr/status/1808773276514332874,842371877502771200,HyangJagadPr
1808492749680791737,2024-07-04T07:48:55.000Z,0,"@NarasiNewsroom Mungkin kah instasi kepolisian republik indonesia mw berbenah dan memperbaiki kinerja tanpa memandang keluarga polisi atau bukan,pejabat atau bukan......kata jokowi citra polisi baik???????

@ListyoSigitP @DivHumas_Polri @jokowi",1808769945968484662,,NarasiNewsroom,in,,0,0,0,https://x.com/try100889/status/1808769945968484662,751040460798525441,try100889
1808729359236354434,2024-07-04T05:07:38.000Z,0,"Kapolda Sumsel Irjen Pol. A. Rachmad Wibowo, S.I.K. didampingi Wakapolda Sumsel Brigjen Pol. M. Zulkarnain, S.I.K., https://t.co/kDkua1mVlQ.membuka taklimat akhir audit kinerja Itwasda Polda Sumsel T.A. 2024 bertempat di ruang vicon LT. 2 gedung Polda Sumsel.

Bila ada https://t.co/BRjFDh4ZPl",1808729359236354434,https://pbs.twimg.com/amplify_video_thumb/1808729212502880258/img/C-YCSk3Ru6peDUux.jpg,,in,,0,0,0,https://x.com/sumsel_polda/status/1808729359236354434,1463305353773289477,sumsel_polda
1808669998560522628,2024-07-04T01:24:12.000Z,1,@HeryIdris5 @DivHumas_Polri Kata @jokowi kinerja polisi bagus,1808673129302274428,,HeryIdris5,in,,0,1,0,https://x.com/Manse_Mangat/status/1808673129302274428,1291974491547922434,Manse_Mangat
1808481949964779984,2024-07-03T12:44:31.000Z,0,"SURVEI DARI MANA YG MENGATAKAN RAKYAT PUAS DENGAN KINERJA POLISI???!!!. 

JELAS SEKALI KOK KALAU RAKYAT SAAT INI SANGAT MENGINGINKAN POLRI "" DIBUBARKAN ""!!! 
MENGHABISKAN APBN BESAR TAPI GAK BERGUNA!!. 
MALAH DI JADIKAN ALAT UNTUK MELINDUNGI PENJAHAT!! 

https://t.co/GPF4fsa2vr",1808481949964779984,,,in,,0,0,0,https://x.com/M17522147/status/1808481949964779984,891883949571457024,M17522147
1808416570127143333,2024-07-03T12:24:16.000Z,12,"@vanc1Bozz @ListyoSigitP Itu versi anda pak sebagai polisi ,,,, bagaimana dengan polisi lainnya ,,, apa bersikap sam seperti bapak ? Kepercayaan masyarakat terhadap polisi saat ini mengecewakan,,, karena kinerja polisi tidak maksimal dan bisa di bilang ribet ,,,",1808476854887784844,,vanc1Bozz,in,,0,0,1,https://x.com/AirinNisa212021/status/1808476854887784844,1402822628109258756,AirinNisa212021
1808335118911918089,2024-07-03T11:32:03.000Z,3,@Generasiosing @ARSIPAJA Gimana gk senang 90% puas kinerja polisi 😀😀😀😀😀,1808463713978200395,,Generasiosing,in,,0,0,0,https://x.com/JaluAbdijalata/status/1808463713978200395,1685191707053420544,JaluAbdijalata
1808061112644165897,2024-07-03T10:36:44.000Z,1,"@blackjakpersija @gnrlfans bukna oknum, polisi. oknum mah kalau 1/2, kinerja pokis di indo entah bagaimana konsepnya",1808449790507937867,,blackjakpersija,in,,0,0,0,https://x.com/isalpribadi_/status/1808449790507937867,1638002528939036673,isalpribadi_
1808324651594272886,2024-07-03T10:07:12.000Z,0,"@NTMC_Info @ListyoSigitP @TMCPoldaMetro Tolong diperbaiki kinerja Polantas,jangan ngumpet di dalam mobil apabila ada pelanggaran lalu lintas melawan arah saya,jangan sampai saya,Anda dan keluarga Anda tekena kecelakaan lalu lintas gara gara Polisi membiarkan pengendara melawan arah hanya demi Tilang E-TLE",1808442359514017949,,BangJarwoSopo7,in,,0,0,0,https://x.com/BangJarwoSopo7/status/1808442359514017949,1771257340521771011,BangJarwoSopo7
1808324651594272886,2024-07-03T10:03:23.000Z,0,"@NTMC_Info @ListyoSigitP @TMCPoldaMetro Terus lagi nih kenapa Polisi suka sekali dengan kinerja yg seperti ini,melihat pelanggaran lalu lintas melawan arah bukannya dicegah agar tidak terjadi kecelakaan lalu lintas malah ngumpet di dalam mobil mendata pelanggar??
Ingat Pak mencegah lebih baik daripada mengobati. https://t.co/F1cKBBJmfc",1808441399421096333,https://pbs.twimg.com/media/GRjf3RRaIAAJ1oz.jpg,NTMC_Info,in,,0,1,0,https://x.com/BangJarwoSopo7/status/1808441399421096333,1771257340521771011,BangJarwoSopo7
1808151661573296611,2024-07-03T08:50:45.000Z,2,"@DoankWarto Penilaian ""tergoblok"" yang pernah ada, sebagai presiden jangan tutup mata soal kinerja polisi yang makin hari makin aneh, ada oknum tapi banyak sekali bisa-bisa satu daerah administrasi",1808423122514956339,,DoankWarto,in,,0,0,0,https://x.com/weird_romantica/status/1808423122514956339,1771607568747761664,weird_romantica
1807789149120086348,2024-07-03T06:56:48.000Z,0,"@Miduk17 Minta tambah anggaran boleh2 saja,dgn harapan kinerja polisi hrs lbh baik dan profesional,bkn amatiran arinya polisi hrs menjadikan markasnya tempat rakyat meminta perlindungan hukum,bkn tempat main hakim sendiri,polri pelindung masyarakt,bkn tempat penyiksaan dan penghilangan",1808394443063808048,,JhonSitorus_18,in,,0,0,0,https://x.com/JalilBasyah/status/1808394443063808048,1485686832306454529,JalilBasyah
1808394390978941218,2024-07-03T06:56:35.000Z,0,"KABAR BAGUS TERUTAMA KPD PENGENDARA. NETIZEN &amp; RAKYAT SIAP DUKUNG UTK PANTAU KINERJA POLISI DI LAPANGAN.
AYO VIRALKAN...!!!🔥🔥🔥🔥🔥🔥🔥🔥🔥

Check out Roy All Vlog's video! #TikTok https://t.co/QW5WtW2Oey",1808394390978941218,,,in,,0,0,0,https://x.com/EndyNugroho8/status/1808394390978941218,1429040840932872193,EndyNugroho8
1808379620519039074,2024-07-03T05:57:54.000Z,0,"Polres Pringsewu Berhasil Ungkap Kasus Curanmor, Korban Apresiasi Kinerja Polisi https://t.co/gvdmHpVzDD #berita #news #informasi",1808379620519039074,,,in,,0,0,0,https://x.com/tintainformasi/status/1808379620519039074,1679703296666378240,tintainformasi
1808006635983626743,2024-07-03T03:48:34.000Z,0,"@ARSIPAJA Jangan kebanyakan baca data pak. Lihat di lapangan, lihat hasil, lihat realitanya pak !
Dri habibie naik kursi ri 1 ampe sekarang kita tak merasakan improvisasi citra dan kinerja polisi. 
Ini juga data survei mana sih keliatan banget menjilat penguasa",1808347074439926028,,ARSIPAJA,in,,0,0,0,https://x.com/_Ubermensch9/status/1808347074439926028,1489135475856412674,_Ubermensch9
1808305201126035558,2024-07-03T01:27:49.000Z,1,"@5teV3n_Pe9eL Satu kata , BANGSAT !!!
Menjijikkan kinerja kalian polisi sumbar .",1808311654482076132,,P3gEl,in,,0,0,0,https://x.com/BaimBbi/status/1808311654482076132,1578747436600037377,BaimBbi
1808165153667797485,2024-07-03T01:22:51.000Z,1,"@zer0failed Up terus oknum yg bajingan ini klu di kumpulkan udah melebihi rakyat di negara singapure , saking banyaknya udah tambah nggak respek sama polisi lagi dah kayak trauma dengan kinerja mereka",1808310402868302091,,Lone_Lynx__,in,,0,0,0,https://x.com/SitiAzizah1234/status/1808310402868302091,1592462413341003777,SitiAzizah1234
1808307596652335142,2024-07-03T01:11:42.000Z,1,"Anggaran minta tambahan giliran di kritik minta bagusin kinerja malah ngeblame seandainya polisi GK ada sehari gmna nasib negara ini ya.
Fak lah ada atau enggak lu kejahatan masih banyak juga.
Trus ngapain ngasih anggaran banyak banyak klw ada atau enggak nya lu sama aja.",1808307596652335142,,,in,,0,0,0,https://x.com/opetgoodboy/status/1808307596652335142,1462934984910536704,opetgoodboy
1808006635983626743,2024-07-03T00:58:54.000Z,0,"@ARSIPAJA Astaghfirullah negara ini gimana siiikkkkkk, rakyat bagian mana yang puas sama kinerja polisi????????? Rakyat bawah lauttttt??????? Gaabis pikirrrrrrrrrrrrrr😭😭😭😭😭😭😭",1808304374575423750,,ARSIPAJA,in,,0,0,0,https://x.com/spgtcrbnr/status/1808304374575423750,1445710868524593157,spgtcrbnr
1808293065796510141,2024-07-03T00:13:58.000Z,0,"Meskipun begitu survey litbang kompas menunjukan 87,8% rakyat puas dengan kinerja polisi.

Yg disurvey kelurganya kali.",1808293065796510141,,,in,,0,0,0,https://x.com/ignust62/status/1808293065796510141,882811337042251776,ignust62
1808219612720648446,2024-07-02T19:22:05.000Z,0,"HANCURRRRR LEBUUURRRR WIBAWA POLISI DI NEGERI INI!!. 
WAHAI PRESIDEN @jokowi.. @DPR_RI...MAJIKAN KALIAN ADALAH RAKYAT!!. 
APA KALIAN MENDENGAR KAN SUARA RAKYAT YG SUDAH MUAK DENGAN KINERJA PENEGAK HUKUM DI NEGERI INI??!!. 
RAKYAT MEMINTA #BUBARKANPOLRI!! 

https://t.co/dTYzPjFiSU",1808219612720648446,,,in,,0,0,0,https://x.com/M17522147/status/1808219612720648446,891883949571457024,M17522147
1808031239976435768,2024-07-02T12:33:18.000Z,0,@Miduk17 Wkwkwkwk… hancur kinerja pak polisi kalau begini cara berfikirnya.. 😅,1808116739613548930,,JhonSitorus_18,in,,0,0,0,https://x.com/fitrah_se/status/1808116739613548930,126573927,fitrah_se
1807960924667760963,2024-07-02T10:28:26.000Z,2,@bebek_NKRI_2 Kan kata Jokowi kinerja polisi tahun ini yang terbaik,1808085314679742499,,bebek_NKRI_2,in,,0,3,0,https://x.com/desmodromici1/status/1808085314679742499,1708794041998147584,desmodromici1
1807395976585658394,2024-07-02T09:20:40.000Z,0,@_NeverAlonely Polisi dengan kinerja terbaik,1808068262154100859,,_NeverAlonely,in,,0,0,0,https://x.com/NanoNan83284926/status/1808068262154100859,1094106059168374784,NanoNan83284926
1807799026852806658,2024-07-02T09:11:11.000Z,0,@SammiSoh Ternyata ada polisi berhati mulia. Up terus bro kinerja polisi yg positif disaat org muak dan benci terhadap institusi penegak hukum di negara ini. Ayo berbuat terbaik di negara ini agr bangsa kita tidak diremehkan bangsa lain apalagi persaingan global sangat ketat.,1808065874106155129,,SammiSoh,in,,0,0,0,https://x.com/akhmadsm_181120/status/1808065874106155129,1610266742647054341,akhmadsm_181120
1808047312545165767,2024-07-02T07:57:25.000Z,0,"HUT ke-78 Bhayangkara, Pj Bupati Kobar Apresiasi Kinerja Polisi  https://t.co/KTWisoOQ0Z",1808047312545165767,,,in,,0,0,0,https://x.com/prokaltengdotco/status/1808047312545165767,1082029849,prokaltengdotco
1807608812771344525,2024-07-02T05:01:04.000Z,0,"@DivHumas_Polri NGGAK TAU MALU...!!
Mau diapain juga KINERJA KALIAN TETAP AJA BOBROK..!!
NGABIS2IN uang rakyat hanya utk pesta pora ..!!
Semoga AZAB ALLAH segera menghampiri para polisi BEJAD  DI NKRI ini...
😡😡😡",1808002933004685777,,DivHumas_Polri,in,,0,0,0,https://x.com/OligarkiBangs4t/status/1808002933004685777,1604404822815694850,OligarkiBangs4t
1807582895453659550,2024-07-02T04:52:48.000Z,0,"@txtdrimedia kata pak jokowi kinerja dan kepercayaan meningkat, yg artinya jujur banget polisi tuh",1808000849198866702,,txtdrimedia,in,,0,0,0,https://x.com/suepfian/status/1808000849198866702,593209236,suepfian
1807673892619866558,2024-07-02T04:38:04.000Z,0,"@JinNonik @DivHumas_IPS @kompascom Makanya skrng klo baca2 kasusnya polisi gw skip2 aja, krn udh ketebak endingnya 😰 n itu kinerja yg dibilang membaik 🤔 
Yg paling sederhana : perpanjangan SIM di mobil SIM keliling aja makan wkt 7 jam sampai selesai 😝😂🤣
Pilihannya ya jabanin aja berbekal sabar tp mangkel🤦‍♀️",1807997141727826333,,KTjahjaningtyas,in,,0,0,0,https://x.com/KTjahjaningtyas/status/1807997141727826333,2877983132,KTjahjaningtyas
1807986638624285011,2024-07-02T04:26:09.000Z,0,@denismalhotra Negara tutup mata sama kinerja buruk polisi dan pejabat lainnya. Emang udah rusak dari kepala,1807994142888452563,,denismalhotra,in,,0,0,0,https://x.com/Kawachiii53/status/1807994142888452563,1604327300493111296,Kawachiii53
1807939061732331995,2024-07-02T03:57:46.000Z,0,"@DS_yantie Saya penasaran jadi saya tanya mbak sity (https://t.co/G9CTEYaLPN). Jangan marah ke saya ya, ini katanya😅

Berdasarkan informasi dari hasil pencarian, dapat disimpulkan bahwa citra POLRI secara umum semakin membaik, meskipun masih ada beberapa tantangan yang perlu diatasi.",1807986999217066049,,DS_yantie,in,,0,0,0,https://x.com/makelar_info/status/1807986999217066049,1741963011924127744,makelar_info
1807984704823742784,2024-07-02T03:48:39.000Z,0,Sayang sungguh sayang...petugas polisi SPT ini gak bisa bersatu seluruhnya di polri...untuk memperbaiki...kinerja polri...Kalah sama petugas polisi yg korup dan mengejar jabatan...yg bersatu solid dalam kemunafikan...,1807984704823742784,,,in,,0,0,0,https://x.com/76KBPRmvlQKXozv/status/1807984704823742784,2834609676,76KBPRmvlQKXozv
1808454985677750327,2024-07-04T23:59:11.000Z,0,@eradotid Bukti kinerja polisi indonesia sangat tolol,1809014122526429330,,eradotid,in,,0,0,0,https://x.com/Setyo24383288/status/1809014122526429330,1410885263937601538,Setyo24383288
1808714608188010631,2024-07-04T23:58:45.000Z,0,@Dennysiregar7 Naaah kalo elo ngocehin kinerja polisi gua dukung..ayo colek ato tabok sekalian Kapolri..gak tau malu bener tu orang..hrsnya mundur sejak kasus Sambo,1809014015848480803,,,in,,0,0,0,https://x.com/JoukoSara/status/1809014015848480803,1241322210465165313,JoukoSara
1807442117117321513,2024-07-01T23:00:50.000Z,0,"@_NeverAlonely 73,...% rakyat mana yg msh
puas kinerja polisi klw spt ini
😏😒🤔",1807912276588220914,,_NeverAlonely,in,,0,0,0,https://x.com/razzaqq_al/status/1807912276588220914,4639509282,razzaqq_al
1807786888780300334,2024-07-01T22:23:22.000Z,0,@cules0409 @5teV3n_Pe9eL Lebih bagus kinerja polisi tidur btw bang,1807902845360058855,,cules0409,in,,0,1,0,https://x.com/marimo_op212/status/1807902845360058855,1604419667699064832,marimo_op212
1807596816902570029,2024-07-01T16:08:03.000Z,1,"@Mdy_Asmara1701 Sekelas Jenderal bintang 2 . bisa bicara kehapus ?? anda @ListyoSigitP , minta masyarakat Percaya kinerja polisi? 😝🤣",1807808393866027402,,Mdy_Asmara1701,in,,0,0,0,https://x.com/70Joclub/status/1807808393866027402,1334051041805959168,70Joclub
1807753697566535875,2024-07-01T15:58:46.000Z,0,"@CNNIndonesia bkn ada kekurangan pak #kapolri 
tp emang tambah parah kinerja #polisi 
tp klu soal pungli ,tangkap pemakai narkoba dan kawal warga sdh pasti kerjanya bagus",1807806060604096542,,CNNIndonesia,in,,0,0,0,https://x.com/fakegojek0607/status/1807806060604096542,1758551528322080768,fakegojek0607
1807787755243708824,2024-07-01T14:46:02.000Z,0,"Harapan masyarakat terhadap insitusi kepolisian yang pada hari ini, Senin, 1 Juli 2024 merayakan HUT ke 78 tahun Bhayangkara.

Masyarakat yang ikut meramaikan upacara HUT Bhayangkara di Lapangan Monas, Jakarta, saat ditemui menilai kinerja kepolisian sejauh ini sudah baik. Karena https://t.co/d5yOSAqggK",1807787755243708824,https://pbs.twimg.com/ext_tw_video_thumb/1807787600100655104/pu/img/ceMWRp75AH6rCBdK.jpg,,in,,0,0,0,https://x.com/pikiran_rakyat/status/1807787755243708824,58880688,pikiran_rakyat
1807755825617809481,2024-07-01T12:41:46.000Z,0,Tolong lah bapak kapolri @ListyoSigitP  ini kinerja  @NTMCLantasPolri  khususnya wilayah bandung jawa barat lelet amat. Online itu tadinya kan biar memudahkan masyarakat dan mencegah terjadinya pungli. Tapi ini malah lelet sumpah ni polisi banyak masuk kantor kerjanya apa aja.,1807756480244072773,,loomandii,in,,0,0,0,https://x.com/loomandii/status/1807756480244072773,1487772273201188864,loomandii
1807728190024249844,2024-07-01T12:05:09.000Z,0,"@detikcom curigaan terhadap polri a/ penangkapan yg asal²an. Satu lg, Kepolisian kt masih menduduki posisi ke1 polisi korup di Asean. Kritikan ini smg jd introspeksi bg Polri sbg institusi dan jajaran dari atas smp bawah u/ memperbaiki kinerja nya. 
#TolakRUUPOLRI",1807747266431930876,,JuxstLumos,in,,0,0,0,https://x.com/JuxstLumos/status/1807747266431930876,1054013941129474048,JuxstLumos
1807642921887490458,2024-07-01T09:47:12.000Z,0,@Mdy_Asmara1701 Memori rakyat atas kinerja baik polisi juga sangat terbatas,1807712551213432994,,Mdy_Asmara1701,in,,0,0,0,https://x.com/fadlan10282/status/1807712551213432994,242632055,fadlan10282
1807710838985482555,2024-07-01T09:40:24.000Z,2,"Bobrok bgt kinerja polisi cirebon, pecat smua pjabat polisi cirebon(polsek, polres &amp; polda) 
@jokowi @KejaksaanRI @ListyoSigitP @DivHumas_Polri @Kemenkumham_RI https://t.co/Bw35ixknVI",1807710838985482555,https://pbs.twimg.com/ext_tw_video_thumb/1807710737378537472/pu/img/lMALXN4S9GNocu-X.jpg,,in,,1,1,2,https://x.com/pejuangind01/status/1807710838985482555,1102414874670297089,pejuangind01
1807651270511214618,2024-07-01T08:48:03.000Z,1,"@DivHumas_Polri Apa yang perlu dirayakan dari kinerja yang seperti ini? foto bukti lebam seluruh badandari korban ada dimana2, tapi dengan gatau malunya polisi menutup kasus dengan dalih seperti ini. Otaknya dimana? Siapa yang coba dibidohi? Apa yang coba ditutupi? https://t.co/Tx9X2DxjcD",1807697666002112515,,DivHumas_Polri,in,,0,1,2,https://x.com/decuwmil/status/1807697666002112515,1689266491768938496,decuwmil
1807418858946560122,2024-07-01T08:34:15.000Z,1,@dwioktariyadi @penguasahati Bisa jadi sbgai sindiran dr pembuat konten thdp kinerja polisi...,1807694194166964337,,dwioktariyadi,in,,0,0,0,https://x.com/LanangJagad31/status/1807694194166964337,1294656329085095936,LanangJagad31
1806979484954026130,2024-07-01T05:40:48.000Z,0,"@islah_bahrawi Gini bung islah. Orang Baik itu ga perlu diapresiasi, klo diapresiasi namanya pamrih. Begitu pun polisi memang kodrat dan tugasnya jd institusi yg positif. Nah yg dikritik itu kenapa ada polisi yg ga baik, itu yg jd heran dan salah. Ga baik dalam kinerja dan profesionalitas.",1807650543042797835,,islah_bahrawi,in,,0,0,0,https://x.com/iki_prime/status/1807650543042797835,1525051102705487873,iki_prime
1807596816902570029,2024-07-01T05:30:36.000Z,0,@Mdy_Asmara1701 Emang masih ada yg percaya sm polisi ..kerja nya memutar balikanfakta....salah  tangkap lah..main hajar lah....rakyat da bnyak melihat  drama  kinerja polisi d  konoha ini.. @DivHumas_Polri,1807647974631383053,,Mdy_Asmara1701,in,,0,0,0,https://x.com/SitihadijahP/status/1807647974631383053,1440954245348577286,SitihadijahP
1807639099119206563,2024-07-01T04:55:20.000Z,0,"Upacara HUT ke-78 Bhayangkara, Pj Bupati Lamandau Apresiasi Kinerja Polisi  https://t.co/p9C9ss2MUE",1807639099119206563,,,in,,0,0,0,https://x.com/prokaltengdotco/status/1807639099119206563,1082029849,prokaltengdotco
1807346724568211789,2024-07-01T01:36:44.000Z,2,"@gundala2221 @ListyoSigitP @batxave @pray_thekid @4HurufNamaKu @JinNonik @__freelance__ @awank2017 @BaliShadesail @Aryprasetyo85 Seperti video ini hanya konten Om,itu yg  seperti berseragam polisi juga bukan polisi tapi satpam ( tapi walaupun pun konten, tujuannya menyindir kinerja polisi )",1807589120279269501,,gundala2221,in,,0,0,1,https://x.com/syafrialdasri38/status/1807589120279269501,1603589539523543040,syafrialdasri38
1807582895453659550,2024-07-01T01:18:01.000Z,2,@txtdrimedia Kalian yg bangga kinerja polisi = sakit,1807584411304816753,,txtdrimedia,in,,0,0,0,https://x.com/blacksavigny/status/1807584411304816753,1672520070067802112,blacksavigny
1808831892403466649,2024-07-04T11:55:04.000Z,10,"Kinerja buruk yang ditunjukkan anggota Polri memicu kemarahan masyarakat. Perilaku yang bertentangan dengan prinsip melindungi dan mengayomi ini lahir dari tindakan sewenang-wenang dan berlaga bak raja.

https://t.co/WFopc2enES https://t.co/7uZOPWcvkk",1808831892403466649,https://pbs.twimg.com/ext_tw_video_thumb/1808831825864970243/pu/img/2Rp4K5j2vBA3Pn0n.jpg,,in,,0,1,8,https://x.com/BdgBergerakID/status/1808831892403466649,1493801169075855365,BdgBergerakID
1808282020302541283,2024-07-04T07:55:39.000Z,0,"@afifahafra79 @tempodotco ""Kalau ini benar, ANGK0T88, polisi udah nggak bisa dipercaya. Kinerja mereka malah bikin trauma dan ketidakpercayaan."" #KetuaKPU",1808771642455380239,,afifahafra79,in,,0,0,0,https://x.com/LHunh8767826754/status/1808771642455380239,1796561679360368641,LHunh8767826754
1808472304567116044,2024-07-04T01:17:16.000Z,0,@tempodotco Pak tindakan bapak itu semakin memviralkan kinerja polisi yg ga becus,1808671387483320352,,tempodotco,in,,0,0,0,https://x.com/YogaPro17/status/1808671387483320352,1438772741742600193,YogaPro17
1808472304567116044,2024-07-03T22:14:42.000Z,0,"@tempodotco Anjir betul tuh kinerja polisi,,, memalukan jadi instans pemerintah.",1808625442821472482,,tempodotco,in,,0,0,0,https://x.com/dwiSanj18252603/status/1808625442821472482,1731143202391085056,dwiSanj18252603
1808416570127143333,2024-07-03T17:02:30.000Z,0,"@vanc1Bozz @ListyoSigitP Olaha gak nyadar juga,, lah wong pada gak percaya kinerja polisi",1808546872765919427,,vanc1Bozz,in,,0,0,0,https://x.com/surya_atma59413/status/1808546872765919427,1709472491276746752,surya_atma59413
1810013377630240800,2024-07-07T18:09:52.000Z,0,"POLRI BERUSAHA MEMBELA DIRI TAPI GAK NGACA!! 

APAKAH KITA SELAMA INI KALAU MENGADUKAN KASUS AKAN MENDAPATKAN RESPON CEPAT DARI POLISI??!!. 

GAK USAH BANYAK CAKAP PAK!!. 
RAKYAT TAU BAGAIMANA KINERJA POLISI DI NEGERI INI!!. 
RAKYAT TAU BUSUKNYA POLISI!! 

https://t.co/tqdtxQJf1O",1810013377630240800,,,in,,0,0,0,https://x.com/M17522147/status/1810013377630240800,891883949571457024,M17522147
1809920247107113265,2024-07-07T13:46:21.000Z,0,"@susno2g @YouTube Semangat pak susno untuk membenahi polri dari luar,,pensiunan jendral susno duadji sangat mengedukasi rakyat tentang kinerja polisi dalam penegakan hukum, jika tidak ada kasus pegi yg viral. Tidak mungkin masyarakat kecil dapat ilmu tentang kepolisian dari pak susno",1809947063213527470,,susno2g,in,,0,0,0,https://x.com/SuryaAj81671816/status/1809947063213527470,716888126312976384,SuryaAj81671816
1809549646932635830,2024-07-07T12:11:16.000Z,0,"@Aryprasetyo85 Kalau diperhatikan, kinerja polisi banyak disorot publik. Mestinya hari Bhayangkara jadi moment introspeksi, sehingga kinerja polisi dari tahun ke tahun semakin baik. Tentu dibarengi sanksi tegas kepada anggota nya yang tidak profesional atau melanggar aturan tanpa pandang bulu.",1809923134188900773,,Aryprasetyo85,in,,0,0,0,https://x.com/orideos/status/1809923134188900773,1506407209370255362,orideos
1809793648902705631,2024-07-07T04:09:16.000Z,2,@RadioElshinta Padahal Tunjangan kinerja sdh bsr tp kok masih saja pungli sebaiknya kinerja&amp;ttg jwb polisi mengayomi&amp;melindungi masyarakat,1809801834384789780,,RadioElshinta,in,,0,1,0,https://x.com/bogypratama25/status/1809801834384789780,896255177686007809,bogypratama25
1809010591132176528,2024-07-07T04:07:33.000Z,0,@_NeverAlonely @DivHumas_Polri kapan ya kinerja polisi bisa membaik 😆,1809801401801097238,,_NeverAlonely,in,,0,0,0,https://x.com/ray429ray/status/1809801401801097238,1569890964667527170,ray429ray
1809549646932635830,2024-07-07T02:41:19.000Z,0,@Aryprasetyo85 Kaya gini kok surveynya puas sama kinerja polisi...,1809779699901718837,,Aryprasetyo85,in,,0,0,0,https://x.com/andriwahyu175/status/1809779699901718837,731391845574434816,andriwahyu175
1809728793642488129,2024-07-07T01:21:36.000Z,0,"@AzzamIzzulhaq Rekrutmen yang baik, tidak adanya uang sogok sangat amat berdampak pada kinerja polisi di china. Dengan tidak adanya uang sogok membuat mereka benar benar mengabdi untuk rakyat, dan jika lau ada yang bermasalah baru itulah oknum, hanya sedikit. Bukan malah banyakan oknum wkwkwkwk",1809759641620082812,,AzzamIzzulhaq,in,,0,0,0,https://x.com/panjivahendraa/status/1809759641620082812,1752699817518911488,panjivahendraa
1809744757473833341,2024-07-07T00:22:28.000Z,1,https://t.co/jAgBbhmwKC begini polisi Indonesia sll mencari kambing hitam atas kegagalan kinerja Mereka(Polisi)...,1809744757473833341,,,in,,0,0,0,https://x.com/malonda_hendrik/status/1809744757473833341,1438520970247958528,malonda_hendrik
1809578508496302292,2024-07-06T13:21:51.000Z,0,"Pemerintah Desa, Pemerintah Kecamatan kayanya benci bgt ya sama keluarga aku haha? G heran sih orang keluarga aku suka koar² dan kritik kalau ada kinerja mereka yang aneh. Pada dendam ya ketawa dong, sampai² Ayah aku dilaporin ke polisi gara² ngasih kritik ke cuihh weirder",1809578508496302292,,,in,,0,0,0,https://x.com/haeirium_hwa/status/1809578508496302292,1517188233662107659,haeirium_hwa
1809010591132176528,2024-07-06T12:54:02.000Z,0,@_NeverAlonely Hasil survey puas dgn kinerja polisi. Survey ke polisi nya sendiri.,1809571508202639630,,_NeverAlonely,in,,0,0,0,https://x.com/ardanaf/status/1809571508202639630,137253948,ardanaf
1809535792110268824,2024-07-06T10:32:07.000Z,0,Mahasiswa Sumatera Barat Gelar Aksi di Mapolda Suarakan Evaluasi Kinerja Polisi https://t.co/ZIeZNh8ixZ,1809535792110268824,,,in,,0,0,0,https://x.com/Sumbar_Time/status/1809535792110268824,773617696676151296,Sumbar_Time
1809181435657654684,2024-07-06T03:51:43.000Z,0,@small_mofo_MK3 Saking kocaknya kinerja polisi sampe makan nasi bungkus pun bisa membuat masyarakat kagum,1809435030189686879,,small_mofo_MK3,in,,0,0,0,https://x.com/Aruls29/status/1809435030189686879,1226860922183929859,Aruls29
1809254661272358940,2024-07-06T02:02:52.000Z,0,@BosPurwa @ListyoSigitP Aku gak yakin dengan kinerja polisi,1809407639144788008,,BosPurwa,in,,0,0,0,https://x.com/BambangAdiYusw1/status/1809407639144788008,1266115779805581312,BambangAdiYusw1
1809032446903562596,2024-07-05T23:36:55.000Z,0,@txtdrimedia Btw tingkat kepuasan thd kinerja polisi meningkat lho berdasarkan survey terbaru. Surveynya ke anak dan istri polisi.,1809370909037457687,,txtdrimedia,in,,0,0,0,https://x.com/ardanaf/status/1809370909037457687,137253948,ardanaf
1809214630184775915,2024-07-05T14:47:51.000Z,1,"@Boediantar4 Yang disurvey oleh lembaga survey mungkin kurang baca berita bagaimana pemberitaan kinerja polri dan perilaku oknum polisi yang lebih banyak berita buruk.Polisi semakin jauh dari apa yg diharapkan publik spt jargon mrk ""melayani dan melindungi"".",1809237764703150518,,Boediantar4,in,,0,1,0,https://x.com/Tukanglas_plg/status/1809237764703150518,2855803759,Tukanglas_plg
1808747348333580473,2024-07-05T11:42:50.000Z,1,"@Aryprasetyo85 𝒕𝒂𝒑𝒊 𝒑𝒐𝒍𝒊𝒔𝒊 𝒋𝒂𝒏𝒈𝒂𝒏 𝒔𝒆𝒐𝒍𝒂𝒉 𝒎𝒂𝒍𝒂𝒊𝒌𝒂𝒕 𝒅𝒐𝒏𝒈, 𝒐𝒂𝒏 𝒕𝒊𝒏𝒈𝒈𝒂𝒍 𝒃𝒖𝒌𝒕𝒊𝒌𝒂𝒏 𝒌𝒍𝒐 𝒌𝒊𝒏𝒆𝒓𝒋𝒂 𝒂𝒏𝒂𝒌 𝒃𝒖𝒂𝒉𝒏𝒚𝒂 𝒔𝒅𝒉 𝒔𝒆𝒔𝒖𝒂𝒊 𝒑𝒓𝒐𝒔𝒆𝒅𝒖𝒓 𝒉𝒖𝒌𝒖𝒎 𝒚𝒈 𝒃𝒆𝒓𝒍𝒂𝒌𝒖...",1809191204485238881,,Aryprasetyo85,in,,0,0,0,https://x.com/aelungi9269/status/1809191204485238881,1740345339436224512,aelungi9269
1809139665641025653,2024-07-05T08:18:03.000Z,0,Masyarakat sdh tidak percaya dngn kinerja oknum polisi,1809139665641025653,,,in,,0,0,0,https://x.com/hanyo_swett/status/1809139665641025653,1582687537193025537,hanyo_swett
1808736245196992745,2024-07-05T01:56:27.000Z,0,"@detikcom Kemaren dibilang kinerja polisi konoha semakin membaik kata publik, itu publik yg mana ya ?",1809043632659509632,,detikcom,in,,0,0,0,https://x.com/Sann077/status/1809043632659509632,3238216592,Sann077
1811331569745048047,2024-07-11T19:25:23.000Z,2,@__freelance__ @DivHumas_Polri oh begitu...... Hmmm ... Lantas polisi di gaji itu atas dasar kinerja yg seperti apa ya???????,1811481932720652332,,__freelance__,in,,0,0,0,https://x.com/skan419/status/1811481932720652332,1666194459133120513,skan419
1811397283696767293,2024-07-11T17:13:16.000Z,4,"@SulisteaT40686 jadi gini bu, kendaraan polisi kan itu termasuk inventaris negara jadi kalo emang ada masalah dikendaraannya berarti yang salah negara karena membiarkan mereka bekerja dengan kendaraan yang tidak proper, mohon jangan mempertanyakan kinerja kepolisian kita yang sudah baik yaa 🙏",1811448686255440101,,Sulistea__,in,,1,19,0,https://x.com/slpyinsomniaac/status/1811448686255440101,1147303898081710086,slpyinsomniaac
1811370022193017248,2024-07-11T16:21:21.000Z,0,@AvaHanabi @ARSIPAJA Kemarin survei kinerja polisi bagus dibuat oleh litbang kompas dan survei ini juga dibuaf oleh litbang kompas. Terus berita mendagri ini juga dibuat kompas. Jangan jangan (isi sendiri),1811435621208281123,,avahanabi,in,,0,0,0,https://x.com/NingratPi5ang/status/1811435621208281123,1706454119366717440,NingratPi5ang
1811281966102397177,2024-07-11T16:08:38.000Z,0,"@zer0failed Halah. Gak percaya. Hahaha. Kalau masuk polisi gratis, pasti kinerja polisi bakalan bagus dan baik sih",1811432420346130888,,Lone_Lynx__,in,,0,0,0,https://x.com/Aditaahma/status/1811432420346130888,1581628785815744512,Aditaahma
1811394169535140229,2024-07-11T13:36:38.000Z,0,"Polisi di dunia ini bukan di Indonesia saja, gak malu kah, norak tau,...demi apa merazia HP masyarakat memberantas judi online ? Kurang kerjaan di anggap kinerja",1811394169535140229,,,in,,0,0,0,https://x.com/PtkDaeng/status/1811394169535140229,1559827493267288064,PtkDaeng
1811211578764882327,2024-07-11T13:25:21.000Z,0,"@Pai_C1 Sdh gk ada yg percaya sama kinerja polisi, makax di cuekin",1811391327235637332,,Pai_C1,in,,0,0,0,https://x.com/AdamiriSig27589/status/1811391327235637332,1749774985185677312,AdamiriSig27589
1808364650498777218,2024-07-11T13:00:37.000Z,0,"@zer0failed buat apa polling utk kinerja mrk, kalau mau tau kinerja polisi tanya  masyarakat yg bukan keluarga polisi",1811385106659176765,,Lone_Lynx__,in,,0,0,0,https://x.com/Obby_81/status/1811385106659176765,712237248,Obby_81
1811364822048747941,2024-07-11T11:40:01.000Z,0,"Selesai sdh masalah Pegi Setiawan yg tersisa kinerja Kepolisian, sekarang semua polisi membela tindakan Salah Tangkap itu Benar dan gk bisa dipersoalkan walau korban Salah Tangkap sdh menderita...Hebat Institusi Polri...Bravo",1811364822048747941,,,in,,0,0,0,https://x.com/malonda_hendrik/status/1811364822048747941,1438520970247958528,malonda_hendrik
1811310956364038595,2024-07-11T08:05:59.000Z,2,Manakah PIHAK yang paling efektif bisa dilakukan untuk mengoreksi kinerja oknum polisi yang salah/ melanggar hukum?,1811310956364038595,,,in,,0,0,1,https://x.com/babegini/status/1811310956364038595,226416224,babegini
1811263552810086477,2024-07-11T04:57:37.000Z,0,"Udah bener kemaren fokus liatin kinerja elit politik, pejabat pemerintah sampe polisi. Langsung bikin viral dan bully mereka yg curang dan korup. 

Eh malah balik lagi ke konflik horizontal 😂",1811263552810086477,,,in,,0,0,0,https://x.com/hasabibilal/status/1811263552810086477,31407217,hasabibilal
1811132133307732072,2024-07-11T04:31:01.000Z,2,"@Duren___ Polisi dg kinerja tanpa logika.
Mestinya yg dimatikan apinya, kenapa musti asapnya ? Kayak kurang kerjaan, habiskan uang negara.",1811256859292291098,,Duren___,in,,0,0,0,https://x.com/rachman080864/status/1811256859292291098,1670900764238319617,rachman080864
1811241391839998115,2024-07-11T03:29:33.000Z,0,"Polisi bukannya sibuk cari pelaku dgn bukti2 secara akurat dan valid, malah main tangkap sembarang orang tuk dijadikan kambing hitam dan disiksa tuk bikin pengakuan palsu...yg penting keliatan kerja, dan biar naik pangkat..ngeri banget kinerja polisi negara kita...",1811241391839998115,,,in,,0,0,0,https://x.com/DewiPutriku06/status/1811241391839998115,841182948065853440,DewiPutriku06
1810327852577087629,2024-07-11T02:02:42.000Z,1,"@Aryprasetyo85 Ini perkara pidana biasa, yg bikin luar biasa kasus ini adalah Dramatisir nya, Polisi pada Kasus ini sedang mempertontonkan, memberitahu Kebobrokan kinerja nya kpd Bangsa ini.
Tidak ada Profesionalisme, tidak ada Presisi, itu semua hanya SLOGAN.",1811219534826889672,,Aryprasetyo85,in,,0,0,0,https://x.com/inaiSAnd25695/status/1811219534826889672,1730442622064566272,inaiSAnd25695
1810966239877157089,2024-07-10T14:40:58.000Z,1,"@YLBHI @jokowi Ngebut banget surpresnya! Apa tujuannya, bikin kejutan terus buat bikin rame? Padahal yang butuh kejutan itu kinerja polisi yang lebih bener, bukan aturan dadakan.",1811047969007059427,,YLBHI,in,,0,0,0,https://x.com/afrizhallubis/status/1811047969007059427,1732749352433786880,afrizhallubis
1810997741813903777,2024-07-10T11:21:23.000Z,1,"Polres Tabanan berhasil meraih penghargaan hasil pemantauan dan evaluasi kinerja penyelenggaraan pelayanan publik (PEKPPP) di Lingkungan Polri Tahun 2023 Kategori Pelayanan Prima  (A) dari Kapolri Jenderal Polisi Drs. LISTYO SIGIT PRABOWO, https://t.co/d9ymrhfRbC. https://t.co/WXKsldpAIg",1810997741813903777,https://pbs.twimg.com/media/GSH018laUAEg0fE.jpg,,in,,0,0,0,https://x.com/PolsekSelemadeg/status/1810997741813903777,1635255068084817920,PolsekSelemadeg
1810984332657578115,2024-07-10T10:28:06.000Z,1,Polres Buleleng meraih penghargaan sebagai unit pelayanan publik hasil pemantauan dan evaluasi kinerja penyelenggaraan pelayanan publik instasional di Lingkungan Polri Tahun 2023 Kategori Pelayanan Prima (A) dari Kepala Kepolisian Republik Indonesia Jenderal Polisi Drs. Listyo https://t.co/9QC2oWNKsl,1810984332657578115,https://pbs.twimg.com/media/GSHopSvbsAAjsyI.jpg,,in,,0,0,0,https://x.com/BulelengSat/status/1810984332657578115,1364767980131741697,BulelengSat
1810960679542902946,2024-07-10T08:54:06.000Z,0,"Siapa sangka mengkritik kinerja pejabat pemerintahan dapat membuat seseorang dilaporkan ke polisi menggunakan UU ITE?

https://t.co/rxrhBV8Ixz https://t.co/gnjYKwF5Kj",1810960679542902946,https://pbs.twimg.com/media/GSHSaANaUAIl1rQ.jpg,,in,,0,1,1,https://x.com/JARING_/status/1810960679542902946,3658229898,JARING_
1810937851284181498,2024-07-10T07:23:24.000Z,1,"Polres Tabanan berhasil meraih penghargaan hasil pemantauan dan evaluasi kinerja penyelenggaraan pelayanan publik (PEKPPP) di Lingkungan Polri Tahun 2023 Kategori Pelayanan Prima  (A) dari Kapolri Jenderal Polisi Drs. LISTIO SIGIT PRABOW, https://t.co/WPBw7jdLay. https://t.co/Mve6t5UHVj",1810937851284181498,https://pbs.twimg.com/media/GSG-X0oaUAAj6Nf.jpg,,in,,0,0,0,https://x.com/PSeltim/status/1810937851284181498,1244857759213871104,PSeltim
1810935378066690544,2024-07-10T07:13:34.000Z,2,"Kinerja Polisi Disorot Publik, Apa Saja Daftar Kasus Terbarunya? https://t.co/YX1biqed5A",1810935378066690544,,,in,,0,0,1,https://x.com/TirtoID/status/1810935378066690544,4187275698,TirtoID
1810718352580694364,2024-07-10T01:22:19.000Z,0,"@sosmedkeras ngeliat kinerja polisi yg skrng kaya bgtu.., yailaaah 😂",1810846984846377022,,sosmedkeras,in,,0,0,0,https://x.com/xalkatrax/status/1810846984846377022,1415872556,xalkatrax
1810844351519748248,2024-07-10T01:11:51.000Z,3,"Betul yang dikatakan Pak Jokowi bahwa kinerja kepolisian semakin baik. Buktinya salah tangkap Pegi Setiawan, masyarakat makin malas lapor polisi saat jadi korban kejahatan, diduga menyiksa bocah esema ampe koit. 

Kurang semakin baik gimana coba kinerja kepolisian, yakan?",1810844351519748248,,,in,,0,0,0,https://x.com/KepalsuanAris/status/1810844351519748248,80458069,KepalsuanAris
1810751531354050606,2024-07-09T21:39:40.000Z,1,"@5teV3n_Pe9eL But.....
Bakalan percumah gak sih lapor ke propam?
Mengingat kinerja polisi kita mmg gak profesional",1810790952363249922,,P3gEl,in,,0,1,0,https://x.com/agung_faysm/status/1810790952363249922,189539837,agung_faysm
1810734811155419164,2024-07-09T17:56:35.000Z,3,Pengacara Keluarga Vina Klaim Kinerja Polisi Belum Maksimal: HP Vina di Polda Jabar Belum Diperiksa https://t.co/9BhY4BDaS0,1810734811155419164,,,in,,0,1,1,https://x.com/KompasTV/status/1810734811155419164,71436318,KompasTV
1810287730536194207,2024-07-09T16:54:42.000Z,0,"@KangManto123 Ayo bisa, jgn 3 hari, 1 hari sj...tutup mata dr semuanya, saat itu akan terjawab semua ttg polisi, yg bilang nggak butuh polisi, pasti sadar, polisi bukan institusi sempurna tp kita wajib mengapresiasi kinerja yg baik dan kritik disaat jelek, be fair to your opinion.",1810719238132486390,,KangManto123,in,,0,0,0,https://x.com/nona_man1se/status/1810719238132486390,1231847385678041088,nona_man1se
1810551360892629085,2024-07-09T13:46:07.000Z,1,"@cingreborn Trs rakyat mau ngadu ke siapa pak @ListyoSigitP  kalo kinerja mereka semacam ini??
berulang kali rakyat mengutarakan kekecewan thdp anak buah bapak!
Kita rakyat seolah2 sdg menunggu giliran utkdi jemput POLISI dgn dalih yg sama salah tangkap.",1810671777271714039,,termulyono_,in,,0,0,1,https://x.com/Akdjohar/status/1810671777271714039,1123282525437042689,Akdjohar
1810666109844304185,2024-07-09T13:23:35.000Z,0,Predikat kinerja sembrono layak diberikan kepada polisi daerah Jawa Barat Polda Jabar setelah hakim tunggal pengadilan negeri Bandung mengabulkan praperadilan Pegi Setiawan..   @infoseputapolri,1810666109844304185,,,in,,0,0,1,https://x.com/sumpanto/status/1810666109844304185,1605195051084435457,sumpanto
1810556293582868666,2024-07-09T12:48:58.000Z,6,"@5teV3n_Pe9eL Beliau adalah Polisi jujur dan lbh tau UU serta kinerja yg bener di institusi itu, makanya krn beliau jujur itu lah di pecat.  Intinya penjelasan"" beliau itu menerangkan kinerja kepolisian byk  tdk bener dan munafik. Dan scr gak lgsg menerangkan bhw institusi tsb lbh byk BANDIT",1810657395120525753,,P3gEl,in,,0,1,1,https://x.com/henry_oisbyan85/status/1810657395120525753,1615360260197257216,henry_oisbyan85
1810620674739781975,2024-07-09T12:37:53.000Z,0,@kangjaill Kinerja polisi makin lama makin ngawur....institusi jadi jelek akibat ulah mereka sendiri...75% oknum(yg tak pantas di sebut oknum)...25% polisi baik yg tak berdaya,1810654608064442503,,reporterj4il,in,,1,0,0,https://x.com/re4l_4kun/status/1810654608064442503,1149686276414570497,re4l_4kun
1810653816943177903,2024-07-09T12:34:44.000Z,0,"Kembali dengan kegiatan gabutku. Ngeledekin kinerja polri. Kali ini gara2 kasus pegi 🤣🤣🤣🤣🤣
KASIAN KALI LOH POLISI INI, udah nya memang paok malah jadi bulan2an walau bentuknya buncit seram🤣🤣🤣",1810653816943177903,,,in,,0,0,0,https://x.com/doppelgangerenj/status/1810653816943177903,1520039515670294528,doppelgangerenj
1810329340770685395,2024-07-09T12:33:41.000Z,0,@Gojekmilitan Kok bawa bawa presiden.. La kmren yg bilang kinerja paling baik polisi si presiden lo.. Ternyata terbukti terbalik nyatanya,1810653551770960192,,Gojekmilitan,in,,0,0,0,https://x.com/MasNur2416/status/1810653551770960192,1727289357827276800,MasNur2416
1810632753911857381,2024-07-09T12:23:10.000Z,6,@txtdrimedia Plis atulah kinerja polisi teh kumaha sih.,1810650906339545130,,txtdrimedia,in,,0,2,0,https://x.com/aitneserk/status/1810650906339545130,173447449,aitneserk
1810317766773383424,2024-07-09T10:50:42.000Z,1,"@Aryprasetyo85 @03__nakula @2045Tv @__AnakKolong @Anak__Ogi @AntoniusCDN @basaillive @BiLLRaY2019 @BosPurwa @NgkongRoses @Urrangawak @yusufwarsyim Ini anggota Kompolnas, tugasnya mengawasi kinerja polisi, tapi komentar-komentarnya lebih menghamba ke polisi, seolah malah jadi jubir polisi, salah satunya ini: https://t.co/dr2HbSCdEG",1810627632494465454,,Aryprasetyo85,in,,0,0,0,https://x.com/engket_mak/status/1810627632494465454,1542548798404182017,engket_mak
1810620607845040259,2024-07-09T10:22:47.000Z,0,"UNGKAPAN MASAYARAKAT DI MEDSOS TTG KINERJA POLISI MERUPAKAN UNGKAPAN KEKECEWAAN TERHADAP INSTITUSI TERSEBUT!!. 
DIKATAIN RAKYAT HARUSNYA POLISI INTROSPEKSI DIRI BUKAN MENGINTIMIDASI !!. 
INGAT, GAJI POLISI DARI RAKYAT!!. 

APA PERLU RAKYAT STOP PAJAK?! 

https://t.co/JBTdxRfueJ",1810620607845040259,,,in,,0,0,0,https://x.com/M17522147/status/1810620607845040259,891883949571457024,M17522147
1810363053848080501,2024-07-09T09:44:57.000Z,0,@geloraco Ya begitulah kinerja polisi di sini. Bobrok dan goblok,1810611086376525926,,geloraco,in,,0,0,0,https://x.com/nasibungkusan/status/1810611086376525926,1259067980438056962,nasibungkusan
1810608019933425730,2024-07-09T09:44:38.000Z,7,"@tempodotco @korantempo Kinerja polisi bener2 disorot semakin disorot. Terimakasih tempo sudah memuat jg kasus melania credit union, semoga polda jabar juga membantu penyelidikan. Berpihak pada korban. Berita terkait: https://t.co/YqqCgGVtmJ https://t.co/lb6LpUFRVL",1810611009662697863,https://pbs.twimg.com/media/GSCVHijbAAEY5qv.jpg,tempodotco,in,,0,0,1,https://x.com/aitneserk/status/1810611009662697863,173447449,aitneserk
1810607265029955763,2024-07-09T09:29:46.000Z,1,Polres Buleleng meraih penghargaan sebagai unit pelayanan publik hasil pemantauan dan evaluasi kinerja penyelenggaraan pelayanan publik instasional di Lingkungan Polri Tahun 2023 Kategori Pelayanan Prima (A) dari Kepala Kepolisian Republik Indonesia Jenderal Polisi Drs. Listyo https://t.co/uwH97eSJyu,1810607265029955763,https://pbs.twimg.com/media/GSCRthqb0AAPDBz.jpg,,in,,0,0,0,https://x.com/Humaspolseksgr/status/1810607265029955763,970528018845155329,Humaspolseksgr
1810290320397172818,2024-07-09T07:41:27.000Z,0,@TheEagle_BEN @ListyoSigitP Habis ini kinerja polisi naik 30 persen,1810580007963836663,,TheEagle_BEN,in,,0,0,0,https://x.com/faithfresher/status/1810580007963836663,1138799661538373632,faithfresher
1810075274673041523,2024-07-09T07:40:42.000Z,0,@5teV3n_Pe9eL Ngeri2 sedap melihat tingkah laku dan kinerja polisi kita. Apa para polisi itu TDK percaya adanya pengadilan di akhirat nanti.,1810579820583280924,,P3gEl,in,,0,0,0,https://x.com/MuhAnsor4/status/1810579820583280924,1433097397308039180,MuhAnsor4
1810570649020387493,2024-07-09T07:04:16.000Z,0,"NITIZEN INDONESIA MEMANG PALING TOP... 
POLISI PUN DIPERMALUKAN.. 
TERLIHAT, BETAPA KINERJA POLISI DI NEGERI INI SEPERTI ANAK TK MAIN ""TAK UMPET""... 
SEBAGAI RAKYAT, MALU GW... 
ANGGARAN DARI APBN BESAR,LOGIKA SEPERTI BOCAH 6 TH.. 

#RAKYATMELAWAN

https://t.co/5ioCBN3Nah",1810570649020387493,,,in,,0,0,0,https://x.com/M17522147/status/1810570649020387493,891883949571457024,M17522147
1810400738239197277,2024-07-09T05:31:01.000Z,0,"@zer0failed Haddeuh...polisi polisi..kinerja mu...👎
Ketika kalian menyidik perkara dan menginterogasi tersangka, tersangka ngeles tu biasa. Jd g perlu ada penganiayaan/pemukulan supaya ngaku. Polisi msti temukan barang bukti dan saksi agar tersangka mski ngeles, ya tetep diproses hukum",1810547182346617154,,Lone_Lynx__,in,,0,0,0,https://x.com/ajartwiterran/status/1810547182346617154,1215230603655700480,ajartwiterran
1810158853742645322,2024-07-09T04:45:15.000Z,0,@detikcom Makin takut dengan kinerja polisi sekarang 🤦,1810535664993382515,,detikcom,in,,0,0,0,https://x.com/bianonthemix/status/1810535664993382515,596601874,bianonthemix
1810528737399906721,2024-07-09T04:41:55.000Z,1,@Mdy_Asmara1701 Sedih campur marah. Amit2 jangan sampai ada keluarga saya yang jadi polisi. Saya hanya percaya kepada kinerja polisi tidur di jalan saja.,1810534826820428133,,Mdy_Asmara1701,in,,0,0,0,https://x.com/PronadaP49139/status/1810534826820428133,1742328223919398912,PronadaP49139
1810523278618062906,2024-07-09T03:56:02.000Z,1,Pilih percaya sama Ki Arjuna atau kinerja Polisi?,1810523278618062906,,,in,,0,0,1,https://x.com/myoothis/status/1810523278618062906,151798261,myoothis
1810462158821683549,2024-07-09T03:44:46.000Z,0,@mazzini_gsp apakah anda puas dengan kinerja polisi?,1810520443889324385,,mazzini_gsp,in,,0,0,0,https://x.com/Vinsmokewili/status/1810520443889324385,581598499,Vinsmokewili
1810462158821683549,2024-07-09T02:48:45.000Z,0,@mazzini_gsp polisi kerja ga punya atasan apa ya? kenapa SOP nya harus dipukulin biar ngaku. disini g ada organisasi yg perkerjaannya ngawasin kinerja polisi?,1810506349580849375,,mazzini_gsp,in,,0,0,0,https://x.com/Aldyscofield/status/1810506349580849375,882192128,Aldyscofield
1810496307297218887,2024-07-09T02:08:51.000Z,0,Makin kesini makin bertanya kinerja polisi dan TNI,1810496307297218887,,,in,,0,0,0,https://x.com/hattaxoxo_HMNE/status/1810496307297218887,1387426130769051649,hattaxoxo_HMNE
1810287730536194207,2024-07-09T01:45:35.000Z,0,"@KangManto123 kagak ada bedanya kyknya... emang polisi sekarang bisa.... eh bisa dong, kinerja polisi kita kan di apresiasi sama presiden, katanya citranya lagi baik baiknya polisi kita",1810490450639556674,,KangManto123,in,,0,0,0,https://x.com/Joeappocalypse/status/1810490450639556674,1799629930575388672,Joeappocalypse
1810290320397172818,2024-07-08T23:18:13.000Z,0,"@TheEagle_BEN @ListyoSigitP @ListyoSigitP meyakini berdasarkan survey masyarakat puas terhadap kinerja polisi. 

#SurveyDafidson",1810453363076813219,,TheEagle_BEN,in,,0,0,0,https://x.com/ArifNuriz/status/1810453363076813219,3233927359,ArifNuriz
1810261018045805010,2024-07-08T18:31:24.000Z,1,"@5teV3n_Pe9eL cobalah suruh rakyat menilai bgmn kinerja polisi selama ini , bukankah rakyat langsung yang merasakan baik buruknya kinerja institusi itu",1810381187372003695,,P3gEl,in,,0,0,0,https://x.com/jJoezack/status/1810381187372003695,1971810432,jJoezack
1809949308814598248,2024-07-08T17:07:23.000Z,1,"@tempodotco Bukan maen,,polisi lagi polisi lagi !!! Citra buruk akan terus ada di polisi kl tidak mau mengevaluasi kinerja dan kredibilitas",1810360042069315761,,tempodotco,in,,0,0,0,https://x.com/agung_amora20/status/1810360042069315761,1654114955707424769,agung_amora20
1810328329117188158,2024-07-08T16:26:55.000Z,0,"@tvOneNews ini 1 contoh kinerja polisi yg tdk becus dr sekian ratus salah tangkap.
bila begini siapa yg tanggung jawab ?",1810349856353087942,,tvOneNews,in,,0,0,0,https://x.com/fakegojek0607/status/1810349856353087942,1758551528322080768,fakegojek0607
1810187512775868843,2024-07-08T15:23:06.000Z,2,@Mdy_Asmara1701 Kita harus dukung ini....jokowi jgn nilai kinerja polisi hanya mengandalkan poling...poling bisa dibuat....poling bisa di rekayasa..polisi di indonesia jaman now tdk valid,1810333798925840845,,Mdy_Asmara1701,in,,0,0,0,https://x.com/diyamed2/status/1810333798925840845,1142990172872531969,diyamed2
1810305981668294830,2024-07-08T13:32:34.000Z,0,Kasus Afif menambah deretan masalah kinerja polisi dalam menangai kasus. Berikut deretan kasus kematian kontroversial yang melibatkan aparat. #kumparanNEWS https://t.co/Z6vemhdmGw,1810305981668294830,,,in,,0,0,0,https://x.com/kumparanplus/status/1810305981668294830,1323800017530875904,kumparanplus
1810162788544999479,2024-07-08T12:37:15.000Z,0,"@tempodotco Ini bukti kinerja polisi tak ssuai SOP...
Kapling aja ke sekda dan kejaksaan",1810292058806182182,,tempodotco,in,,0,0,0,https://x.com/KreatorMe/status/1810292058806182182,1572781968030568452,KreatorMe
1809912296002764955,2024-07-08T11:25:02.000Z,0,@TrigonaSeno Datag aja kepkanbaru Mase mau lihat kinerja polisi terbaik dunia nggak wkwk mau semacet apapun lalulintas tetep kagak ada dia nonggol paling nonggol area Sudirman wkwkwk,1810273887072276602,,TrigonaSeno,in,,0,0,0,https://x.com/KhoirulMqn1235/status/1810273887072276602,1427324889321525255,KhoirulMqn1235
1810260249557012871,2024-07-08T10:30:51.000Z,2,"Saya sangat bersyukur Pak @ListyoSigitP keluaraga2 ku bnyak yg mau milih menjadi @tni_ad dripda polisi...
Klo saya jdi bpk,saya sngat malu sekali dgan kinerja bpk2 Polri ini...👎👎 https://t.co/Rle3vhXVLi",1810260249557012871,https://pbs.twimg.com/ext_tw_video_thumb/1810260210810052608/pu/img/LJ3Ht-L0FbQCWKo0.jpg,,in,,0,0,0,https://x.com/lase1586254/status/1810260249557012871,1642546476973957121,lase1586254
1810256597974991118,2024-07-08T10:16:20.000Z,0,"Polisi..!!! Perbaikilah kwalitas kalian.. Kebusukan2 dengan karangan dan cerita2 palsu yg BAP2-an paksaan yg kalian bikin. Janganlah, Stop..!!

Mau sampe kapan republik ini rusak karena kinerja aparatnya yg tidak becus..??

Tp sudahlah Presiden aja calonin anaknya jd Wapres kok https://t.co/UydLgXiv8Y",1810256597974991118,https://pbs.twimg.com/media/GR9SyCWbMAAZnh-.jpg,,in,,0,0,0,https://x.com/sinagano2/status/1810256597974991118,1548994272808304642,sinagano2
1810245407517385187,2024-07-08T09:59:10.000Z,0,"@eiquela polisi ga beres kerjanya, lebih bagus kinerja satpam bca dekat rumah gw",1810252277292401125,,eiquela,in,,0,0,0,https://x.com/zey_VLR/status/1810252277292401125,1226059491457695744,zey_VLR
1810241329064198458,2024-07-08T09:15:40.000Z,3,"𝐏𝐞𝐧𝐠𝐚𝐝𝐢𝐥𝐚𝐧 𝐁𝐚𝐧𝐝𝐮𝐧𝐠 𝐏𝐮𝐭𝐮𝐬𝐤𝐚𝐧 𝐏𝐞𝐠𝐢 𝐒𝐞𝐭𝐢𝐚𝐰𝐚𝐧 𝐁𝐞𝐛𝐚𝐬 𝐝𝐚𝐫𝐢 𝐓𝐮𝐝𝐮𝐡𝐚𝐧 𝐏𝐞𝐦𝐛𝐮𝐧𝐮𝐡𝐚𝐧

Pengadilan Negeri Bandung memutuskan Pegi Setiawan bebas dari tuduhan pembunuhan terhadap Eki dan Vina di Cirebon. Reza Pramadia, kuasa hukum https://t.co/ILF4GStksQ",1810241329064198458,https://pbs.twimg.com/media/GR9E4_db0AAW6bG.jpg,,in,,0,0,1,https://x.com/Melihat_Indo/status/1810241329064198458,48359478,Melihat_Indo
1810180470463959314,2024-07-08T09:13:49.000Z,1,"@Mdy_Asmara1701 Baru aja baca kemaren kinerja Polisi hasil survey peringkat teratas setelah presiden. 
Kinerja fiktip survey fiktip.",1810240863848861992,,Mdy_Asmara1701,in,,0,1,0,https://x.com/fillyherry/status/1810240863848861992,173667268,fillyherry
1810151135094981011,2024-07-08T08:22:17.000Z,0,"@Miduk17 Kalau dah salah tangkap gini....

Apa yg bisa membuat kita percaya thf kinerja polisi?",1810227894758834505,,JhonSitorus_18,in,,0,0,0,https://x.com/Iyo63579667/status/1810227894758834505,979857787684466688,Iyo63579667
1810151135094981011,2024-07-08T08:14:28.000Z,2,"@aruna_bayu @Miduk17 Haiiioooyyooo... apa kabar Pak Polisi ???
   Bgmn pendapat kalian ???
Sdh tercemar krn Judi Online ,Korup skrg terkenal krn salah tangkap. Masih kah pny harga  diri ? Coba kinerja nya di perbaiki untuk memperbaiki Citra nya.",1810225930750820520,,aruna_bayu,in,,0,0,0,https://x.com/SariTherecia/status/1810225930750820520,1481974598283689986,SariTherecia
1810161425647858100,2024-07-08T07:33:40.000Z,1,"@tempodotco Baru kemaren Presiden puja puji kinerja Polri, katanya semakin membaik, lhaa ini buktinya nyata apakah cara kerja Polisi sdh baik atau makin bobrok ?",1810215660175409459,,tempodotco,in,,0,0,0,https://x.com/ichan_norax/status/1810215660175409459,1689477192714268672,ichan_norax
1810152117321285897,2024-07-08T07:15:08.000Z,0,@BosPurwa @ListyoSigitP Halo @kompascom beginikah hasil kerja surveimu yang katanya masyarakat puas dengan kinerja polisi  ?,1810210997212495996,,BosPurwa,in,,0,0,0,https://x.com/AdityaSeptianR6/status/1810210997212495996,1529749842485866496,AdityaSeptianR6
1809728793642488129,2024-07-08T06:38:04.000Z,1,"@asfan_warah @AzzamIzzulhaq Kita perlu buat perbandingan kinerja kepolisian di Indonesia dengan negara lain misal RRC, yg mayoritas di sini masih anggap sbg ""komunis"". Apakah polisi di sana bisa hidup layak dg gaji yg diberikan oleh negara? Apakah polisi di sana ada yg nyambi kerja sbg ""centeng""?",1810201669705355443,,asfan_warah,in,,0,0,0,https://x.com/awarmanf/status/1810201669705355443,48208248,awarmanf
1810151135094981011,2024-07-08T06:20:41.000Z,0,@Miduk17 Kinerja polisi semakin dipertanyakan....blom.lg kasus afif maulana yg lg bergulir.....hadehhh  makin mumet liat aparat hukum.,1810197296501731803,,JhonSitorus_18,in,,0,0,0,https://x.com/RudiartoT78475/status/1810197296501731803,1721085465821171712,RudiartoT78475
1810152117321285897,2024-07-08T05:39:24.000Z,0,@BosPurwa @ListyoSigitP Tapi kan masyarkat Puas kinerja Polisi? Infonya bgitu,1810186905147068665,,BosPurwa,in,,0,0,0,https://x.com/satsetbli/status/1810186905147068665,840099409249488896,satsetbli
1810181385157857280,2024-07-08T05:17:28.000Z,5,"Siang pak @prabowo @Kemhan_RI kematian wartawan di tanah Karo nie melibatkan @Puspen_TNI 
Coba di bantu usut pak soalnya polisi di indo kinerja di ragukan 🤣✅ @ListyoSigitP @ahriesonta 
Maaf pak @jokowi @TjahjantoHadi tolong benahi polri kita biar berfungsi dgn baik 
@DPR_RI https://t.co/alsWKJ9ham",1810181385157857280,https://pbs.twimg.com/media/GR8OXstagAESdOQ.jpg,,in,,0,1,3,https://x.com/gtobing2903/status/1810181385157857280,1465756979977068551,gtobing2903
1810175006212821215,2024-07-08T05:12:08.000Z,6,"@Dennysiregar7 Ads 3 orang DPO menurut putusan pengadilan yg 1 salah tangkap 2 orang fiktif, dan menurut survey kinerja Polisi ranking ke 1. Luar binasa...",1810180043118887384,,,in,,0,3,0,https://x.com/fillyherry/status/1810180043118887384,173667268,fillyherry
1810172680710328494,2024-07-08T04:55:18.000Z,2,@AREAJULID Seorang kulii bisaa  bikin gang .... 8 tahun baru di usut polisi kerjanya ngapain? Kasus gitu aja tahun 2016 bukan selesai itu nyawa Lo..makin yakin kan?  Kita ragu sama kinerja polisi yang di jalan?,1810175808100864159,,AREAJULID,in,,0,0,0,https://x.com/DSumahendra/status/1810175808100864159,1601396248807809024,DSumahendra
1810149657663914093,2024-07-08T04:49:34.000Z,0,@Mdy_Asmara1701 Aduh... Kacau kali cara kerja para penyidiknya... Butuh disekolahkan lagi tu penyidiknya... Maknya klw mau tangkap tersangka yg asli... Jgn buktinya dimanipulasi / mengada2... Makin hancur pandangan rakyat terhadap kinerja polisi... 😂😂,1810174363590852691,,Mdy_Asmara1701,in,,0,0,0,https://x.com/hamradhiputra/status/1810174363590852691,491170069,hamradhiputra
1810160925602930986,2024-07-08T04:29:58.000Z,0,"@SonoraFM92 @tribunnews Kembali kinerja polisi yg srampangan dan asal tangkap di mentahkan oleh pengadilan,",1810169432658092288,,SonoraFM92,in,,0,0,0,https://x.com/Lek_Tumidjo/status/1810169432658092288,1449454820687896577,Lek_Tumidjo
1810140314428215605,2024-07-08T03:51:58.000Z,0,"@PartaiSocmed sudah saatnya anggaran polisi diturunkan saja, gaji para polisi diturunkan juga sebagai hukuman atas kinerja mereka.",1810159867673608661,,PartaiSocmed,in,,0,0,0,https://x.com/hanintyaputra/status/1810159867673608661,515255658,hanintyaputra
1810150508696612916,2024-07-08T03:36:00.000Z,0,@tijabar @Gojekmilitan Kinerja polisi memalukan,1810155849681440930,,tijabar,in,,0,0,0,https://x.com/Mas_zobirin/status/1810155849681440930,912692135446536192,Mas_zobirin
1810148815665791313,2024-07-08T03:25:23.000Z,0,@tvOneNews Mencerminkan kinerja Polisi yang sedang tidak baik baik saja.....#fakta,1810153180430532619,,tvOneNews,in,,0,0,0,https://x.com/Doni_Herdians/status/1810153180430532619,1602604153,Doni_Herdians
1810145559912862047,2024-07-08T03:24:40.000Z,23,"@CNNIndonesia Gini amat kinerja polisi, takut banget ga ngapa-ngapain tiba-tiba dijemput dan dijadiin tersangka🤡",1810152996631883816,,CNNIndonesia,in,,0,0,2,https://x.com/threadshopee/status/1810152996631883816,1243793195118383104,threadshopee
1809949700898132142,2024-07-08T01:04:08.000Z,0,@H4T14K4LN4L42 @ListyoSigitP Intinya kinerja Polisi saat 70 % BOBROK.,1810117631460127014,,H4T14K4LN4L42,in,,0,0,0,https://x.com/BryokAceh/status/1810117631460127014,719084961039421440,BryokAceh
1811424769226813667,2024-07-11T15:38:14.000Z,0,"Salam hormat guai/untuk segenap jajaran2nya Bapak2 Kepolisian Yth
Selamat utk Penghargaan'nya serta juga kinerja'nya Bapak2 Polisi. Tetap selalu Amanah dlm tugas2 Kamtibmas Bapak2 Kepolisian Yth
Diwilkum Setempatnyo dengan Mengayomi serta Mencintai Masyarakatnyo Polres OKUT
🙏❤️ https://t.co/8iWPGe14uc",1811424769226813667,https://pbs.twimg.com/media/GSN5N2hasAA8Iwz.jpg,,in,,0,1,1,https://x.com/safira_floran/status/1811424769226813667,1186531317539717120,safira_floran
1811345117103743383,2024-07-11T12:05:44.000Z,4,"@kompascom Lah emang sejak kapan pakai uang, kalau lapor doang mah eggak pakai uang, ya sekedar tulis laporan aja di kantor polisi, di cari mah kagak. Buset dah, capek ma kinerja istitusi kgak jelas ini",1811371293306151243,,kompascom,in,,0,5,1,https://x.com/yo_boysz/status/1811371293306151243,1472003177029390338,yo_boysz
1811238351518969986,2024-07-11T03:17:28.000Z,1,"Wakapolda Kepri Brigjen Pol. Asep Safrudin, S.I.K., M.H., memimpin kegiatan Taklimat Awal Audit Kinerja Itwasum Polri Tahap II Tahun Anggaran 2024. Senin (8/7/2024).

.
.

@divisihumaspolri @polripresisi @mabespolrinews @ini_polisi @polisi_indonesia @halo_polisi https://t.co/u8wkZSIoT6",1811238351518969986,https://pbs.twimg.com/media/GSLPjCkbUAEQ1L3.jpg,,in,,0,0,0,https://x.com/poldakeprihumas/status/1811238351518969986,4787460974,poldakeprihumas
1812364812883742747,2024-07-14T21:29:41.000Z,1,"@resbklutara @_NeverAlonely jgn peluru karet aja lu bilang pak,buat klarifikasi jebloskan ke dlaam penjara, kalian di gaji masyarakat,bukan pt aja yg gaji kalian, demi duit kalian bisa""nya menembak warga, biarpun itu pluru karet kalau kena organ vital gimana?? otak pake dong, apakah begini kinerja polisi?",1812600380024569887,,resbklutara,in,,0,0,0,https://x.com/Iqbalplentong86/status/1812600380024569887,1786503649465925632,Iqbalplentong86
1812444822286086425,2024-07-14T11:11:53.000Z,0,"secara institusi,"" tutur Raja Juli Antoni saat ditemui awak media usai acara berlangsung.

Wamen ATR/Waka BPN menilai kinerja para polisi tersebut dapat menjadi motivasi bagi polisi lainnya. Hal itu juga bisa menjadi motivasi bagi aparat kepolisian dan Aparatur Sipil Negara (ASN) https://t.co/7XGNN7uPCC",1812444903705882935,https://pbs.twimg.com/media/GScZCEMWgAAkpzl.jpg,KantahKotaMedan,in,,0,1,0,https://x.com/KantahKotaMedan/status/1812444903705882935,3041119640,KantahKotaMedan
1812444822286086425,2024-07-14T11:11:46.000Z,0,"di The Tribrata Darmawangsa, Jakarta pada Jumat (12/07/2024). Ia menilai kinerja para polisi tersebut sangat menyentuh hati.
“Sangat mengharukan melihat betapa banyak dari pelosok negeri, polisi-polisi yang tadi dikatakan, bekerja melampaui tugas dan fungsi yang memang ditetapkan https://t.co/ThoKZ9rlXf",1812444873422950452,https://pbs.twimg.com/media/GScZAJvWYAA_Jmn.jpg,KantahKotaMedan,in,,0,1,0,https://x.com/KantahKotaMedan/status/1812444873422950452,3041119640,KantahKotaMedan
1812389591317680496,2024-07-14T07:32:05.000Z,0,"Wamen ATR/ BPN), Raja Juli Antoni mengungkapkan apresiasinya terhadap Polisi Teladan yang diberikan penghargaan dalam Penganugerahan Hoegeng Awards 2024, di The Tribrata Darmawangsa, Jakarta pada Jumat (12/07/2024). Ia menilai kinerja para polisi tersebut sangat menyentuh hati. https://t.co/qeHKzDHO9I",1812389591317680496,https://pbs.twimg.com/media/GSbmt3jWkAArWzB.jpg,,in,,0,0,0,https://x.com/Kantahkabkukar/status/1812389591317680496,1062323739734372352,Kantahkabkukar
1812163893479055368,2024-07-13T16:35:17.000Z,0,"Wamen ATR/Waka BPN menilai kinerja para polisi tersebut dapat menjadi motivasi bagi polisi lainnya. Hal itu juga bisa menjadi motivasi bagi aparat kepolisian dan ASN agar melihat tanggung jawab sebagai panggilan, sehingga bekerja melampaui tugas itu sendiri.

#Repost https://t.co/5XostpX3ZV",1812163902438039834,https://pbs.twimg.com/media/GSYZdN_WkAEeHY8.jpg,KantahKabTTU,in,,0,0,0,https://x.com/KantahKabTTU/status/1812163902438039834,4777911794,KantahKabTTU
1812163893479055368,2024-07-13T16:35:15.000Z,0,"Wamen ATR/Waka BPN, Raja Juli Antoni mengungkapkan apresiasinya terhadap Polisi Teladan yg diberikan penghargaan dalam Penganugerahan Hoegeng Awards 2024, di The Tribrata Darmawangsa, Jakarta pada Jumat (12/07/2024). Ia menilai kinerja para polisi tersebut sangat menyentuh hati. https://t.co/i2x6tCJIqI",1812163893479055368,https://pbs.twimg.com/media/GSYZGKiW4AA9hah.jpg,,in,,0,1,0,https://x.com/KantahKabTTU/status/1812163893479055368,4777911794,KantahKabTTU
1812071396140605833,2024-07-13T16:20:00.000Z,0,@Jateng_Twit Polisi sudah keok sama begal motor! Kinerja  @DivHumas_Polri  payah Dan korup dibawah pimpinan @ListyoSigitP,1812160055057465836,,Jateng_Twit,in,,0,0,0,https://x.com/KitaUang/status/1812160055057465836,1432018212376350725,KitaUang
1811947888563618034,2024-07-13T16:18:02.000Z,0,@anamazingbali Polisi sudah keok sama Genk motor. @DivHumas_Polri kinerja payah dibawah pimpinan @ListyoSigitP,1812159560096092566,,anamazingbali,in,,0,0,0,https://x.com/KitaUang/status/1812159560096092566,1432018212376350725,KitaUang
1812088421780955526,2024-07-13T11:35:21.000Z,1,"Penganugerahan Hoegeng Awards 2024, di The Tribrata Darmawangsa, Jakarta pada Jumat (12/07/2024). Ia menilai kinerja para polisi tersebut sangat menyentuh hati.

#AHYMenteriATR
#KementerianATRBPN
#MelayaniProfesionalTerpercaya
#MajuDanModern",1812088424138150162,,bpn_lembata,in,,0,1,0,https://x.com/bpn_lembata/status/1812088424138150162,1244525836327256064,bpn_lembata
1811699498726621280,2024-07-13T10:49:00.000Z,0,"@_NeverAlonely Inilah akibatnya kinerja bobrok dri petugas hukum, krn mrk seenaknya langgar Hak privasi masyarakat, trutama razia HP masyarakat tuh, jgn samakan masyarakat sipil dgn pegawai kantor/ASN, polisi kok tdk tangkap 1000 anggota dewan terbukti main judol tuh? 😭",1812076758059069573,,_NeverAlonely,in,,0,0,0,https://x.com/LegasiJKW/status/1812076758059069573,1725568289601134592,LegasiJKW
1811132133307732072,2024-07-13T03:32:44.000Z,0,@Duren___ Semakin Ruwet kinerja nya polisi saat ini wong seharus nya yg di tangkap itu bos nya judi online yg Nongkrong di lingkaran istana e..malah merazia tlp Rakyat 😀😀,1811966968259576039,,Duren___,in,,0,0,0,https://x.com/RickyDiningrat1/status/1811966968259576039,1170251268633157632,RickyDiningrat1
1811754212549886247,2024-07-13T02:59:45.000Z,0,"@kumparan Tentara polisi obesitas sebaiknya dibebastugaskan; dapat mengurangi kinerja &amp; kemampuan   tugas yang sering memerlukan kebugaran fisik. Obesitas meningkatkan risiko penyakit kronis: diabetes &amp; penyakit jantung, dapat menyebabkan absensi dan menghambat efisiensi.",1811958668881199170,,kumparan,in,,0,0,0,https://x.com/lupaabsen/status/1811958668881199170,1650371755939368962,lupaabsen
1811210854106558522,2024-07-13T02:37:19.000Z,0,"@Mdy_Asmara1701 Kasihan Pak @ListyoSigitP saat Kinerja Polisi tidak Presisi, bagi Pelaku Judi Online saat Ketauan HP nya ada Aplikasi dan dihapus pasti dia Install lagi. Efektif gak sih? Kenapa tidak Sumber nya yg dikejar, Bandar Judi Online nya Pasti Ketawa.",1811953022261690395,,Mdy_Asmara1701,in,,0,0,0,https://x.com/RFauzy5/status/1811953022261690395,3236618732,RFauzy5
1810529939550339532,2024-07-12T15:50:39.000Z,0,@DivHumas_Polri @Tan_Mar3M @KejaksaanRI Aamiin......🤲🤲..Kami butuh bukti kinerja profesional berdasarkan asas legalitas bukan janji kosong. Ditunggu penerbitan Laporan Polisi Dittipikor nya..... Terimakasih,1811790283279073299,,DivHumas_Polri,in,,0,0,0,https://x.com/Jeejulio1/status/1811790283279073299,1297361613020778501,Jeejulio1
1811345117103743383,2024-07-12T11:56:15.000Z,0,@kompascom Jadi rakyat yg mana yg katanya puas dgn kinerja polisi?,1811731292561846734,,kompascom,in,,0,1,1,https://x.com/Fajar_al_fakir/status/1811731292561846734,774880456290349056,Fajar_al_fakir
1811345117103743383,2024-07-12T11:41:02.000Z,0,"@BagusKoriawan @FirmanUpdate @kompascom Karena saat ini Polisi dan dan KPK ada dibawah Presiden, tidak independen lagi..

Di Era saat ini banyak dibuat kasus² sbg pengalihan isu untuk menutupi kinerja pemerintah yg bobrok..",1811727463690752444,,BagusKoriawan,in,,0,0,0,https://x.com/RumahStrawbery/status/1811727463690752444,1496821377613336578,RumahStrawbery
1811453604299178204,2024-07-12T08:55:50.000Z,0,@zer0failed Kinerja brutal polisi.. 🙄..  kapan lenyapnya,1811685891502637447,,Lone_Lynx__,in,,0,0,0,https://x.com/d3w4p230/status/1811685891502637447,1392442909,d3w4p230
1811370370932642010,2024-07-12T04:53:26.000Z,0,@__freelance__ kinerja polisi jepang emng ngga ada duanya 🙌🏻,1811624887955698059,,__freelance__,in,,0,0,0,https://x.com/Frosteeboii/status/1811624887955698059,1099745671605739521,Frosteeboii
1811612367018750079,2024-07-12T04:03:41.000Z,0,"Kinerja yang sangat bagus polisi kita , telah berhasil menggerebek markas judol yang sangat meresahkan. Isinya juga ternyata ada hacker  yang meretas situs pemerintah .
#TegasTumpasJudol https://t.co/VawHZI82FW",1811612367018750079,https://pbs.twimg.com/media/GSQj2PgbUAAKntx.jpg,,in,,0,0,0,https://x.com/dewanugrahaxx/status/1811612367018750079,1702273701260283904,dewanugrahaxx
1811397283696767293,2024-07-12T03:48:48.000Z,0,@SulisteaT40686 Jokowi puas dengan kinerja polisi. Masyarakat 58% harusnya ikut puas juga dong,1811608623703032057,,Sulistea__,in,,0,0,0,https://x.com/Slavd3/status/1811608623703032057,1252198328730742785,Slavd3
1812122201556169115,2024-07-13T13:49:35.000Z,0,"Another #kinerja_polisi 
Inikah potret surat tilang itu? 
#kelangkapan surat laik motor serta atributnya
Lihat video 🄸🅁🅄🅂◇𝕔𝕙𝕒𝕟𝕕𝕣𝕒༻༻! #TikTok https://t.co/OkPgy3ryVV",1812122201556169115,,,in,,0,0,0,https://x.com/xeramhalanx/status/1812122201556169115,410807869,xeramhalanx
1812120415562764518,2024-07-13T13:42:29.000Z,0,"#another #kinerja_polisi 
Lihat video mencari keadilan 🇮🇩! #TikTok https://t.co/8YMnEi9ent",1812120415562764518,,,in,,0,0,0,https://x.com/xeramhalanx/status/1812120415562764518,410807869,xeramhalanx
1811997032615411714,2024-07-13T11:25:43.000Z,0,@kompascom Untuk apa ada polisi klo kinerja salah tgkap n ngilangin brgbukti mulu,1812085996818985451,,kompascom,in,,0,0,0,https://x.com/LukeWiguna/status/1812085996818985451,1601504650452094978,LukeWiguna
1811548816115663120,2024-07-13T07:37:29.000Z,0,@Andria75777 Sepertinya rakyat sudah tidak percaya lagi dengan kinerja polisi yg katanya pengYom masyarakat..........kita laporkan anggota polisi..... otomatis hidup kita TERANCAM.....,1812028559080489113,,Andria75777,in,,0,0,0,https://x.com/ToyibRt/status/1812028559080489113,1783783744438198272,ToyibRt
1811920095041716433,2024-07-13T00:26:29.000Z,0,KLO ini saya sangat setuju dengan anda. Karena sy salah satu barisan org yg muak dengan bobroknya kinerja POLISI,1811920095041716433,,,in,,0,0,0,https://x.com/Pratiwi88156389/status/1811920095041716433,1206247309853380608,Pratiwi88156389
1811243916185973150,2024-07-12T01:56:57.000Z,0,"@_NeverAlonely Q jg g respect dngn kinerja oknum polisi yg bejat2 itu....tp polisi yg ad d video ini adlh polisi terbaik yg pernah brtugas d polres lumajang,beliau membrantas begal motor plus begal2 tambang pasir d lumajang!!!!",1811580475783438608,,_NeverAlonely,in,,0,0,0,https://x.com/mezhakath/status/1811580475783438608,435740109,mezhakath
1811369464207995058,2024-07-12T00:27:47.000Z,0,"@Polresta_Pati https://t.co/imTMKte1Lh
ayo pak polisi, dilanjut lah... @poldajateng_ @ListyoSigitP @Jateng_Twit warga menunggu kinerja, bukan hanya kata-kata.",1811558033904009507,,Polresta_Pati,in,,0,0,0,https://x.com/Insahu1/status/1811558033904009507,892030864766324737,Insahu1
1814067380903137287,2024-07-18T22:39:02.000Z,0,"emang aneh sih hukum indo, katanya negara hukum. tapi kalo laporannya ngehasilin duit baru jalan. katanya mengayomi masyarakat. tapi kinerja nya 0, anjing bgt. mantan preman kalo dikasih kerja ya liat aja itu polisi",1814067380903137287,,,in,,0,0,0,https://x.com/taesungtaesungg/status/1814067380903137287,1798122154413981696,taesungtaesungg
1813950457896915034,2024-07-18T14:54:25.000Z,0,"Ini yang paling aneh dari Kinerja polisi negara +62 selalu saja tidak bisa berantas akar masalahnya.

Bukan Bandar judinya yang diburu ini warga yang di razia.

Ga beda jauh sama kasus narkotika.

Bukan Pengedarnya tapi yang di tangkap justru penggunanya. https://t.co/saTDqrFrkb",1813950457896915034,https://pbs.twimg.com/media/GSxyUwyacAAG_ML.jpg,,in,,0,0,0,https://x.com/mrvoxie/status/1813950457896915034,1365001264744960009,mrvoxie
1813508233858093328,2024-07-18T13:11:36.000Z,0,@03__nakula Kinerja polisi mana skornya 84%???? Bukan di Indonesia itu....tapi di negeri Endosial!,1813924584707764448,,03__nakula,in,,0,0,0,https://x.com/chefadrach/status/1813924584707764448,1394671236857303053,chefadrach
1813743726784835724,2024-07-18T09:16:46.000Z,0,"@txtdrimedia Niat mau Minta Perlindungan eh malah Ketemu Bajingan 😒
 *Udah Jadi Korban Pencabulan di Asrama Panti Asuhan, eh Dicabuli lagi di kepolisian*
 ""Anggota Mu Luar Biasa BOS @ListyoSigitP  @DivHumas_Polri Tapi 😃 kata @jokowi  Kinerja polisi lagi baik , dipertahankan 😂 Boro² Bobrok",1813865486331019687,,txtdrimedia,in,,0,0,1,https://x.com/kuromusa440/status/1813865486331019687,1764445606246780928,kuromusa440
1813816806970380755,2024-07-18T06:03:20.000Z,1,"https://t.co/tkO5UFSajI
Seorang jurnalis perempuan bagikan kekecewaannya terhadap kinerja #polisi atas penanganan kasus #pelecehan yang ia alami di kereta.

Bahkan setelah melalui proses pelaporan yang sulit, laporan korban tidak bisa ditindak karena video yang diambil pelaku",1813816806970380755,,,in,,0,0,0,https://x.com/beritaKBR/status/1813816806970380755,124390203,beritaKBR
1813795436907622608,2024-07-18T04:38:25.000Z,0,udh ada yg analisis sentimen kinerja polisi blm ya,1813795436907622608,,,in,,0,0,0,https://x.com/zengiyu/status/1813795436907622608,1363822595473215491,zengiyu
1813758363488157810,2024-07-18T04:28:59.000Z,0,@_NeverAlonely @ListyoSigitP @kompolnas_ri @ListyoSigitP @ahriesonta @DivHumas_Polri makin muak lihat kinerja polisi . Lebih baik di kembalikan saja seperti dulu. Biar TNI yg mengawasi,1813793064873590820,,_NeverAlonely,in,,0,0,0,https://x.com/IlhamsetiawanK1/status/1813793064873590820,1211292991337332736,IlhamsetiawanK1
1813492510020243884,2024-07-18T03:55:28.000Z,0,@angettttttt @ziegarden @azkafii @dewandijaya @NickZuu_ @AgataStarking @tilehopper Yups benar polisi di sini masih sperti itu. Terkadang polisi bergerak di saat viral bahkan mereka sendiri blunder. Hal mendasar atas ke acuhan ini memang bersumber dari dari satu kinerja instasi tersebut. Selain itu banyak menjalankan role karater yg membuat semakin punya kuasa.,1813784628114960657,,angettttttt,in,,0,0,0,https://x.com/Maheee___/status/1813784628114960657,594450762,Maheee___
1813404248014729375,2024-07-18T02:53:26.000Z,0,"@KutaReal_X KEREN!
JGN LELAH PAK POLISI..👍MENGINGATKAN KEPADA PARA PENGENDARA TERTIB &amp; PATUH.

LELAHMU DLM BERTUGAS AKAN TERASA NIKMAT JIKA DILAKUKAN DGN PENUH KEIKHLASAN,

AYO BANTU KINERJA POLISI AGAR DPT MEMBERIKAN RASA KENYAMANAN, KETERTIBAN BAIK DIJLN MAUPUN DI MASYARAKAT 

 SEMANGAT!",1813769018937090388,,,in,,0,0,0,https://x.com/EndyNugroho8/status/1813769018937090388,1429040840932872193,EndyNugroho8
1813234091086782745,2024-07-17T14:45:54.000Z,0,@kegblgnunfaedh Polisi apaan kayak gini terserag org dosa dosa dia juga. Tuh yg LC tangkapin semua juga. Ngapian yg open BO di tangkep. Tuh di kinerja instusi juga polisi yg BANYAK YG ORDER BEGINIAN. Gak di tindak??  Bobrok bener,1813585928180625730,,kegblgnunfaedh,in,,0,0,0,https://x.com/Faddillah8989/status/1813585928180625730,1427224189476360194,Faddillah8989
1813529216560038219,2024-07-17T11:10:19.000Z,0,@intinyadeh Gini amat pak kinerja polisi @ListyoSigitP,1813531672111116309,,intinyadeh,in,,0,0,0,https://x.com/helmfulfes/status/1813531672111116309,250495354,helmfulfes
1813528975324684700,2024-07-17T10:59:36.000Z,0,"Asistensi Pelayanan Publik 
Kinerja Penyelenggaraan Pelayanan Publik (KPPP) Tahun 2024
Oleh Bag RBP Rorena Polda Jatim

@polisi_indonesia
@divisihumaspolri
@humaspoldajatim
#polresmadiunkota 
#humaspolri https://t.co/arLeXpkENb",1813528975324684700,https://pbs.twimg.com/media/GSry-0paMAAH2sA.jpg,,in,,0,0,0,https://x.com/ResMadiunKota/status/1813528975324684700,1534790169731399680,ResMadiunKota
1813198110476365977,2024-07-16T13:04:51.000Z,2,"Dalam penelusurannya, Ni Luh menemukan sejumlah fakta-fakta yang mengarahkan Pegi Setiawan bukan pelaku pembunuhan kasus Vina Cirebon. Kini Pegi Setiawan pun dinyatakan bebas, yang juga berarti masih ada pelaku yang masih belum ditangkap. Bagaimana kinerja polisi menangani kasus https://t.co/tQPYA3eC95",1813198110476365977,https://pbs.twimg.com/media/GSnGqO0bcAAimYv.jpg,,in,,0,5,0,https://x.com/KompasTV/status/1813198110476365977,71436318,KompasTV
1813082886280524128,2024-07-16T05:27:00.000Z,2,"Komisi III DPR kembali menyoroti kasus Vina, terutama kinerja Polda Jabar seusai salah tangkap Pegi Setiawan.  Wakil Ketua Komisi III DPR Pangeran Khairul Saleh menyebut polisi serampangan dalam penetapan Pegi Setiawan. (ist) https://t.co/rAvcoe4mt1",1813082886280524128,https://pbs.twimg.com/ext_tw_video_thumb/1813068556076261377/pu/img/ux4gwor-gXkCNiTw.jpg,,in,,0,0,0,https://x.com/tribunnews/status/1813082886280524128,124171593,tribunnews
1812867093953679536,2024-07-15T15:09:31.000Z,1,"Sejumlah pengamat mengatakan, bebasnya Pegi Setiawan berdasarkan Putusan Pengadilan Negeri (PN) Bandung dalam kasus pembunuhan remaja bernama Vina Arsita dan Muhammad Rizky di Cirebon, Jawa Barat, pada 2016 lalu mencerminkan kinerja kepolisian yang buruk.

https://t.co/D3UnVHxL6f",1812867093953679536,,,in,,0,0,0,https://x.com/voaindonesia/status/1812867093953679536,75077164,voaindonesia
1812765910425584077,2024-07-15T08:29:35.000Z,0,""" tutur Raja Juli Antoni saat ditemui awak media usai acara berlangsung.  Wamen ATR/Waka BPN menilai kinerja para polisi tersebut dapat menjadi motivasi bagi polisi lainnya. Hal itu juga bisa menjadi motivasi bagi aparat kepolisian dan Aparatur Sipil Negara (ASN) https://t.co/WloJvVOUzx",1812766449444049000,https://pbs.twimg.com/media/GSg9ZYSXkAA-UMl.jpg,kantahkotjaksel,in,,0,1,0,https://x.com/kantahkotjaksel/status/1812766449444049000,2906614093,kantahkotjaksel
1812765910425584077,2024-07-15T08:28:50.000Z,0,"Jakarta pada Jumat (12/07/2024). Ia menilai kinerja para polisi tersebut sangat menyentuh hati.  “Sangat mengharukan melihat betapa banyak dari pelosok negeri, polisi-polisi yang tadi dikatakan, bekerja melampaui tugas dan fungsi yang memang ditetapkan secara institusi, https://t.co/snqjkfoO1D",1812766258565402724,https://pbs.twimg.com/media/GSg9IJ0W4AA8Out.jpg,kantahkotjaksel,in,,0,1,0,https://x.com/kantahkotjaksel/status/1812766258565402724,2906614093,kantahkotjaksel
1814647943053402506,2024-07-21T08:44:19.000Z,0,@Heraloebss Apa perlu di bubarkan saja itu @DivHumas_Polri dan pecat @ListyoSigitP sebagai Kapolri karena selama dia jadi kapolri kok kinerja polri makin hancur bahkan hilang harga diri polisi   sekarang mentang si @wulanguritno artis malah mau dijadikan jurkam anti judi online,1814944483282460761,,Heraloebss,in,,0,0,0,https://x.com/bendolganteng/status/1814944483282460761,1276876868340203520,bendolganteng
1814549685979521258,2024-07-21T03:53:02.000Z,0,"@Heraloebss Ya itu lah polisi di negeri ini ?? . Lambatt.. Harus viral dulu baru di tangani.
Ntar klau di Bilang klau kinerja polisi Lambat gak terima,
Marah2!!!
Situ sehat???/",1814871180870103222,,Heraloebss,in,,0,0,0,https://x.com/CiciRenata28788/status/1814871180870103222,1702311070545928192,CiciRenata28788
1814549685979521258,2024-07-21T02:34:01.000Z,0,"@Heraloebss Udahlah pake hukum rimba ajaa mata balas mata, nunggu polisi ibarat nunggu hutan amazon tumbuh di jakarta, kinerja buruk busuk terlalu banyak permainan kotor didalemnya",1814851295154741752,,Heraloebss,in,,0,0,0,https://x.com/Valentinoferdy3/status/1814851295154741752,1017600753303769088,Valentinoferdy3
1814617595016061152,2024-07-20T17:02:08.000Z,5,@oylavia @chemicalrough Masih ngarep sama kinerja polisi kabupaten??,1814707375582159284,,oylavia,in,,0,0,0,https://x.com/svmmersfluffy/status/1814707375582159284,1444903956405121024,svmmersfluffy
1814704018197000491,2024-07-20T16:48:48.000Z,0,https://t.co/VJda1OwDPD,1814704018197000491,,,zxx,,0,0,0,https://x.com/Tang22raya/status/1814704018197000491,1794268414497980417,Tang22raya
1814549685979521258,2024-07-20T13:52:39.000Z,0,@Heraloebss Ini yg katanyaa kinerja polisi semakin baik.,1814659692012183989,,Heraloebss,in,,0,0,0,https://x.com/LOL_NHL/status/1814659692012183989,358021691,LOL_NHL
1814549685979521258,2024-07-20T13:26:56.000Z,0,@Heraloebss Miris sekali kinerja polisi. @CCICPolri,1814653216568844551,,Heraloebss,in,,0,0,0,https://x.com/rosid_ridho/status/1814653216568844551,2396924918,rosid_ridho
1814562777912254970,2024-07-20T07:27:33.000Z,0,"Jangan kan presiden,polisi,tni deh. Aing aja ga percaya sama kinerja bumn bumn monopoli bangsat. Buktinya saeutik saeutik parem listrik, parem cai. 

Ya emang bener sih “percuma” nyobol si pemilu wong orang naive kaya kita ga peduli perubahan dan keberlangsungan oranv lain kan?",1814562777912254970,,,in,,0,0,0,https://x.com/jauhann_/status/1814562777912254970,1966595436,jauhann_
1814107730988429766,2024-07-20T06:46:22.000Z,0,@JhonSitorus_18 Emang ga ada baiknya kok...makanya ada peradilan jalanan...itu LBH memuaskan SPT-nya dr pada kinerja Polisi,1814552412386177310,,JhonSitorus_18,in,,0,0,0,https://x.com/Iyo63579667/status/1814552412386177310,979857787684466688,Iyo63579667
1814443418577449310,2024-07-20T06:26:18.000Z,0,"@tvOneNews Kenapa dari dulu saya tidak pernah mau mempercayai kinerja polisi? Ya, begitulah kenyataan yang sekarang merebak menjadi berita viral tentang ulah polisi yang brengsek itu!",1814547363480150304,,tvOneNews,in,,0,0,0,https://x.com/PronadaP49139/status/1814547363480150304,1742328223919398912,PronadaP49139
1814269474184532179,2024-07-20T00:43:22.000Z,3,@_NeverAlonely Bukankah 85% rakyat puas dgn kinerja polisi ya??? Tapi sayangnya yg ngomong jokowi 🙄,1814461059480334698,,_NeverAlonely,in,,0,0,0,https://x.com/tukangpermaks/status/1814461059480334698,1793880471862132736,tukangpermaks
1813758363488157810,2024-07-19T15:25:25.000Z,0,"@_NeverAlonely @ListyoSigitP @kompolnas_ri Lapor ke pak satpam aja.. W jadi rakyat lebih baik polisi di bubarkan kl kinerja y sdh amburadul.. 
Positif y apbn akan naik, masyarakat akan aman,nyaman dan adil tanpa kehadiran polisi.",1814320646098505938,,_NeverAlonely,in,,0,0,0,https://x.com/iskan45v/status/1814320646098505938,1241596438561181696,iskan45v
1814201031389040657,2024-07-19T07:30:06.000Z,0,"Polres Maros meraih penghargaan dari Kapolri Jenderal Polisi Drs. Listyo Sigit Prabowo, https://t.co/Mbo6qGUMZ1 atas pencapaian nilai sempurna dalam Indikator Kinerja Pelaksanaan Anggaran (IKPA) T.A 2023. https://t.co/UYtULz7bZ7",1814201031389040657,https://pbs.twimg.com/media/GS1WOOgbsAEotUj.jpg,,in,,0,0,0,https://x.com/polres_maros/status/1814201031389040657,1795265505630343168,polres_maros
1813508233858093328,2024-07-19T06:22:59.000Z,0,@03__nakula Karena gw dulu pas perbarui sim di wajibkan ngisi kayak quisoner gitu tentang kinerja polisi dll dan harus jawab yg paling baik 😂😂😂,1814184141295853710,,03__nakula,in,,0,0,0,https://x.com/egolerian/status/1814184141295853710,1294475096,egolerian
1814112939546480876,2024-07-19T01:40:04.000Z,21,"Selebgram Cantik Ditangkap saat Open BO, KInerja Polisi Jadi Sorotan Netizen https://t.co/mSc2F8hd10 #trending",1814112939546480876,,,in,,5,17,6,https://x.com/VIVAcoid/status/1814112939546480876,41730943,VIVAcoid
1813920315657097329,2024-07-19T00:36:33.000Z,0,"@bacottetangga__ Pajak nya harusnya buat Damkar. Bukan buat pejabat macam wakil rakyat atau polisi. Jika berdasar kinerja, harusnya Damkar lah yg dapet prioritas",1814096958920990848,,Goonddrong,in,,0,0,0,https://x.com/afiiitz10/status/1814096958920990848,66356758,afiiitz10
1816245770141745450,2024-07-25T12:42:09.000Z,0,@sapunyere__ Lawan aja polisi udah muak sama kinerja polisi skrng,1816453885881692598,,sapunyere__,in,,0,0,0,https://x.com/ferryrizal561/status/1816453885881692598,3989036233,ferryrizal561
1816316800881381741,2024-07-25T06:48:39.000Z,0,@RadioElshinta Kenapa takut... kl memang motor ndak bermasalah palingan tilang atau damai... kl motor hasil maling gimana... meskipun kinerja polisi memburuk kita harus fair jg... jgn seperti mereka donk..,1816364925188726886,,RadioElshinta,in,,0,0,0,https://x.com/WieBambang/status/1816364925188726886,1577329820023001089,WieBambang
1816065469767708732,2024-07-25T05:46:30.000Z,0,"@kegblgnunfaedh Lika liku kerjaan pemerintah yang Pride nya kurang, padahal sscara Kinerja, Polisi masih kalah sama Damkar",1816349284234858601,,kegblgnunfaedh,in,,0,0,0,https://x.com/FabloChin/status/1816349284234858601,1423973982919823365,FabloChin
1815529950281392400,2024-07-25T00:22:28.000Z,0,"@tvOneNews DPR dan Pemerintah evaluasi polisi sbgai penegakan hukum jika kinerja mereka buruk bubarkan saja, robah UU bentuklah polisi suwasta utk penegakan hukum
BRIMOB tetap dengan tugasnya",1816267739763466487,,tvOneNews,in,,0,0,0,https://x.com/McX42660728/status/1816267739763466487,1376310810624991233,McX42660728
1816249394729287785,2024-07-24T23:51:44.000Z,2,"@tempodotco Harus ya pejabat polri lagi? Kenapa tidak guru besar atau senior praktisi hukum yang teruji integritasnya yang jadi ketua? Maaf ya, rakyat sedang dlm masa sulit untuk percaya kinerja polisi.",1816260006381310033,,tempodotco,in,,0,0,0,https://x.com/RidNgemil/status/1816260006381310033,547856416,RidNgemil
1815327530473386272,2024-07-24T23:30:54.000Z,0,@creepylogy_ Heran dengan kinerja Polisi. Tp ya ini konoha,1816254764897952163,,creepylogy_,in,,0,0,0,https://x.com/apu_tommy/status/1816254764897952163,101808297,apu_tommy
1816038865586594266,2024-07-24T09:13:00.000Z,0,gara gara hutang pemerintah tinggi dan rakyat yg di paksa ntuk pengeluaran pajak padahal kinerja para #pajak #polisi #disbub blm bisa beri layanan yg baik kpd rakyat nya,1816038865586594266,,,in,,0,0,0,https://x.com/fakegojek0607/status/1816038865586594266,1758551528322080768,fakegojek0607
1816020227676856553,2024-07-24T07:58:56.000Z,0,"Sinergitas kinerja forpincam

#divhumaspolri
#humaspoldajatim
#opsmantapbrata2024
#polisi
#polresnganjuk 
#kapolresnganjuk 
#muhammadchaniago2003
#polisinganjuk
#semangatmelayani 
#bolokuompolisi 
#polisinganjuk
#wayahelaporkapolres
#babinkamtibmasnganjuk

https://t.co/5pDz6G46lX",1816020227676856553,,,in,,0,0,0,https://x.com/PolsekWilangan9/status/1816020227676856553,1631488190090711040,PolsekWilangan9
1815984899977011666,2024-07-24T05:38:34.000Z,0,"Laporkan Semua Permasalahan dan Potensi Gangguan Kamtibmas serta Kinerja Kepolisian Polres Sawahlunto Melalui LAPOR PAK KAPOLRES
WHATSAPP: 0821-8326-8507
LAYANAN POLISI : 110 https://t.co/V4zGSw0wKP",1815984899977011666,https://pbs.twimg.com/media/GTOsonhaYAQ_qGV.jpg,,in,,0,0,0,https://x.com/Polres_SWL/status/1815984899977011666,1262560921471217665,Polres_SWL
1815601056526811638,2024-07-23T21:36:33.000Z,0,@Jateng_Twit Gak kaget..jangan kagetan liatnya...kinerja polisi paling tinggi disorot rakyat indonesia.,1815863596515053948,,Jateng_Twit,in,,0,0,0,https://x.com/wilicatur/status/1815863596515053948,1177569654266576898,wilicatur
1815327530473386272,2024-07-23T20:53:02.000Z,0,"@creepylogy_ Kadang kesel liat kinerja polisi Indonesia,sudah ada laporan bukannya gercep menindak lanjuti,malah d biarkan menelan korban sampai meninggal..di otaknya mungkin hanya uang yang d pikirkan,Krn setiap laporan tanpa uang polisi gak akan bertindak apa2",1815852647578276284,,creepylogy_,in,,0,0,0,https://x.com/sisi_kika/status/1815852647578276284,1488334826620915713,sisi_kika
1815766904801476930,2024-07-23T15:12:20.000Z,0,Padahal kinerja polisi katanya makin baik loh 🤭,1815766904801476930,,,in,,0,0,0,https://x.com/haehb_/status/1815766904801476930,1606565023585038337,haehb_
1815739701669904643,2024-07-23T13:24:14.000Z,0,"Polres Maros meraih penghargaan dari Kapolri Jenderal Polisi Drs. Listyo Sigit Prabowo, https://t.co/Mbo6qGVkOz atas pencapaian nilai sempurna dalam Indikator Kinerja Pelaksanaan Anggaran (IKPA) T.A 2023 yang diserahkan Kapolda Sulsel Irjen Pol Andi Rian R Djajadi, S.I.K., M.H https://t.co/4cW1HciBeK",1815739701669904643,https://pbs.twimg.com/ext_tw_video_thumb/1815739543355826176/pu/img/uOrGyMomlI0WH4R6.jpg,,in,,0,0,0,https://x.com/polres_maros/status/1815739701669904643,1795265505630343168,polres_maros
1815391213652205581,2024-07-23T13:00:40.000Z,0,@faircally Ky ngga tau kinerja polisi aja,1815733771255361875,,fairtycrina,in,,0,0,0,https://x.com/syaif38/status/1815733771255361875,2576858468,syaif38
1815327530473386272,2024-07-23T06:06:12.000Z,0,@creepylogy_ beginilah kinerja polisi @DivHumas_Polri .... betul nggak pak?,1815629466112233767,,creepylogy_,in,,0,0,0,https://x.com/ArisMun48245391/status/1815629466112233767,1344584975409004546,ArisMun48245391
1815327530473386272,2024-07-23T04:52:02.000Z,2,"@fvkher @creepylogy_ Mau heran tapi ini polisi Indonesia. Udah sebegini banyaknya keburukan kinerja polisi, apa kgk mau diberbenah ya?",1815610802323542401,,langitsenjaka,in,,0,0,0,https://x.com/grumpybearl/status/1815610802323542401,1622619421406793728,grumpybearl
1815567781531972080,2024-07-23T03:29:10.000Z,0,@tvOneNews Kompolnas kerjaannya melindungi polisi saja. BUBARKAN SAJA. buat lembaga independen yang mengawasi kinerja polisi. Dan kerjanya langsung dibawah presiden.,1815589948613099609,,tvOneNews,in,,0,0,0,https://x.com/Rizkialmudi/status/1815589948613099609,4581884832,Rizkialmudi
1815583384082764125,2024-07-23T03:03:05.000Z,0,"Kapolda Sumsel bersama PJU Polda Sumsel mendatangi kantor Gedung kejaksaan Tinggi Sumatera Selatan dalam rangka memperingatkan Hari Bakti Adhyaksa.

Kedatangan Kapolda Sumsel ini disambut antusias oleh Kajati Sumsel beserta staf dan jajarannya.Kegiatan ini juga sebagai bentuk https://t.co/xJDtyXUruK",1815583384082764125,https://pbs.twimg.com/amplify_video_thumb/1815583313308049408/img/1OOlFPIMUMFm0eQv.jpg,,in,,0,0,0,https://x.com/sumsel_polda/status/1815583384082764125,1463305353773289477,sumsel_polda
1815552253115424965,2024-07-23T00:59:23.000Z,0,"Mati dulu baru berhasil, coba dikasi tes lbh susah lagi kalau mau masuk polisi🤣😭atau apa kek biar betul2 berkualitas kinerja kalian itu loh",1815552253115424965,,,in,,0,0,0,https://x.com/meenay_winoff/status/1815552253115424965,1371400447085277184,meenay_winoff
1815549927604486551,2024-07-23T00:50:08.000Z,5,Luar biasa kinerja polisi Depok ya. Sungguh gercep.,1815549927604486551,,,in,,0,0,1,https://x.com/timmymalachi/status/1815549927604486551,18249099,timmymalachi
1813198110476365977,2024-07-25T08:55:58.000Z,0,@KompasTV Polisi tentunya masih menangani kasusnya... Dan terus mencari bukti bukti saksi yang dapat menguatkan kasus tersebut hingga tuntas.. dukung kinerja positif polri,1816396967754489920,,KompasTV,in,,0,0,0,https://x.com/AlwiBastian2/status/1816396967754489920,1132322061009838082,AlwiBastian2
1815986531129254074,2024-07-25T08:26:47.000Z,0,"@RadioElshinta Sehat sehat Pak Polisi, semangat mengedukasi masyarakat.. tunjukkan kinerja positif Polri dengan tetap mengayomi dan memberi pengertian dalam pelaksanaan tugasnya",1816389620206297343,,RadioElshinta,in,,0,0,0,https://x.com/alfatih1904/status/1816389620206297343,1686622892854009856,alfatih1904
1815911595232653507,2024-07-24T23:08:01.000Z,0,@5teV3n_Pe9eL polisi mkin sini kinerja berkurang ya,1816249003090026981,,P3gEl,in,,0,0,0,https://x.com/sate_aspal/status/1816249003090026981,1707468495712354306,sate_aspal
1815454946135077019,2024-07-22T18:32:43.000Z,0,Sejauh ini kinerja polisi tidur lebih baik.....,1815454946135077019,,,in,,0,0,0,https://x.com/lontonggmalam/status/1815454946135077019,1085586436663824384,lontonggmalam
1815327530473386272,2024-07-22T17:50:18.000Z,0,"@creepylogy_ Polisi lagi polisi lagi yang nanggepin kasus setengah2 mulu, udah mah citrq di masyarakat buruk ini tambah hitam kinerja polisi, siapa lagi coba yang mau percaya polisi kalau begini terus",1815444273011323372,,creepylogy_,in,,0,0,0,https://x.com/inderg_one/status/1815444273011323372,1661593872957599745,inderg_one
1815327530473386272,2024-07-22T15:09:47.000Z,1,@creepylogy_ Beginikah kinerja polisi ? @DivHumas_Polri @ListyoSigitP,1815403877317181896,,creepylogy_,in,,0,0,0,https://x.com/Btrilham2/status/1815403877317181896,1324944816854085632,Btrilham2
1815327530473386272,2024-07-22T14:44:55.000Z,0,"@creepylogy_ apakah kerja polisi per individunya ada penilaian kinerja nya ? (kpi, key performance indicator). seyogyanya jika pencapaian kpi nya rendah ada punishment nya...",1815397618161508667,,creepylogy_,in,,0,0,0,https://x.com/tangkus/status/1815397618161508667,475301369,tangkus
1815327530473386272,2024-07-22T14:18:32.000Z,5,"@creepylogy_ Mau sampe kapan menormalisasi pacaran?
Kita tau itu dosa tapi masih tetap dijalankan. 

Turut berduka untuk korban, semoga keluarga yang ditinggalkan diberikan ketabahan &amp; ketegaran. 

Dan untuk polisi, kami enggak heran ama kinerja kalian yang gitu gitu aja.",1815390978708312553,,creepylogy_,in,,0,0,2,https://x.com/mkpasaribu/status/1815390978708312553,928649246810574848,mkpasaribu
1815290432756265178,2024-07-22T08:13:34.000Z,20,@MikaelDewabrata @guardian Wkwk mereka kaget sama praktik suap menyuap dan hasil kerja yg gk sesuai kinerja rata2 pekerja sana. Emang udah bener putus kerja aja. Tipikal org pengen dpt gaji tinggi tapi gk bisa kerja. Harusnya jadi polisi di Indonesia aja yg kerjaannya santai bisa narikin duit dari.....,1815299130861945227,,MikaelDewabrata,in,,0,2,2,https://x.com/wibowo_choir/status/1815299130861945227,1439092285770113027,wibowo_choir
1814283822156177768,2024-07-22T03:07:58.000Z,0,@DivHumas_Polri 👍 lanjutkan dan perbaiki kinerja internal kepolisian biar gak ada sebutan oknum buat Polisi 🙏,1815222227773845717,,DivHumas_Polri,in,,0,0,0,https://x.com/KapanWin26/status/1815222227773845717,1606476691005919232,KapanWin26
1815327530473386272,2024-07-24T00:46:10.000Z,0,@creepylogy_ Bisa2nya tu polisi pda pose semangat kek org bener pdhal udh ada korban meninggal gra2 kinerja mereka yg lelet. Siput aja nyengir liatnya,1815911314834792888,,creepylogy_,in,,0,0,0,https://x.com/Kentangbiru96/status/1815911314834792888,1791711002808975360,Kentangbiru96
1817704081219362939,2024-07-28T23:29:58.000Z,59,"Tidak Hanya Buruk, Kinerja Oknum Polisi Polda Jabar Mengandung Niat Jahat https://t.co/g3TLRTCl41",1817704081219362939,,,in,,0,0,30,https://x.com/alisyarief/status/1817704081219362939,30201110,alisyarief
1817503761625178450,2024-07-28T20:23:18.000Z,0,@SammiSoh Bantu share kinerja polisi,1817657101491306936,,SammiSoh,in,,0,0,0,https://x.com/La21921Lalane/status/1817657101491306936,1717981323451838464,La21921Lalane
1817437454129102879,2024-07-28T20:21:21.000Z,0,@Aryprasetyo85 @03__nakula @__AnakKolong @2045Tv @Anak__Ogi @AntoniusCDN @AndiWenas66 @basaillive @BosPurwa @Muhayya__ @seruanhl Bantu share kinerja polisi,1817656614167719996,,Aryprasetyo85,in,,0,0,0,https://x.com/La21921Lalane/status/1817656614167719996,1717981323451838464,La21921Lalane
1817579257230737537,2024-07-28T20:20:53.000Z,0,@dhemit_is_back Bantu share kinerja polisi,1817656495506690484,,dhemit_is_back,in,,0,0,0,https://x.com/La21921Lalane/status/1817656495506690484,1717981323451838464,La21921Lalane
1817101008948101609,2024-07-28T13:28:13.000Z,0,@tempodotco 80% masyarakat puas kinerja polisi,1817552645995012301,,tempodotco,in,,0,0,0,https://x.com/ardanaf/status/1817552645995012301,137253948,ardanaf
1817394872607031589,2024-07-28T08:39:13.000Z,0,"@rasjawa Penegakan hukum juga lemah
Gak heran lagi kalo tingkat kejahantan meningkat
Apalagi yang di survey mengenai kinerja polisi juga orang sendiri wkwkkw",1817479913135644903,,rasjawa,in,,0,0,0,https://x.com/_Bedmen/status/1817479913135644903,1070870214080753664,_Bedmen
1816770991386951958,2024-07-27T06:59:09.000Z,0,@5teV3n_Pe9eL Iyah bulan2 ini lagi pada cari poin buat kinerja.. jadi yah mau gak mau mungkin caranya begitu dan itu polisi juga kena uang pinalti buat tugas anggotanya yg bertugas buat penggerbekan 1.5jt per orang klo gw kagak salah intip waktu dulu 😅,1817092345097257115,,P3gEl,in,,0,0,0,https://x.com/meonkcool/status/1817092345097257115,1340236342807068672,meonkcool
1815175379893834208,2024-07-27T01:38:19.000Z,0,"@Heraloebss polri sudah bekerja keras , hanya saja okum yang merusak kinerja polri , kalapun ada okum polisi tolong di tindak tegas agar tidak menjadi duri dalam daging 
#PolriTuntasMengusut",1817011605076640247,,Heraloebss,in,,0,0,0,https://x.com/biasarakyat95/status/1817011605076640247,1150602269399777280,biasarakyat95
1816989847338516611,2024-07-27T00:11:52.000Z,0,Dapat dari WA. Tolong kepada para polisi yang tidak bisa saya banggakan. Gaji kalian sudah besar. Jangan lagi mencari korban penangkapan dan fitnah orang cuma demi poin kinerja. @DivHumas_Polri  tolong pecat dan penjarahan polisi yang terlibat. https://t.co/H89VgkESMI,1816989847338516611,https://pbs.twimg.com/media/GTc-MQna4AAE2gX.jpg,,in,,0,0,0,https://x.com/MukhitsP/status/1816989847338516611,1570756718275203075,MukhitsP
1816859910107464148,2024-07-26T17:37:54.000Z,1,"@H4T14K4LN4L42 @ListyoSigitP mau gimanapun rakyat sdh paham kinerja polisi ,
oknum nya banyak berjamaah",1816890702447673560,,H4T14K4LN4L42,in,,0,1,0,https://x.com/fakegojek0607/status/1816890702447673560,1758551528322080768,fakegojek0607
1816757988184801702,2024-07-26T14:11:24.000Z,0,"@freecsia keren banget yaa kinerja para pak polisi, sekarang #PolriTuntasMengusut dan Konsisten Tegakkan Hukum masalah seperti ini",1816838736040317096,,freecsia,in,,0,0,0,https://x.com/leyleyzaa/status/1816838736040317096,1758419263583629312,leyleyzaa
1816662048652296533,2024-07-26T12:47:39.000Z,0,"@WagimanDeep212_ @KebumenPolres @KPK_RI @PPATK Bantu perbaiki kinerja POLISI dan BNN

https://t.co/Vd9WFb9Wkf",1816817658358341832,,WagimanDeep212_,in,,0,0,0,https://x.com/La21921Lalane/status/1816817658358341832,1717981323451838464,La21921Lalane
1813472383317274638,2024-07-26T02:21:11.000Z,0,@PolresBantulDIY Whatt?!! scam online ngerugiin indonesia bahkan smpe 59miliar dan sudah ngerugiin 4 negara. keren sih polisi bisa ungkap semua. semoga kinerja pak pol makin mengudara. bravo🔥,1816660002536575047,,PolresBantulDIY,in,,0,0,0,https://x.com/liahml26/status/1816660002536575047,1736926408662978560,liahml26
1818091658141168101,2024-07-31T18:46:02.000Z,0,"@wientaxa @dantull_viruss @5teV3n_Pe9eL Kalau di ruang publik gak masalah mas merekam, apalagi dalam rangka pengawasan masyarakat terhadap kinerja Polisi. Gak usah sok pintarlah.... Kayak kayak IQ mu seperti Einstein saja.",1818719788002427085,,wientaxa,in,,0,0,0,https://x.com/SlametR72312235/status/1818719788002427085,884967335030693888,SlametR72312235
1818661405920510039,2024-07-31T14:54:02.000Z,0,"Semakin presisi 
Pantes aja survey masyarakat terhadap kinerja polisi diatas 80%
Pertanyaan nya survey nya dmn?",1818661405920510039,,,in,,0,0,0,https://x.com/Bonny_Reins/status/1818661405920510039,2797531484,Bonny_Reins
1818271309283156409,2024-07-31T13:00:11.000Z,3,"@minkaput @BNGPY Kinerja polisi indo : kalo ga ada yg ngelapor (dan ngasih duit), diemin aja. wkwkw",1818632751983345784,,minkaput,in,,0,0,0,https://x.com/nownanakl/status/1818632751983345784,1684820194903076864,nownanakl
1818532042617053345,2024-07-31T06:20:00.000Z,0,"kinerja yang nyata polres lamongan menyalurkan bantuan sosial dan bakti kesehatan polisi baik oleh polda jatim di lamongan. 
#PengabdianPenuhHumanisme
Konsisten Hadir Melayani https://t.co/O0rhxxUJcr",1818532042617053345,https://pbs.twimg.com/media/GTyz6KXbwAA_kPM.jpg,,in,,0,0,0,https://x.com/terkilau/status/1818532042617053345,2496445776,terkilau
1818532042067300559,2024-07-31T06:20:00.000Z,2,"kinerja gercep selalu ditunjukkan oleh polisi dan tni pada masyarakat 
salah satu contohnya adalah membantu masyarakat yg rumahnya terendam banjir rob di pemalang. 
ini adalah salah satu bentuk #PengabdianPenuhHumanisme
Konsisten Hadir Melayani https://t.co/rbk24lTsKP",1818532042067300559,https://pbs.twimg.com/media/GTy1bMCa0AAslHK.jpg,,in,,0,0,3,https://x.com/lululupa2/status/1818532042067300559,1290136956165226496,lululupa2
1818498045077827704,2024-07-31T06:10:27.000Z,17,"@Opposisi6690 BONGKAR KEBOKBROKAN KINERJA POLISI YG KERJA GAK BENER SERING TERJADI SALAH TARGET DAN BANYAK SUDAH MASYARAKAT YG JADI KORBAN KEBRUTALAN NYA !!! .
APARAT² YG GAK BERKUALITAS !!",1818529642158211233,,Opposisi6890,in,,0,2,2,https://x.com/21_mozza/status/1818529642158211233,1657682046016454664,21_mozza
1818491844151722207,2024-07-31T04:27:45.000Z,0,@Penyuka_ombak Kinerja polisi semakin baik.,1818503795355394353,,Penyuka_ombak,in,,0,0,0,https://x.com/HAPOSANM/status/1818503795355394353,117907590,HAPOSANM
1815746585189638286,2024-07-31T01:20:04.000Z,0,"@TirtoID mantap sekali kinerja pak polisi bs mengungkap kasus prostitusi anak, semoga tdk ada korban lg",1818456563834667506,,TirtoID,in,,0,0,0,https://x.com/Metayl43/status/1818456563834667506,1661016733510139909,Metayl43
1818232721220702436,2024-07-30T16:15:02.000Z,0,"@VIVAcoid Sepakat Bu @puanmaharani_ri  tolak revisi UU TNI polisi.
Institusi ini yg tak mmpu jlnkn UU yg ada jgn kasih peluang untuk direvisi ...
Coba porsentasekan kinerja TNI polri semala ini dan brapa nilai rapor institusi ini ??",1818319400312971338,,VIVAcoid,in,,0,0,0,https://x.com/KreatorMe/status/1818319400312971338,1572781968030568452,KreatorMe
1818257996503486563,2024-07-30T12:11:02.000Z,1,"Telah dilaksanakan kegiatan Supervisi dan sosialisasi Fungsi Binmas kepada Kanit Binmas, Bhabinkamtibmas dan Polisi RW wilayah Kota Tarakan guna Meningkatkan kualitas kinerja yang Presisi yang dipimpin oleh Dir Binmas Polda Kaltara Kombespol Eri Dwi Hariyanto, S.I.K., https://t.co/9UhZZvAawD",1818257996503486563,https://pbs.twimg.com/media/GTvAAxNagAAvDqK.jpg,,in,,0,0,0,https://x.com/polda__kaltara/status/1818257996503486563,1604136699164250114,polda__kaltara
1811411713360875917,2024-07-30T12:01:33.000Z,0,"@pamjaya_dki @DKIJakarta @Santoso_Hendry @jokowi @UppPusat Terimakasih Pak.!! Kemarin anak sy info Air PAM sdh Jalan.Semoga KEDEPAN ""shut down"" TIDAK MAKAN MINGGU LAGI, malu  pak DKI!.parameter kualitas kinerja terlalu molor...Polisi Aja Sdh ""Pakai "" Presisi..!🧏Maaf baru Lapor!masih nyari sesuap nasi antar provinsi.🙏
#IndonesiaMaju",1818255610611376517,,pamjaya_dki,in,,0,1,0,https://x.com/JaminSimatupang/status/1818255610611376517,1183905121,JaminSimatupang
1818182803537948849,2024-07-30T07:12:15.000Z,2,Kritik Kinerja Polisi Seorang Warga Dianiaya Polisi https://t.co/fPjiOLZCRb,1818182803537948849,,,in,,0,1,4,https://x.com/KompasTV/status/1818182803537948849,71436318,KompasTV
1817955638028431409,2024-07-29T16:09:34.000Z,7,"Belum surut kasus vina cirebon yang menampilkan kinerja kepolisian buruk di tengah masyarakat, kini muncul lagi oknum polisi yang membuat citra kepolisian menjadi negatif. https://t.co/ZTNBgIDscN",1817955638028431409,https://pbs.twimg.com/ext_tw_video_thumb/1817954660814348288/pu/img/99-Hv2XpHOO_RHVp.jpg,,in,,1,1,0,https://x.com/kabarnegri_/status/1817955638028431409,1669091629825945600,kabarnegri_
1817899692740817180,2024-07-29T12:27:16.000Z,0,"Ny. Waisimon ""Terima Kasih Polisi atas Kinerja yang Luar Biasa""

https://t.co/S4yiDqqXA6 https://t.co/dnnclKoX8L",1817899692740817180,https://pbs.twimg.com/media/GTp6It2bIAA0k9H.jpg,,in,,0,0,0,https://x.com/JayapuraKota/status/1817899692740817180,859009737123258368,JayapuraKota
1817835034008801585,2024-07-29T08:10:20.000Z,0,"Tidak Hanya Buruk, Kinerja Oknum Polisi Polda Jabar Mengandung Niat Jahat #BNetwork https://t.co/yRqEW8G57J",1817835034008801585,,,in,,0,0,0,https://x.com/Beritasatu/status/1817835034008801585,154102750,Beritasatu
1817795942155952361,2024-07-29T05:35:00.000Z,7,"Tidak Hanya Buruk, Kinerja Oknum Polisi Polda Jabar Mengandung Niat Jahat!
https://t.co/jt6CgD5Ayi",1817795942155952361,,,in,,0,1,0,https://x.com/democrazymedia/status/1817795942155952361,1243804423001763841,democrazymedia
1817751219399426401,2024-07-29T02:37:17.000Z,0,"Tidak Hanya Buruk, Kinerja Oknum Polisi Polda Jabar Mengandung Niat Jahat. https://t.co/G28p1LNaCn #berita #informasi #news",1817751219399426401,,,in,,0,0,0,https://x.com/tintainformasi/status/1817751219399426401,1679703296666378240,tintainformasi
1817745904730067257,2024-07-29T02:16:10.000Z,0,"Tidak Hanya Buruk, Kinerja Oknum Polisi Polda Jabar Mengandung Niat Jahat https://t.co/6hBFsliE78",1817745904730067257,,,in,,0,0,0,https://x.com/newspelangicoid/status/1817745904730067257,1379847450849026049,newspelangicoid
1817744168997007520,2024-07-29T02:09:16.000Z,0,"Polda Sumsel melaksanakan Gelar Opsnal TW II TA.2024

Palembang,- Polda Sumatera Selatan (Sumsel) menggelar Gelar Operasional (GO) Anev Gangguan Kamtibmas TW II .T.A. 2024 dan Kesiapan Polda Sumsel dalam rangka pengamanan Operasi Mantap Praja Musi 2024 yang dilaksanakan bertempat https://t.co/eeVZ38zHER",1817744168997007520,https://pbs.twimg.com/amplify_video_thumb/1817743988197396480/img/bJshTLW0BikojC01.jpg,,in,,0,1,0,https://x.com/sumsel_polda/status/1817744168997007520,1463305353773289477,sumsel_polda
1817437454129102879,2024-07-29T02:06:11.000Z,0,@Aryprasetyo85 @03__nakula @__AnakKolong @2045Tv @Anak__Ogi @AntoniusCDN @AndiWenas66 @basaillive @BosPurwa @Muhayya__ @seruanhl NM si paling kebal hukum karna banyak duit katanya. Pantes kinerja polisi bagus di mata jokowi. Dibayar pake uang juga soalnya,1817743394007040237,,Aryprasetyo85,in,,0,0,0,https://x.com/anns931/status/1817743394007040237,1452625209001873409,anns931
1817556479207145913,2024-07-29T10:07:05.000Z,1,@Aryprasetyo85 @merapi_uncover @Urrangawak @Anak__Ogi @AntoniusCDN @Jateng_Twit @03__nakula @Muhayya__ @seruanhl @serakyut Makin buruk kinerja polisi Indonesia parah ga punya malu ma rakyat,1817864415087136954,,Aryprasetyo85,in,,0,0,0,https://x.com/AdisunaryoYoyo/status/1817864415087136954,1632061675523420160,AdisunaryoYoyo
1817316846149963963,2024-07-29T05:38:34.000Z,0,@bacottetangga__ Damkar yg kinerja lebih responsif dr Polisi jd buruk akibat dibawah kepemimpinan yg buat hancur n ga pro kinerja DAMKAR.,1817796841687351736,,Goonddrong,in,,0,0,0,https://x.com/RachmanKustomi/status/1817796841687351736,3140923320,RachmanKustomi
