conversation_id_str,created_at,favorite_count,full_text,id_str,image_url,in_reply_to_screen_name,lang,location,quote_count,reply_count,retweet_count,tweet_url,user_id_str,username
1676278088077045760,2023-07-04T17:13:34.000Z,0,"Polisi tenan i kon niru kinerja ne polisi skena i lho, lugas dan tegas",1676278088077045760,,,in,,0,0,0,https://x.com/armndsena/status/1676278088077045760,281560495,armndsena
1676211295182540801,2023-07-04T12:48:09.000Z,1,"Persentase Publik Trust Polri Meningkat Survei Indikator juga menyebutkan mayoritas masyarakat puas terhadap kinerja Polri, khususnya terkait pemberantasan tindak pidana perdagangan orang (TPPO). Wujud Polisi Melayani https://t.co/EpJirKSAc4",1676211295182540801,https://pbs.twimg.com/media/F0MZShQaUAELShW.jpg,,in,,0,0,0,https://x.com/1965_sutarno/status/1676211295182540801,1494570041521881092,1965_sutarno
1676177923429257217,2023-07-04T10:35:33.000Z,0,"Semoga aplikasi pengaduan ini bisa menyempurnakan kinerja Polri.
.
#polripresisi #polisi #polri #PolisiBaik #Viral #fyp
.
.
Jackie Chan Mario Dandy https://t.co/5M1EssmimY",1676177923429257217,https://pbs.twimg.com/ext_tw_video_thumb/1676177873772875783/pu/img/YJ5HroAqtrguAHYq.jpg,,in,,0,0,0,https://x.com/Udinsedunia_3/status/1676177923429257217,1597162467175456773,Udinsedunia_3
1676176799817170946,2023-07-04T10:31:05.000Z,0,"Semoga aplikasi pengaduan ini bisa menyempurnakan kinerja Polri.
.
#polripresisi #polisi #polri #PolisiBaik #Viral #fyp
.
.
#DimanaNadia Di Ambang Kematian
Jackie Chan Mario Dandy https://t.co/JJ1QW1DWsi",1676176799817170946,https://pbs.twimg.com/ext_tw_video_thumb/1676176749108006912/pu/img/Rs8i7oxKieZIfYA5.jpg,,in,,0,0,0,https://x.com/nidu86/status/1676176799817170946,1442350613593944066,nidu86
1676171300199632898,2023-07-04T10:09:14.000Z,0,"Semoga aplikasi pengaduan ini bisa menyempurnakan kinerja Polri.
.
#polripresisi #polisi #polri #PolisiBaik #Viral #fyp
.
.
Jackie Chan Mario Dandy https://t.co/tS350BaMWi",1676171300199632898,https://pbs.twimg.com/ext_tw_video_thumb/1676171254242631685/pu/img/k-5tDHFtnQANpk1k.jpg,,in,,0,0,0,https://x.com/qislin3/status/1676171300199632898,1442349760174702594,qislin3
1676102425642688513,2023-07-04T09:54:00.000Z,0,"@IUlilyy @bening_93 Semua orang yang pernah kehilangan motor gak bakal pernah ngakuin kinerja polisi 😂 kakak saya juga keilangan motor, mana motor baru lagi, lapor polisi? Gak guna wkwkwk",1676167467327160320,,IUlilyy,in,,0,1,0,https://x.com/Purplewithyell1/status/1676167467327160320,1409379578833825794,Purplewithyell1
1675868728054157313,2023-07-04T08:58:30.000Z,1,@septjunior Kenapa polisi kita beda sm yg di 86 ya kinerja nya,1676153500517150720,,stupidrowlet,in,,0,2,0,https://x.com/andriyand__/status/1676153500517150720,22885047,andriyand__
1676117349186031617,2023-07-04T06:34:51.000Z,0,setelah semua gak diterima beneran gak mau percaya sama polisi lagi. sorry but I really meragukan kinerja polisi sekarang. kalo emang gaada bukti nota sepeda yang nunjukin kepemilikan ya okay deh tapi at least dicatet kalo ada laporan kehilangan nah ini dicatet aja enggak..,1676117351270600704,,528yas,in,,0,1,0,https://x.com/528yas/status/1676117351270600704,354245519,528yas
1676096525280346114,2023-07-04T05:12:06.000Z,1,"#KerjaNyataPolri Persentase Publik Trust Polri Meningkat

Survei Indikator juga menyebutkan mayoritas masyarakat puas terhadap kinerja Polri, khususnya terkait pemberantasan tindak pidana perdagangan orang (TPPO). Wujud Polisi Melayani https://t.co/aMvjPDLwOr",1676096525280346114,https://pbs.twimg.com/media/F0Kw5qZaEAcToeu.jpg,,in,,0,0,0,https://x.com/sukabumi_polres/status/1676096525280346114,1294477794357809152,sukabumi_polres
1676043795069280266,2023-07-04T03:07:26.000Z,1,@mazzini_gsp Masih menjadi misteri knp polisi2 d wakanda suka bgt pake kaos yg d lenganny ada bendera USA?ap mereka mengakui secara tidak langsung klo kinerja polisi USA itu lbh baik drpd kinerja polisi wakanda? https://t.co/RcOQRMeSYj,1676065150217093120,https://pbs.twimg.com/media/F0KUXShaIAESCbT.jpg,mazzini_gsp,in,,0,0,0,https://x.com/sality21/status/1676065150217093120,194021450,sality21
1676057015251267585,2023-07-04T02:35:06.000Z,0,"#KerjaNyataPolri Persentase Publik Trust Polri Meningkat

Survei Indikator juga menyebutkan mayoritas masyarakat puas terhadap kinerja Polri, khususnya terkait pemberantasan tindak pidana perdagangan orang (TPPO). Wujud Polisi Melayani https://t.co/mBuHamFVEQ",1676057015251267585,https://pbs.twimg.com/media/F0H_PiCagAEH8B1.jpg,,in,,0,0,0,https://x.com/humasbubat/status/1676057015251267585,1329271703239680007,humasbubat
1676052319727910912,2023-07-04T02:16:27.000Z,1,"Persentase Publik Trust Polri Meningkat

Survei  Indikator juga menyebutkan mayoritas masyarakat puas terhadap  kinerja Polri, khususnya terkait pemberantasan tindak pidana perdagangan  orang (TPPO). Wujud Polisi Melayani https://t.co/KshEroY8K6",1676052319727910912,https://pbs.twimg.com/media/F0KIsZMacAAgOd4.png,,in,,0,0,0,https://x.com/ppidbrimobsulut/status/1676052319727910912,1227034081407291392,ppidbrimobsulut
1675928560815722497,2023-07-03T18:04:40.000Z,0,"Mempermudah masyarakat menyampaikan keluhan dan saran terkait kinerja Polri secara online.

Sebagai upaya #KerjaNyataPolri meningkatkan kinerja terhadap masyarakat, Polisi Melayani menghadirkan inovasi Dumas Presisi.  website https://t.co/9jriV5cIiy atau  di Play Store. https://t.co/41vk0uIMmY",1675928560815722497,https://pbs.twimg.com/media/F0IYJObagAAZ4n8.jpg,,in,,0,0,0,https://x.com/POLSEKMMS2022/status/1675928560815722497,1589490472627896320,POLSEKMMS2022
1675893554114355206,2023-07-03T15:45:34.000Z,7,"Negara Ini Tidak Butuh Monster 
Oleh : Angwar Sanusi 

Siapa yang tidak geram melihat seorang remaja 17th mati ditembak hanya karena melanggar lalu lintas? Ya, Nahel ditembak dalam jarak dekat hanya gara² tidak mengindahkan perintah polisi untuk menghentikan mobilnya saat https://t.co/dxCQ51kx5R",1675893554114355206,https://pbs.twimg.com/media/F0H32kYaMAAsW1C.jpg,,in,,1,0,5,https://x.com/aan_muba/status/1675893554114355206,1226725839099707392,aan_muba
1674967686009466881,2023-07-03T15:11:28.000Z,0,"@nuicemedia Cerita jelek - Sedih kalo diceritain.. cuman kek susah buatku percaya sama polisi skrg. sorry 

Cerita bagus - ngurus KTP hilang, dikerjain cepet n TANPA BAYAR. Jakarta masih di pegang ma gubernur yang getol genjot kinerja birokrasi. Krn sblumnya dikit2 bayar. Sesimple itu seneng",1675884972325085186,,nuicemedia,in,,0,1,1,https://x.com/VincentGorgeous/status/1675884972325085186,253941936,VincentGorgeous
1675877902200741892,2023-07-03T14:43:22.000Z,0,"#KerjaNyataPolri Persentase Publik Trust Polri Meningkat

Survei Indikator juga menyebutkan mayoritas masyarakat puas terhadap kinerja Polri, khususnya terkait pemberantasan tindak pidana perdagangan orang (TPPO). Wujud Polisi Melayani https://t.co/xznIQHhAu4",1675877902200741892,https://pbs.twimg.com/media/F0HqEiRaEAM30cT.jpg,,in,,0,0,0,https://x.com/MeliauPolsek/status/1675877902200741892,1181242559936360448,MeliauPolsek
1675877721644351489,2023-07-03T14:42:39.000Z,4,"Tahun 2012, tas ketinggalan di kereta. Kereta sudah berhenti di stasiun berikutnya. Saya minta tolong polisi, polisi pun membantu menghubungi petugas di stasiun berikutnya untuk mengamankan tas saya. Luar biasa kinerja bapak polisi. Bravo Kepolisian Resor Hokkaido Jepang.",1675877721644351489,,,in,,0,2,0,https://x.com/bregmabiyasa/status/1675877721644351489,120451208,bregmabiyasa
1675787150162272257,2023-07-03T08:42:45.000Z,0,"Tiap hari dibuat bahagia dengan hasil kasus-kasus yang ditangani, apalagi setelah selesai kerja terhibur banget sama kinerja mereka. Terima kasih polisi Lapor Pak 👍🏼",1675787150162272257,,,in,,0,0,0,https://x.com/mahayufirsty/status/1675787150162272257,91599007,mahayufirsty
1675690307671965696,2023-07-03T08:40:18.000Z,0,"@HumasPoldaJatim #KerjaNyataPolri Persentase Publik Trust Polri Meningkat

Survei Indikator juga menyebutkan mayoritas masyarakat puas terhadap kinerja Polri, khususnya terkait pemberantasan tindak pidana perdagangan orang (TPPO). Wujud Polisi Melayani https://t.co/4HwauPQwAd",1675786530785460224,https://pbs.twimg.com/media/F0E_cuWaQAE4xkd.jpg,HumasPoldaJatim,in,,0,0,0,https://x.com/pbatangbatang/status/1675786530785460224,1523884901694840832,pbatangbatang
1675785041274867712,2023-07-03T08:34:23.000Z,0,"Kapolri Listyo Sigit sampaikan maaf kpd seluruh masyarakat atas kinerja Polri selama ini &amp;  tegaskan pihaknya berkomitmen akan terus lakukan perbaikan&amp;  ungkit pesan Presiden Jokowi bahwa menjadi polisi merupakan komitmen untuk melakukan pengabdian.#Polri
 https://t.co/2rZV2uMYYv",1675785041274867712,,,in,,0,0,0,https://x.com/YukToleran/status/1675785041274867712,2584924543,YukToleran
1675752659092119552,2023-07-03T06:25:42.000Z,0,"#Repost @bidhumaspoldaaceh 
——
#KerjaNyataPolri Persentase Publik Trust Polri Meningkat

Survei Indikator juga menyebutkan mayoritas masyarakat puas terhadap kinerja Polri, khususnya terkait pemberantasan tindak pidana perdagangan orang (TPPO). Wujud Polisi Melayani https://t.co/946jVdpdey",1675752659092119552,https://pbs.twimg.com/media/F0F4KMXaMAADeDu.jpg,,in,,0,0,0,https://x.com/Albian5yah/status/1675752659092119552,1598165992542154752,Albian5yah
1675740519891353600,2023-07-03T05:37:28.000Z,0,"#KerjaNyataPolri Persentase Publik Trust Polri Meningkat

Survei Indikator juga menyebutkan mayoritas masyarakat puas terhadap kinerja Polri, khususnya terkait pemberantasan tindak pidana perdagangan orang (TPPO). Wujud Polisi Melayani https://t.co/VAdcfUoh4I",1675740519891353600,https://pbs.twimg.com/media/F0FtHevaIAICyPE.jpg,,in,,0,0,0,https://x.com/RiasePolsek/status/1675740519891353600,1605369604728946688,RiasePolsek
1675738703451545603,2023-07-03T05:30:15.000Z,1,"Poengky Indarti mengaku tidak menyangka tingkat kepercayaan masyarakat terhadap kinerja Polri semakin meningkat signifikan hal itu tidak terlepas dari ketegasan Kapolri Jenderal Listyo Sigit Prabowo melakukan bersih2 di lingkup internal Polri.

#KerjaNyataPolri
Polisi Melayani https://t.co/ji915Stdcw",1675738703451545603,https://pbs.twimg.com/ext_tw_video_thumb/1675738652583026694/pu/img/p3vYt0WboHXx18dJ.jpg,,in,,0,0,0,https://x.com/polseklutawar/status/1675738703451545603,1586480709341876225,polseklutawar
1675737181565091841,2023-07-03T05:24:12.000Z,0,"#KerjaNyataPolri Persentase Publik Trust Polri Meningkat

Survei Indikator juga menyebutkan mayoritas masyarakat puas terhadap kinerja Polri, khususnya terkait pemberantasan tindak pidana perdagangan orang (TPPO). Wujud Polisi Melayani https://t.co/MjffuYg8NO",1675737181565091841,https://pbs.twimg.com/media/F0FqFaOaIAIO6hp.jpg,,in,,0,0,0,https://x.com/AndiAnh25520285/status/1675737181565091841,1315930972546711552,AndiAnh25520285
1675731939993747462,2023-07-03T05:03:22.000Z,0,"#KerjaNyataPolri Persentase Publik Trust Polri Meningkat

Survei Indikator juga menyebutkan mayoritas masyarakat puas terhadap kinerja Polri, khususnya terkait pemberantasan tindak pidana perdagangan orang (TPPO). Wujud Polisi Melayani https://t.co/KuxZAgjwfq",1675731939993747462,https://pbs.twimg.com/media/F0FlUBdaAAERKwj.jpg,,in,,0,0,0,https://x.com/nagrak_polsek/status/1675731939993747462,1430444657280884738,nagrak_polsek
1675730911336484864,2023-07-03T04:59:17.000Z,2,"#KerjaNyataPolri Persentase Publik Trust Polri Meningkat

Survei Indikator juga menyebutkan mayoritas masyarakat puas terhadap kinerja Polri, khususnya terkait pemberantasan tindak pidana perdagangan orang (TPPO). Wujud Polisi Melayani https://t.co/X2zLCzLOIz",1675730911336484864,https://pbs.twimg.com/media/F0FkYfhaIAAgNBY.jpg,,in,,0,0,0,https://x.com/poldasulut_/status/1675730911336484864,1240859808070127622,poldasulut_
1675728805871362049,2023-07-03T04:50:55.000Z,0,"#KerjaNyataPolri Persentase Publik Trust Polri Meningkat

Survei Indikator juga menyebutkan mayoritas masyarakat puas terhadap kinerja Polri, khususnya terkait pemberantasan tindak pidana perdagangan orang (TPPO). Wujud Polisi Melayani https://t.co/3dshlIA3Z6",1675728805871362049,https://pbs.twimg.com/media/F0FidpRaYAI51lX.jpg,,in,,0,0,0,https://x.com/Humas_Karsa/status/1675728805871362049,1578304408630489090,Humas_Karsa
1675680699930796032,2023-07-03T04:34:50.000Z,1,"@DivHumas_Polri Sebagai upaya #KerjaNyataPolri meningkatkan kinerja terhadap masyarakat, Polisi Melayani menghadirkan inovasi Dumas Presisi. Layanan tersebut bisa diakses oleh seluruh masyarakat",1675724757361385472,,DivHumas_Polri,in,,0,0,0,https://x.com/HPolresttu/status/1675724757361385472,1582775347266740229,HPolresttu
1675722773006790657,2023-07-03T04:26:57.000Z,0,"#KerjaNyataPolri Persentase Publik Trust Polri Meningkat

Survei Indikator juga menyebutkan mayoritas masyarakat puas terhadap kinerja Polri, khususnya terkait pemberantasan tindak pidana perdagangan orang (TPPO). Wujud Polisi Melayani https://t.co/xKF0eT1VU0",1675722773006790657,https://pbs.twimg.com/media/F0Fc-RqaAAA3cZ7.jpg,,in,,0,0,0,https://x.com/PolsekBanjaran/status/1675722773006790657,915792947269922816,PolsekBanjaran
1675722631860064256,2023-07-03T04:26:23.000Z,0,"Komisioner Komisi Kepolisian Nasional (Kompolnas) Poengky Indarti mengaku tidak menyangka tingkat kepercayaan masyarakat terhadap kinerja Polri semakin meningkat signifikan. Poengky mengatakan hal itu tidak terlepas dari ketegasan Kapolri.

#KerjaNyataPolri
Polisi Melayani https://t.co/wwIHRgd9yM",1675722631860064256,https://pbs.twimg.com/ext_tw_video_thumb/1675722491485114368/pu/img/XxfhFEQGcvP3hBvi.jpg,,in,,0,0,0,https://x.com/Ciptozazg/status/1675722631860064256,1591983356547198976,Ciptozazg
1675722488054161408,2023-07-03T04:25:49.000Z,8,"#KerjaNyataPolri Persentase Publik Trust Polri Meningkat

Survei Indikator juga menyebutkan mayoritas masyarakat puas terhadap kinerja Polri, khususnya terkait pemberantasan tindak pidana perdagangan orang (TPPO). Wujud Polisi Melayani https://t.co/FpH5RqipcZ",1675722488054161408,https://pbs.twimg.com/media/F0FcuEraEAAD1d8.jpg,,in,,0,1,2,https://x.com/humaspoldajbr/status/1675722488054161408,218742561,humaspoldajbr
1675690307671965696,2023-07-03T04:07:07.000Z,0,"@HumasPoldaJatim #KerjaNyataPolri Persentase Publik Trust Polri Meningkat

Survei Indikator juga menyebutkan mayoritas masyarakat puas terhadap kinerja Polri, khususnya terkait pemberantasan tindak pidana perdagangan orang (TPPO). Wujud Polisi Melayani",1675717782430961665,,HumasPoldaJatim,in,,0,0,0,https://x.com/sek_karangrejo/status/1675717782430961665,867610641833406464,sek_karangrejo
1675717663178493952,2023-07-03T04:06:38.000Z,1,"#KerjaNyataPolri Persentase Publik Trust Polri Meningkat

Survei Indikator juga menyebutkan mayoritas masyarakat puas terhadap kinerja Polri, khususnya terkait pemberantasan tindak pidana perdagangan orang (TPPO). Wujud Polisi Melayani https://t.co/AC1Tu2XaOZ",1675717663178493952,https://pbs.twimg.com/media/F0FYVC5acAEOCGr.jpg,,in,,0,0,0,https://x.com/PolrestaPadang_/status/1675717663178493952,1416390836820975617,PolrestaPadang_
1675715655251922944,2023-07-03T03:58:40.000Z,1,"#KerjaNyataPolri Persentase Publik Trust Polri Meningkat

Survei Indikator juga menyebutkan mayoritas masyarakat puas terhadap kinerja Polri, khususnya terkait pemberantasan tindak pidana perdagangan orang (TPPO). Wujud Polisi Melayani https://t.co/9YXBwXrPSZ",1675715655251922944,https://pbs.twimg.com/media/F0FWgGjaUAAyMEm.jpg,,in,,0,0,1,https://x.com/HumasMataram/status/1675715655251922944,1589306233743642624,HumasMataram
1675714726335229952,2023-07-03T03:54:58.000Z,0,"Komisioner Komisi Kepolisian Nasional (Kompolnas) Poengky Indarti mengaku tidak menyangka tingkat kepercayaan masyarakat terhadap kinerja Polri semakin meningkat signifikan

#KerjaNyataPolri
Polisi Melayani https://t.co/JrSJhI2rZ4",1675714726335229952,https://pbs.twimg.com/ext_tw_video_thumb/1675714513868558336/pu/img/rdY6VdJoKXSCxF3N.jpg,,in,,0,0,0,https://x.com/AlexMohamad5/status/1675714726335229952,1524221353460584449,AlexMohamad5
1675713988485865472,2023-07-03T03:52:02.000Z,2,"#KerjaNyataPolri Persentase Publik Trust Polri Meningkat

Survei Indikator juga menyebutkan mayoritas masyarakat puas terhadap kinerja Polri, khususnya terkait pemberantasan tindak pidana perdagangan orang (TPPO). Wujud Polisi Melayani https://t.co/uggjEe9E9i",1675713988485865472,https://pbs.twimg.com/media/F0FU_bhaIAE-iHN.jpg,,in,,0,0,0,https://x.com/poldakeprihumas/status/1675713988485865472,4787460974,poldakeprihumas
1675713299160371202,2023-07-03T03:49:18.000Z,0,"Komisioner Komisi Kepolisian Nasional (Poengky Indarti mengaku tidak menyangka tingkat kepercayaan masyarakat terhadap kinerja Polri semakin meningkat signifikan. Poengky hal itu tidak terlepas dari ketegasan Kapolri Jenderal Listyo Sigit Prabowo
#KerjaNyataPolri
Polisi Melayani https://t.co/KgEzPDF8tZ",1675713299160371202,https://pbs.twimg.com/ext_tw_video_thumb/1675713227827871744/pu/img/Nfhm0o8C6HFM4Qyp.jpg,,in,,0,0,0,https://x.com/saiydahnabilah1/status/1675713299160371202,1512994548154499076,saiydahnabilah1
1675711737461628928,2023-07-03T03:43:06.000Z,0,"#KerjaNyataPolri Persentase Publik Trust Polri Meningkat

Survei Indikator juga menyebutkan mayoritas masyarakat puas terhadap kinerja Polri, khususnya terkait pemberantasan tindak pidana perdagangan orang (TPPO). Wujud Polisi Melayani https://t.co/wGlmmmiuxp",1675711737461628928,https://pbs.twimg.com/media/F0FS73aaIAAw_Y3.jpg,,in,,0,0,0,https://x.com/mistenpolsek/status/1675711737461628928,1260911245927968768,mistenpolsek
1675711025772118016,2023-07-03T03:40:16.000Z,1,"#KerjaNyataPolri Persentase Publik Trust Polri Meningkat

Survei Indikator juga menyebutkan mayoritas masyarakat puas terhadap kinerja Polri, khususnya terkait pemberantasan tindak pidana perdagangan orang (TPPO). Wujud Polisi Melayani https://t.co/YxosAiujHQ",1675711025772118016,https://pbs.twimg.com/media/F0FSTB2akAEJM3F.jpg,,in,,0,0,0,https://x.com/BckPolsek/status/1675711025772118016,1578986139427344384,BckPolsek
1675710771723137024,2023-07-03T03:39:15.000Z,0,"Komisioner Komisi Kepolisian Nasional (Poengky Indarti mengaku tidak menyangka tingkat kepercayaan masyarakat terhadap kinerja Polri semakin meningkat signifikan. Poengky hal itu tidak terlepas dari ketegasan Kapolri Jenderal Listyo Sigit Prabowo
#KerjaNyataPolri
Polisi Melayani https://t.co/us1ujEQD8r",1675710771723137024,https://pbs.twimg.com/ext_tw_video_thumb/1675710714286325760/pu/img/BZeNjYuWThxuiOvy.jpg,,in,,0,0,0,https://x.com/saiydahnabilah1/status/1675710771723137024,1512994548154499076,saiydahnabilah1
1675710605519638528,2023-07-03T03:38:36.000Z,0,"Komisioner Komisi Kepolisian Nasional (Kompolnas) Poengky Indarti mengaku tidak menyangka tingkat kepercayaan masyarakat terhadap kinerja Polri semakin meningkat signifikan.

#KerjaNyataPolri
Polisi Melayani https://t.co/rdnOtmgMxI",1675710605519638528,https://pbs.twimg.com/ext_tw_video_thumb/1675710569037582337/pu/img/CH7LanhZObMchbLk.jpg,,in,,0,0,0,https://x.com/pangeransyahrez/status/1675710605519638528,1113451751443550208,pangeransyahrez
1675709727886708743,2023-07-03T03:35:06.000Z,1,"Komisioner Komisi Kepolisian Nasional (Kompolnas) Poengky Indarti mengaku tidak menyangka tingkat kepercayaan masyarakat terhadap kinerja Polri semakin meningkat signifikan.

#KerjaNyataPolri
Polisi Melayani https://t.co/5LA7BG8Fbr",1675709727886708743,https://pbs.twimg.com/ext_tw_video_thumb/1675709661809643526/pu/img/pcU8Bzn7YJrAAMaW.jpg,,in,,0,0,0,https://x.com/IswaraBrs/status/1675709727886708743,926298186225827840,IswaraBrs
1675709485900505093,2023-07-03T03:34:09.000Z,0,"#KerjaNyataPolri Persentase Publik Trust Polri Meningkat

Survei Indikator juga menyebutkan mayoritas masyarakat puas terhadap kinerja Polri, khususnya terkait pemberantasan tindak pidana perdagangan orang (TPPO). Wujud Polisi Melayani https://t.co/eUL0PBmmyu",1675709485900505093,https://pbs.twimg.com/media/F0FQ5Z1aEAE3ET4.jpg,,in,,0,0,0,https://x.com/AneliyaFirda/status/1675709485900505093,1509774858267545601,AneliyaFirda
1675708340259913735,2023-07-03T03:29:36.000Z,0,"#KerjaNyataPolri Persentase Publik Trust Polri Meningkat

Survei Indikator juga menyebutkan mayoritas masyarakat puas terhadap kinerja Polri, khususnya terkait pemberantasan tindak pidana perdagangan orang (TPPO). Wujud Polisi Melayani https://t.co/enkncuECxx",1675708340259913735,https://pbs.twimg.com/media/F0FP2rVaUAAEeUy.jpg,,in,,0,0,0,https://x.com/BhayangkaraAbdi/status/1675708340259913735,1187637840613535745,BhayangkaraAbdi
1675707413557829632,2023-07-03T03:25:55.000Z,0,"#KerjaNyataPolri Persentase Publik Trust Polri Meningkat

Survei Indikator juga menyebutkan mayoritas masyarakat puas terhadap kinerja Polri, khususnya terkait pemberantasan tindak pidana perdagangan orang (TPPO). Wujud Polisi Melayani https://t.co/bAnGFGkHMv",1675707413557829632,https://pbs.twimg.com/media/F0FPAb2aEAAYftv.jpg,,in,,0,0,0,https://x.com/polsekmargahayu/status/1675707413557829632,811051949571215361,polsekmargahayu
1675706690602414080,2023-07-03T03:23:02.000Z,0,"Kompolnas Poengky Indarti mengaku tidak menyangka tingkat kepercayaan masyarakat terhadap kinerja Polri semakin meningkat signifikan. Poengky mengatakan hal itu tidak terlepas dari ketegasan Kapolri Jenderal Listyo Sigit Prabowo
#KerjaNyataPolri
Polisi Melayani https://t.co/8X7sWsW7GF",1675706690602414080,https://pbs.twimg.com/ext_tw_video_thumb/1675706496255143941/pu/img/Y7XW4GKqSQ8fl7YL.jpg,,in,,0,0,0,https://x.com/Sarahhqueen93/status/1675706690602414080,1502547286160986115,Sarahhqueen93
1675706611283935232,2023-07-03T03:22:43.000Z,2,"#KerjaNyataPolri Persentase Publik Trust Polri Meningkat

Survei Indikator juga menyebutkan mayoritas masyarakat puas terhadap kinerja Polri, khususnya terkait pemberantasan tindak pidana perdagangan orang (TPPO). Wujud Polisi Melayani https://t.co/Idy2m4Ph4M",1675706611283935232,https://pbs.twimg.com/media/F0FOR5QaMAAsf2_.jpg,,in,,0,0,0,https://x.com/SKlungkung/status/1675706611283935232,1185706144938876928,SKlungkung
1675706563208835074,2023-07-03T03:22:32.000Z,1,"#KerjaNyataPolri Persentase Publik Trust Polri Meningkat

Survei Indikator juga menyebutkan mayoritas masyarakat puas terhadap kinerja Polri, khususnya terkait pemberantasan tindak pidana perdagangan orang (TPPO). Wujud Polisi Melayani https://t.co/KvINOMG1DB",1675706563208835074,https://pbs.twimg.com/media/F0FOO6daYAEVTWS.jpg,,in,,0,0,0,https://x.com/HumasTansa/status/1675706563208835074,986145828275347456,HumasTansa
1675706305678544896,2023-07-03T03:21:31.000Z,2,"#KerjaNyataPolri Persentase Publik Trust Polri Meningkat

Survei Indikator juga menyebutkan mayoritas masyarakat puas terhadap kinerja Polri, khususnya terkait pemberantasan tindak pidana perdagangan orang (TPPO). Wujud Polisi Melayani https://t.co/yJFW8CV0Xn",1675706305678544896,https://pbs.twimg.com/media/F0FN_9WaYAAN3gM.jpg,,in,,0,0,0,https://x.com/FirmanRiza6/status/1675706305678544896,1508364182017966081,FirmanRiza6
1675705977121968128,2023-07-03T03:20:12.000Z,0,"#KerjaNyataPolri Persentase Publik Trust Polri Meningkat

Survei Indikator juga menyebutkan mayoritas masyarakat puas terhadap kinerja Polri, khususnya terkait pemberantasan tindak pidana perdagangan orang (TPPO). Wujud Polisi Melayani https://t.co/VS67jWs4BS",1675705977121968128,https://pbs.twimg.com/media/F0FNtGraIAAl8me.jpg,,in,,0,0,0,https://x.com/PolsekNusa/status/1675705977121968128,1186836404166250496,PolsekNusa
1675704133742100480,2023-07-03T03:12:53.000Z,1,"Mempermudah masyarakat menyampaikan keluhan dan saran terkait kinerja Polri secara online.

Sebagai upaya #KerjaNyataPolri meningkatkan kinerja terhadap masyarakat, Polisi Melayani menghadirkan inovasi Dumas Presisi.",1675704133742100480,,,in,,0,0,0,https://x.com/polsek_arjasa2/status/1675704133742100480,1430797590388301835,polsek_arjasa2
1675703620560633858,2023-07-03T03:10:50.000Z,0,"#KerjaNyataPolri Persentase Publik Trust Polri Meningkat

Survei Indikator juga menyebutkan mayoritas masyarakat puas terhadap kinerja Polri, khususnya terkait pemberantasan tindak pidana perdagangan orang (TPPO). Wujud Polisi Melayani https://t.co/IQBQfmH2Ji",1675703620560633858,https://pbs.twimg.com/media/F0FLjpXaAAAh3zc.jpg,,in,,0,0,0,https://x.com/PolsekAbs/status/1675703620560633858,1395319893243817987,PolsekAbs
1675703190975811586,2023-07-03T03:09:08.000Z,0,"Kompolnas Poengky Indarti mengaku tidak menyangka tingkat kepercayaan masyarakat terhadap kinerja Polri semakin meningkat signifikan. Poengky mengatakan hal itu tidak terlepas dari ketegasan Kapolri Jenderal Listyo Sigit Prabowo 
#KerjaNyataPolri
Polisi Melayani https://t.co/7eRUYgifSA",1675703190975811586,https://pbs.twimg.com/ext_tw_video_thumb/1675702950726090752/pu/img/wOFOaE2fFCNVq4FK.jpg,,in,,0,0,0,https://x.com/andinikp2021/status/1675703190975811586,1420273349934993412,andinikp2021
1675701965777690624,2023-07-03T03:04:16.000Z,0,"#KerjaNyataPolri Persentase Publik Trust Polri Meningkat

Survei Indikator juga menyebutkan mayoritas masyarakat puas terhadap kinerja Polri, khususnya terkait pemberantasan tindak pidana perdagangan orang (TPPO). Wujud Polisi Melayani https://t.co/q1A4ayAL8J",1675701965777690624,https://pbs.twimg.com/media/F0FKDWvaMAUYrZo.jpg,,in,,0,0,0,https://x.com/polsekciomas_/status/1675701965777690624,1334355881337659392,polsekciomas_
1675700134544568321,2023-07-03T02:56:59.000Z,0,"Komisioner Kompolnas Poengky Indarti mengaku tdk menyangka tingkat kepercayaan masyarakat terhadap kinerja Polri semakin meningkat signifikan. Poengky mengatakan hal itu tidak terlepas dari ketegasan Kapolri melakukan b2 di lingkup internal Polri.
#KerjaNyataPolri
Polisi Melayani https://t.co/yIu79cx7rs",1675700134544568321,https://pbs.twimg.com/ext_tw_video_thumb/1675700071881650177/pu/img/yCyJjO1RlMa5Cn9D.jpg,,in,,0,0,0,https://x.com/kriminal_kaltim/status/1675700134544568321,738375785640132608,kriminal_kaltim
1675699634268966912,2023-07-03T02:55:00.000Z,0,"Komisioner Komisi Kepolisian Nasional (Kompolnas) Poengky Indarti mengaku tidak menyangka tingkat kepercayaan masyarakat terhadap kinerja Polri semakin meningkat signifikan. 

#KerjaNyataPolri
Polisi Melayani https://t.co/FkMfxwtn61",1675699634268966912,https://pbs.twimg.com/ext_tw_video_thumb/1675699513158438912/pu/img/z6BFSk7QrDXj_4f8.jpg,,in,,0,1,0,https://x.com/Ikaba02Bengkulu/status/1675699634268966912,998588050715299846,Ikaba02Bengkulu
1675697690414579712,2023-07-03T02:47:17.000Z,0,"#KerjaNyataPolri Persentase Publik Trust Polri Meningkat

Survei Indikator juga menyebutkan mayoritas masyarakat puas terhadap kinerja Polri, khususnya terkait pemberantasan tindak pidana perdagangan orang (TPPO). Wujud Polisi Melayani https://t.co/vJXa89n8IZ",1675697690414579712,https://pbs.twimg.com/media/F0FGK0OaQAARAix.jpg,,in,,0,0,0,https://x.com/HumasPoldaRiau/status/1675697690414579712,1247672666,HumasPoldaRiau
1675697613738496000,2023-07-03T02:46:58.000Z,0,"#KerjaNyataPolri Persentase Publik Trust Polri Meningkat

Survei Indikator juga menyebutkan mayoritas masyarakat puas terhadap kinerja Polri, khususnya terkait pemberantasan tindak pidana perdagangan orang (TPPO). Wujud Polisi Melayani https://t.co/mRwGJg8NrN",1675697613738496000,https://pbs.twimg.com/media/F0FGGTLaMAEqbon.jpg,,in,,0,0,0,https://x.com/Polsekciledug1/status/1675697613738496000,1309059801641619457,Polsekciledug1
1675697226751021056,2023-07-03T02:45:26.000Z,11,"#KerjaNyataPolri Persentase Publik Trust Polri Meningkat

Survei Indikator juga menyebutkan mayoritas masyarakat puas terhadap kinerja Polri, khususnya terkait pemberantasan tindak pidana perdagangan orang (TPPO). Wujud Polisi Melayani https://t.co/sa3m6e88kl",1675697226751021056,https://pbs.twimg.com/media/F0FFv07aUAEc-Fj.jpg,,in,,0,0,2,https://x.com/Humas_Respasbar/status/1675697226751021056,1426419075547222018,Humas_Respasbar
1675696566559215616,2023-07-03T02:42:49.000Z,0,"#KerjaNyataPolri Persentase Publik Trust Polri Meningkat

Survei Indikator juga menyebutkan mayoritas masyarakat puas terhadap kinerja Polri, khususnya terkait pemberantasan tindak pidana perdagangan orang (TPPO). Wujud Polisi Melayani https://t.co/dPnUAh9FZD",1675696566559215616,https://pbs.twimg.com/media/F0FFJYsaMAAsMFV.jpg,,in,,0,0,0,https://x.com/AlfarezelRazi/status/1675696566559215616,1597062678081519618,AlfarezelRazi
1675696452318932994,2023-07-03T02:42:21.000Z,2,"#KerjaNyataPolri Persentase Publik Trust Polri Meningkat

Survei Indikator juga menyebutkan mayoritas masyarakat puas terhadap kinerja Polri, khususnya terkait pemberantasan tindak pidana perdagangan orang (TPPO). Wujud Polisi Melayani https://t.co/bxmxTtbbJu",1675696452318932994,https://pbs.twimg.com/media/F0FFCtFaYAAiu2v.jpg,,in,,0,0,0,https://x.com/HKerambitan/status/1675696452318932994,1187385470113611778,HKerambitan
1675695003778322432,2023-07-03T02:36:36.000Z,15,"Mempermudah masyarakat menyampaikan keluhan dan saran terkait kinerja Polri secara online.

Sebagai upaya #KerjaNyataPolri meningkatkan kinerja terhadap masyarakat, Polisi Melayani menghadirkan inovasi Dumas Presisi. https://t.co/y7wBvcqSUG",1675695003778322432,https://pbs.twimg.com/media/F0FDuafaIAER7TF.jpg,,in,,2,8,5,https://x.com/pidressitubondo/status/1675695003778322432,218735896,pidressitubondo
1675694542518116352,2023-07-03T02:34:46.000Z,1,"#KerjaNyataPolri Persentase Publik Trust Polri Meningkat

Survei Indikator juga menyebutkan mayoritas masyarakat puas terhadap kinerja Polri, khususnya terkait pemberantasan tindak pidana perdagangan orang (TPPO). Wujud Polisi Melayani https://t.co/4mRZ7ubdqC",1675694542518116352,https://pbs.twimg.com/media/F0FDTXIakAElxNO.jpg,,in,,0,0,0,https://x.com/polres_basel/status/1675694542518116352,1320546852278657024,polres_basel
1675692147662798848,2023-07-03T02:25:15.000Z,2,"Mempermudah masyarakat menyampaikan keluhan dan saran terkait kinerja Polri secara online.

Sebagai upaya #KerjaNyataPolri meningkatkan kinerja terhadap masyarakat, Polisi Melayani menghadirkan inovasi Dumas Presisi. Layanan tersebut bisa diakses oleh seluruh masyarakat melalui… https://t.co/DyUBFGuZ13",1675692147662798848,https://pbs.twimg.com/media/F0FBHsgacAASEQc.jpg,,in,,0,1,1,https://x.com/PolsekCangkuang/status/1675692147662798848,1372940096551280643,PolsekCangkuang
1675691446245142528,2023-07-03T02:22:28.000Z,1,"Komisioner Komisi Kepolisian Nasional (Kompolnas) Poengky Indarti mengaku tidak menyangka tingkat kepercayaan masyarakat terhadap kinerja Polri semakin meningkat signifikan.

#KerjaNyataPolri
Polisi Melayani https://t.co/W4PdLpqWn2",1675691446245142528,https://pbs.twimg.com/ext_tw_video_thumb/1675691335091896321/pu/img/ay4d4sEfYIiDw4g7.jpg,,in,,0,0,0,https://x.com/LianNancylian/status/1675691446245142528,1665587229308375040,LianNancylian
1675691120721027075,2023-07-03T02:21:10.000Z,0,"#KerjaNyataPolri Persentase Publik Trust Polri Meningkat

Survei Indikator juga menyebutkan mayoritas masyarakat puas terhadap kinerja Polri, khususnya terkait pemberantasan tindak pidana perdagangan orang (TPPO). Wujud Polisi Melayani https://t.co/aCaHwUiGql",1675691120721027075,https://pbs.twimg.com/media/F0FAKplaYAAVNgV.jpg,,in,,0,0,0,https://x.com/polda_jambi/status/1675691120721027075,240527619,polda_jambi
1675690832010285056,2023-07-03T02:20:01.000Z,3,"#KerjaNyataPolri Persentase Publik Trust Polri Meningkat

Survei Indikator juga menyebutkan mayoritas masyarakat puas terhadap kinerja Polri, khususnya terkait pemberantasan tindak pidana perdagangan orang (TPPO). Wujud Polisi Melayani https://t.co/0XblZzUbPW",1675690832010285056,https://pbs.twimg.com/media/F0E_7mDaUAUre5X.jpg,,in,,0,0,0,https://x.com/SatpolairPolre4/status/1675690832010285056,1371780404106039298,SatpolairPolre4
1675689385021558787,2023-07-03T02:14:16.000Z,2,"#KerjaNyataPolri Persentase Publik Trust Polri Meningkat

Survei Indikator juga menyebutkan mayoritas masyarakat puas terhadap kinerja Polri, khususnya terkait pemberantasan tindak pidana perdagangan orang (TPPO). Wujud Polisi Melayani https://t.co/tYGf1TNH7D",1675689385021558787,https://pbs.twimg.com/media/F0E-nXmaYAA2FQL.jpg,,in,,0,0,0,https://x.com/Poldakaltim/status/1675689385021558787,226140504,Poldakaltim
1675680699930796032,2023-07-03T01:39:46.000Z,240,"Mempermudah masyarakat menyampaikan keluhan dan saran terkait kinerja Polri secara online.

Sebagai upaya #KerjaNyataPolri meningkatkan kinerja terhadap masyarakat, Polisi Melayani menghadirkan inovasi Dumas Presisi. Layanan tersebut bisa diakses oleh seluruh masyarakat melalui https://t.co/SAmXFAC7kF",1675680699930796032,https://pbs.twimg.com/media/F0EzX5QagAAkfoi.jpg,,in,,22,99,127,https://x.com/DivHumas_Polri/status/1675680699930796032,138290629,DivHumas_Polri
1675202661480800256,2023-07-02T12:27:24.000Z,3,@ListyoSigitP Saya bangga atas kinerja polisi kita yg sekarang ini https://t.co/T09mDtZJTT,1675481296813047808,https://pbs.twimg.com/ext_tw_video_thumb/1675481204265738240/pu/img/DxrLW1t13PMB-gfw.jpg,ListyoSigitP,in,,2,5,0,https://x.com/AnilSirega63818/status/1675481296813047808,1639314788059877377,AnilSirega63818
1675481043351265281,2023-07-02T12:26:24.000Z,0,"@CCICPolri 
Saya kagum dengan semua kinerja polisi kita yg sekarang
Yg kerja nya seperti ini https://t.co/EA5ANxFR5J",1675481043351265281,https://pbs.twimg.com/ext_tw_video_thumb/1675480951487623169/pu/img/jGOBPcHyx8myBVWT.jpg,CCICPolri,in,,0,0,0,https://x.com/AnilSirega63818/status/1675481043351265281,1639314788059877377,AnilSirega63818
1675435954079924224,2023-07-02T09:27:14.000Z,48,"Saya apresiasi sikap Bapak Kaporli @ListyoSigitP ini. Sekalipun banyak jg kinerja Polisi yg bantu masyarakat. Mudah2an dengan itu semuanya,komitmen hadirkan Polisi yg PRESISI,benar2 bisa diwujudkan,agar tegak hukum dan keadilan,dan RI tetap jaya sbg NKRI(Negara Kesatuan RI).",1675435954079924224,,,in,,0,4,9,https://x.com/hnurwahid/status/1675435954079924224,86012022,hnurwahid
1675430168406675456,2023-07-02T09:04:14.000Z,1,"Ketua MPR RI Apresiasi Kinerja Polri Dibawah Kepemimpinan Kapolri Jenderal Pol Listyo Sigit Prabowo

https://t.co/rorvfMyhPQ

#polri #bhayangkara #bamsoet #polisi #mantiktv #emeutes https://t.co/a7uqBgHTRH",1675430168406675456,https://pbs.twimg.com/ext_tw_video_thumb/1675430076941484034/pu/img/KFFXdC0UJ0AVwvXK.jpg,,in,,0,0,0,https://x.com/TvMantik9860/status/1675430168406675456,1665268585793748992,TvMantik9860
1675377045751353350,2023-07-02T05:33:09.000Z,397,Ungkapan “hilang kambing melapor ke polisi akan kehilangan sapi” masih berlaku untuk menggambarkan kinerja Polri sampai saat ini. https://t.co/jRZ4VetYDi,1675377045751353350,,,in,,14,53,132,https://x.com/kompascom/status/1675377045751353350,23343960,kompascom
1675210344069988352,2023-07-01T18:37:43.000Z,12,"@ListyoSigitP 5% aj saya masih mikir², gmana caranya bisa 70 %.🤦

Blm prnh sejarahnya pelaku penipuan online ponzi ditangkap pihak kepolisian.

Coba buktikan kinerja polisi itu benar dan bisa dipercaya. Buktikan pak 🫡
👇

https://t.co/mQ07iwnOPp",1675212100027940864,,ListyoSigitP,in,,1,1,0,https://x.com/SpeakUpGAZA/status/1675212100027940864,1188178506103975936,SpeakUpGAZA
1675127662485069829,2023-07-01T13:02:11.000Z,1,"Disinggung Jokowi di Puncak Peringatan HUT Bhayangkara ke-77, Kapolri Minta Maaf Soal Kinerja Polisi https://t.co/fEHFEg1DPa",1675127662485069829,,,in,,0,2,1,https://x.com/tvOneNews/status/1675127662485069829,55507370,tvOneNews
1675039655463649285,2023-07-01T07:12:29.000Z,72,"DPP LDII Apresiasi Kinerja Polri dan Lebih Dekat dengan Rakyat

https://t.co/jrMMDUNwIt 

#POLRI #HUTBhayangkarake77 #polisi #NKRIHargaMati #ldii_news #LDII",1675039655463649285,,,in,,1,0,5,https://x.com/ldii_news/status/1675039655463649285,109599242,ldii_news
1676278088077045760,2023-07-04T17:13:34.000Z,0,"Polisi tenan i kon niru kinerja ne polisi skena i lho, lugas dan tegas",1676278088077045760,,,in,,0,0,0,https://x.com/armndsena/status/1676278088077045760,281560495,armndsena
1676211295182540801,2023-07-04T12:48:09.000Z,1,"Persentase Publik Trust Polri Meningkat Survei Indikator juga menyebutkan mayoritas masyarakat puas terhadap kinerja Polri, khususnya terkait pemberantasan tindak pidana perdagangan orang (TPPO). Wujud Polisi Melayani https://t.co/EpJirKSAc4",1676211295182540801,https://pbs.twimg.com/media/F0MZShQaUAELShW.jpg,,in,,0,0,0,https://x.com/1965_sutarno/status/1676211295182540801,1494570041521881092,1965_sutarno
1676176799817170946,2023-07-04T10:31:05.000Z,0,"Semoga aplikasi pengaduan ini bisa menyempurnakan kinerja Polri.
.
#polripresisi #polisi #polri #PolisiBaik #Viral #fyp
.
.
#DimanaNadia Di Ambang Kematian
Jackie Chan Mario Dandy https://t.co/JJ1QW1DWsi",1676176799817170946,https://pbs.twimg.com/ext_tw_video_thumb/1676176749108006912/pu/img/Rs8i7oxKieZIfYA5.jpg,,in,,0,0,0,https://x.com/nidu86/status/1676176799817170946,1442350613593944066,nidu86
1676171300199632898,2023-07-04T10:09:14.000Z,0,"Semoga aplikasi pengaduan ini bisa menyempurnakan kinerja Polri.
.
#polripresisi #polisi #polri #PolisiBaik #Viral #fyp
.
.
Jackie Chan Mario Dandy https://t.co/tS350BaMWi",1676171300199632898,https://pbs.twimg.com/ext_tw_video_thumb/1676171254242631685/pu/img/k-5tDHFtnQANpk1k.jpg,,in,,0,0,0,https://x.com/qislin3/status/1676171300199632898,1442349760174702594,qislin3
1676102425642688513,2023-07-04T09:54:00.000Z,0,"@IUlilyy @bening_93 Semua orang yang pernah kehilangan motor gak bakal pernah ngakuin kinerja polisi 😂 kakak saya juga keilangan motor, mana motor baru lagi, lapor polisi? Gak guna wkwkwk",1676167467327160320,,IUlilyy,in,,0,1,0,https://x.com/Purplewithyell1/status/1676167467327160320,1409379578833825794,Purplewithyell1
1675868728054157313,2023-07-04T08:58:30.000Z,1,@septjunior Kenapa polisi kita beda sm yg di 86 ya kinerja nya,1676153500517150720,,stupidrowlet,in,,0,2,0,https://x.com/andriyand__/status/1676153500517150720,22885047,andriyand__
1676117349186031617,2023-07-04T06:34:51.000Z,0,setelah semua gak diterima beneran gak mau percaya sama polisi lagi. sorry but I really meragukan kinerja polisi sekarang. kalo emang gaada bukti nota sepeda yang nunjukin kepemilikan ya okay deh tapi at least dicatet kalo ada laporan kehilangan nah ini dicatet aja enggak..,1676117351270600704,,528yas,in,,0,1,0,https://x.com/528yas/status/1676117351270600704,354245519,528yas
1676096525280346114,2023-07-04T05:12:06.000Z,1,"#KerjaNyataPolri Persentase Publik Trust Polri Meningkat

Survei Indikator juga menyebutkan mayoritas masyarakat puas terhadap kinerja Polri, khususnya terkait pemberantasan tindak pidana perdagangan orang (TPPO). Wujud Polisi Melayani https://t.co/aMvjPDLwOr",1676096525280346114,https://pbs.twimg.com/media/F0Kw5qZaEAcToeu.jpg,,in,,0,0,0,https://x.com/sukabumi_polres/status/1676096525280346114,1294477794357809152,sukabumi_polres
1676043795069280266,2023-07-04T03:07:26.000Z,1,@mazzini_gsp Masih menjadi misteri knp polisi2 d wakanda suka bgt pake kaos yg d lenganny ada bendera USA?ap mereka mengakui secara tidak langsung klo kinerja polisi USA itu lbh baik drpd kinerja polisi wakanda? https://t.co/RcOQRMeSYj,1676065150217093120,https://pbs.twimg.com/media/F0KUXShaIAESCbT.jpg,mazzini_gsp,in,,0,0,0,https://x.com/sality21/status/1676065150217093120,194021450,sality21
1676057015251267585,2023-07-04T02:35:06.000Z,0,"#KerjaNyataPolri Persentase Publik Trust Polri Meningkat

Survei Indikator juga menyebutkan mayoritas masyarakat puas terhadap kinerja Polri, khususnya terkait pemberantasan tindak pidana perdagangan orang (TPPO). Wujud Polisi Melayani https://t.co/mBuHamFVEQ",1676057015251267585,https://pbs.twimg.com/media/F0H_PiCagAEH8B1.jpg,,in,,0,0,0,https://x.com/humasbubat/status/1676057015251267585,1329271703239680007,humasbubat
1676052319727910912,2023-07-04T02:16:27.000Z,1,"Persentase Publik Trust Polri Meningkat

Survei  Indikator juga menyebutkan mayoritas masyarakat puas terhadap  kinerja Polri, khususnya terkait pemberantasan tindak pidana perdagangan  orang (TPPO). Wujud Polisi Melayani https://t.co/KshEroY8K6",1676052319727910912,https://pbs.twimg.com/media/F0KIsZMacAAgOd4.png,,in,,0,0,0,https://x.com/ppidbrimobsulut/status/1676052319727910912,1227034081407291392,ppidbrimobsulut
1674967686009466881,2023-07-03T15:11:28.000Z,0,"@nuicemedia Cerita jelek - Sedih kalo diceritain.. cuman kek susah buatku percaya sama polisi skrg. sorry 

Cerita bagus - ngurus KTP hilang, dikerjain cepet n TANPA BAYAR. Jakarta masih di pegang ma gubernur yang getol genjot kinerja birokrasi. Krn sblumnya dikit2 bayar. Sesimple itu seneng",1675884972325085186,,nuicemedia,in,,0,1,1,https://x.com/VincentGorgeous/status/1675884972325085186,253941936,VincentGorgeous
1675877902200741892,2023-07-03T14:43:22.000Z,0,"#KerjaNyataPolri Persentase Publik Trust Polri Meningkat

Survei Indikator juga menyebutkan mayoritas masyarakat puas terhadap kinerja Polri, khususnya terkait pemberantasan tindak pidana perdagangan orang (TPPO). Wujud Polisi Melayani https://t.co/xznIQHhAu4",1675877902200741892,https://pbs.twimg.com/media/F0HqEiRaEAM30cT.jpg,,in,,0,0,0,https://x.com/MeliauPolsek/status/1675877902200741892,1181242559936360448,MeliauPolsek
1675877721644351489,2023-07-03T14:42:39.000Z,4,"Tahun 2012, tas ketinggalan di kereta. Kereta sudah berhenti di stasiun berikutnya. Saya minta tolong polisi, polisi pun membantu menghubungi petugas di stasiun berikutnya untuk mengamankan tas saya. Luar biasa kinerja bapak polisi. Bravo Kepolisian Resor Hokkaido Jepang.",1675877721644351489,,,in,,0,2,0,https://x.com/bregmabiyasa/status/1675877721644351489,120451208,bregmabiyasa
1675815377182552064,2023-07-03T10:34:55.000Z,0,"Poengky Indarti mengaku tidak menyangka tingkat kepercayaan masyarakat terhadap kinerja Polri semakin meningkat. Poengky mengatakan hal itu tidak terlepas dari ketegasan Kapolri Jenderal Listyo Sigit Prabowo melakukan bersih” di lingkup Polri.
#KerjaNyataPolri
Polisi Melayani https://t.co/TOf3vnIH9e",1675815377182552064,https://pbs.twimg.com/ext_tw_video_thumb/1675815339291201537/pu/img/LOIAcill_g9jG7H2.jpg,,in,,0,0,0,https://x.com/warungiyan150/status/1675815377182552064,1530352659533770753,warungiyan150
1676278088077045760,2023-07-04T17:13:34.000Z,0,"Polisi tenan i kon niru kinerja ne polisi skena i lho, lugas dan tegas",1676278088077045760,,,in,,0,0,0,https://x.com/armndsena/status/1676278088077045760,281560495,armndsena
1676211295182540801,2023-07-04T12:48:09.000Z,1,"Persentase Publik Trust Polri Meningkat Survei Indikator juga menyebutkan mayoritas masyarakat puas terhadap kinerja Polri, khususnya terkait pemberantasan tindak pidana perdagangan orang (TPPO). Wujud Polisi Melayani https://t.co/EpJirKSAc4",1676211295182540801,https://pbs.twimg.com/media/F0MZShQaUAELShW.jpg,,in,,0,0,0,https://x.com/1965_sutarno/status/1676211295182540801,1494570041521881092,1965_sutarno
1676176799817170946,2023-07-04T10:31:05.000Z,0,"Semoga aplikasi pengaduan ini bisa menyempurnakan kinerja Polri.
.
#polripresisi #polisi #polri #PolisiBaik #Viral #fyp
.
.
#DimanaNadia Di Ambang Kematian
Jackie Chan Mario Dandy https://t.co/JJ1QW1DWsi",1676176799817170946,https://pbs.twimg.com/ext_tw_video_thumb/1676176749108006912/pu/img/Rs8i7oxKieZIfYA5.jpg,,in,,0,0,0,https://x.com/nidu86/status/1676176799817170946,1442350613593944066,nidu86
1676171300199632898,2023-07-04T10:09:14.000Z,0,"Semoga aplikasi pengaduan ini bisa menyempurnakan kinerja Polri.
.
#polripresisi #polisi #polri #PolisiBaik #Viral #fyp
.
.
Jackie Chan Mario Dandy https://t.co/tS350BaMWi",1676171300199632898,https://pbs.twimg.com/ext_tw_video_thumb/1676171254242631685/pu/img/k-5tDHFtnQANpk1k.jpg,,in,,0,0,0,https://x.com/qislin3/status/1676171300199632898,1442349760174702594,qislin3
1676102425642688513,2023-07-04T09:54:00.000Z,0,"@IUlilyy @bening_93 Semua orang yang pernah kehilangan motor gak bakal pernah ngakuin kinerja polisi 😂 kakak saya juga keilangan motor, mana motor baru lagi, lapor polisi? Gak guna wkwkwk",1676167467327160320,,IUlilyy,in,,0,1,0,https://x.com/Purplewithyell1/status/1676167467327160320,1409379578833825794,Purplewithyell1
1675868728054157313,2023-07-04T08:58:30.000Z,1,@septjunior Kenapa polisi kita beda sm yg di 86 ya kinerja nya,1676153500517150720,,stupidrowlet,in,,0,2,0,https://x.com/andriyand__/status/1676153500517150720,22885047,andriyand__
1676117349186031617,2023-07-04T06:34:51.000Z,0,setelah semua gak diterima beneran gak mau percaya sama polisi lagi. sorry but I really meragukan kinerja polisi sekarang. kalo emang gaada bukti nota sepeda yang nunjukin kepemilikan ya okay deh tapi at least dicatet kalo ada laporan kehilangan nah ini dicatet aja enggak..,1676117351270600704,,528yas,in,,0,1,0,https://x.com/528yas/status/1676117351270600704,354245519,528yas
1676096525280346114,2023-07-04T05:12:06.000Z,1,"#KerjaNyataPolri Persentase Publik Trust Polri Meningkat

Survei Indikator juga menyebutkan mayoritas masyarakat puas terhadap kinerja Polri, khususnya terkait pemberantasan tindak pidana perdagangan orang (TPPO). Wujud Polisi Melayani https://t.co/aMvjPDLwOr",1676096525280346114,https://pbs.twimg.com/media/F0Kw5qZaEAcToeu.jpg,,in,,0,0,0,https://x.com/sukabumi_polres/status/1676096525280346114,1294477794357809152,sukabumi_polres
1676043795069280266,2023-07-04T03:07:26.000Z,1,@mazzini_gsp Masih menjadi misteri knp polisi2 d wakanda suka bgt pake kaos yg d lenganny ada bendera USA?ap mereka mengakui secara tidak langsung klo kinerja polisi USA itu lbh baik drpd kinerja polisi wakanda? https://t.co/RcOQRMeSYj,1676065150217093120,https://pbs.twimg.com/media/F0KUXShaIAESCbT.jpg,mazzini_gsp,in,,0,0,0,https://x.com/sality21/status/1676065150217093120,194021450,sality21
1676057015251267585,2023-07-04T02:35:06.000Z,0,"#KerjaNyataPolri Persentase Publik Trust Polri Meningkat

Survei Indikator juga menyebutkan mayoritas masyarakat puas terhadap kinerja Polri, khususnya terkait pemberantasan tindak pidana perdagangan orang (TPPO). Wujud Polisi Melayani https://t.co/mBuHamFVEQ",1676057015251267585,https://pbs.twimg.com/media/F0H_PiCagAEH8B1.jpg,,in,,0,0,0,https://x.com/humasbubat/status/1676057015251267585,1329271703239680007,humasbubat
1676052319727910912,2023-07-04T02:16:27.000Z,1,"Persentase Publik Trust Polri Meningkat

Survei  Indikator juga menyebutkan mayoritas masyarakat puas terhadap  kinerja Polri, khususnya terkait pemberantasan tindak pidana perdagangan  orang (TPPO). Wujud Polisi Melayani https://t.co/KshEroY8K6",1676052319727910912,https://pbs.twimg.com/media/F0KIsZMacAAgOd4.png,,in,,0,0,0,https://x.com/ppidbrimobsulut/status/1676052319727910912,1227034081407291392,ppidbrimobsulut
1674967686009466881,2023-07-03T15:11:28.000Z,0,"@nuicemedia Cerita jelek - Sedih kalo diceritain.. cuman kek susah buatku percaya sama polisi skrg. sorry 

Cerita bagus - ngurus KTP hilang, dikerjain cepet n TANPA BAYAR. Jakarta masih di pegang ma gubernur yang getol genjot kinerja birokrasi. Krn sblumnya dikit2 bayar. Sesimple itu seneng",1675884972325085186,,nuicemedia,in,,0,1,1,https://x.com/VincentGorgeous/status/1675884972325085186,253941936,VincentGorgeous
1675877902200741892,2023-07-03T14:43:22.000Z,0,"#KerjaNyataPolri Persentase Publik Trust Polri Meningkat

Survei Indikator juga menyebutkan mayoritas masyarakat puas terhadap kinerja Polri, khususnya terkait pemberantasan tindak pidana perdagangan orang (TPPO). Wujud Polisi Melayani https://t.co/xznIQHhAu4",1675877902200741892,https://pbs.twimg.com/media/F0HqEiRaEAM30cT.jpg,,in,,0,0,0,https://x.com/MeliauPolsek/status/1675877902200741892,1181242559936360448,MeliauPolsek
1675877721644351489,2023-07-03T14:42:39.000Z,4,"Tahun 2012, tas ketinggalan di kereta. Kereta sudah berhenti di stasiun berikutnya. Saya minta tolong polisi, polisi pun membantu menghubungi petugas di stasiun berikutnya untuk mengamankan tas saya. Luar biasa kinerja bapak polisi. Bravo Kepolisian Resor Hokkaido Jepang.",1675877721644351489,,,in,,0,2,0,https://x.com/bregmabiyasa/status/1675877721644351489,120451208,bregmabiyasa
1675815377182552064,2023-07-03T10:34:55.000Z,0,"Poengky Indarti mengaku tidak menyangka tingkat kepercayaan masyarakat terhadap kinerja Polri semakin meningkat. Poengky mengatakan hal itu tidak terlepas dari ketegasan Kapolri Jenderal Listyo Sigit Prabowo melakukan bersih” di lingkup Polri.
#KerjaNyataPolri
Polisi Melayani https://t.co/TOf3vnIH9e",1675815377182552064,https://pbs.twimg.com/ext_tw_video_thumb/1675815339291201537/pu/img/LOIAcill_g9jG7H2.jpg,,in,,0,0,0,https://x.com/warungiyan150/status/1675815377182552064,1530352659533770753,warungiyan150
1676278088077045760,2023-07-04T17:13:34.000Z,0,"Polisi tenan i kon niru kinerja ne polisi skena i lho, lugas dan tegas",1676278088077045760,,,in,,0,0,0,https://x.com/armndsena/status/1676278088077045760,281560495,armndsena
1676211295182540801,2023-07-04T12:48:09.000Z,1,"Persentase Publik Trust Polri Meningkat Survei Indikator juga menyebutkan mayoritas masyarakat puas terhadap kinerja Polri, khususnya terkait pemberantasan tindak pidana perdagangan orang (TPPO). Wujud Polisi Melayani https://t.co/EpJirKSAc4",1676211295182540801,https://pbs.twimg.com/media/F0MZShQaUAELShW.jpg,,in,,0,0,0,https://x.com/1965_sutarno/status/1676211295182540801,1494570041521881092,1965_sutarno
1676176799817170946,2023-07-04T10:31:05.000Z,0,"Semoga aplikasi pengaduan ini bisa menyempurnakan kinerja Polri.
.
#polripresisi #polisi #polri #PolisiBaik #Viral #fyp
.
.
#DimanaNadia Di Ambang Kematian
Jackie Chan Mario Dandy https://t.co/JJ1QW1DWsi",1676176799817170946,https://pbs.twimg.com/ext_tw_video_thumb/1676176749108006912/pu/img/Rs8i7oxKieZIfYA5.jpg,,in,,0,0,0,https://x.com/nidu86/status/1676176799817170946,1442350613593944066,nidu86
1676171300199632898,2023-07-04T10:09:14.000Z,0,"Semoga aplikasi pengaduan ini bisa menyempurnakan kinerja Polri.
.
#polripresisi #polisi #polri #PolisiBaik #Viral #fyp
.
.
Jackie Chan Mario Dandy https://t.co/tS350BaMWi",1676171300199632898,https://pbs.twimg.com/ext_tw_video_thumb/1676171254242631685/pu/img/k-5tDHFtnQANpk1k.jpg,,in,,0,0,0,https://x.com/qislin3/status/1676171300199632898,1442349760174702594,qislin3
1676102425642688513,2023-07-04T09:54:00.000Z,0,"@IUlilyy @bening_93 Semua orang yang pernah kehilangan motor gak bakal pernah ngakuin kinerja polisi 😂 kakak saya juga keilangan motor, mana motor baru lagi, lapor polisi? Gak guna wkwkwk",1676167467327160320,,IUlilyy,in,,0,1,0,https://x.com/Purplewithyell1/status/1676167467327160320,1409379578833825794,Purplewithyell1
1675868728054157313,2023-07-04T08:58:30.000Z,1,@septjunior Kenapa polisi kita beda sm yg di 86 ya kinerja nya,1676153500517150720,,stupidrowlet,in,,0,2,0,https://x.com/andriyand__/status/1676153500517150720,22885047,andriyand__
1676117349186031617,2023-07-04T06:34:51.000Z,0,setelah semua gak diterima beneran gak mau percaya sama polisi lagi. sorry but I really meragukan kinerja polisi sekarang. kalo emang gaada bukti nota sepeda yang nunjukin kepemilikan ya okay deh tapi at least dicatet kalo ada laporan kehilangan nah ini dicatet aja enggak..,1676117351270600704,,528yas,in,,0,1,0,https://x.com/528yas/status/1676117351270600704,354245519,528yas
1676096525280346114,2023-07-04T05:12:06.000Z,1,"#KerjaNyataPolri Persentase Publik Trust Polri Meningkat

Survei Indikator juga menyebutkan mayoritas masyarakat puas terhadap kinerja Polri, khususnya terkait pemberantasan tindak pidana perdagangan orang (TPPO). Wujud Polisi Melayani https://t.co/aMvjPDLwOr",1676096525280346114,https://pbs.twimg.com/media/F0Kw5qZaEAcToeu.jpg,,in,,0,0,0,https://x.com/sukabumi_polres/status/1676096525280346114,1294477794357809152,sukabumi_polres
1676043795069280266,2023-07-04T03:07:26.000Z,1,@mazzini_gsp Masih menjadi misteri knp polisi2 d wakanda suka bgt pake kaos yg d lenganny ada bendera USA?ap mereka mengakui secara tidak langsung klo kinerja polisi USA itu lbh baik drpd kinerja polisi wakanda? https://t.co/RcOQRMeSYj,1676065150217093120,https://pbs.twimg.com/media/F0KUXShaIAESCbT.jpg,mazzini_gsp,in,,0,0,0,https://x.com/sality21/status/1676065150217093120,194021450,sality21
1676057015251267585,2023-07-04T02:35:06.000Z,0,"#KerjaNyataPolri Persentase Publik Trust Polri Meningkat

Survei Indikator juga menyebutkan mayoritas masyarakat puas terhadap kinerja Polri, khususnya terkait pemberantasan tindak pidana perdagangan orang (TPPO). Wujud Polisi Melayani https://t.co/mBuHamFVEQ",1676057015251267585,https://pbs.twimg.com/media/F0H_PiCagAEH8B1.jpg,,in,,0,0,0,https://x.com/humasbubat/status/1676057015251267585,1329271703239680007,humasbubat
1676052319727910912,2023-07-04T02:16:27.000Z,1,"Persentase Publik Trust Polri Meningkat

Survei  Indikator juga menyebutkan mayoritas masyarakat puas terhadap  kinerja Polri, khususnya terkait pemberantasan tindak pidana perdagangan  orang (TPPO). Wujud Polisi Melayani https://t.co/KshEroY8K6",1676052319727910912,https://pbs.twimg.com/media/F0KIsZMacAAgOd4.png,,in,,0,0,0,https://x.com/ppidbrimobsulut/status/1676052319727910912,1227034081407291392,ppidbrimobsulut
1674967686009466881,2023-07-03T15:11:28.000Z,0,"@nuicemedia Cerita jelek - Sedih kalo diceritain.. cuman kek susah buatku percaya sama polisi skrg. sorry 

Cerita bagus - ngurus KTP hilang, dikerjain cepet n TANPA BAYAR. Jakarta masih di pegang ma gubernur yang getol genjot kinerja birokrasi. Krn sblumnya dikit2 bayar. Sesimple itu seneng",1675884972325085186,,nuicemedia,in,,0,1,1,https://x.com/VincentGorgeous/status/1675884972325085186,253941936,VincentGorgeous
1675877902200741892,2023-07-03T14:43:22.000Z,0,"#KerjaNyataPolri Persentase Publik Trust Polri Meningkat

Survei Indikator juga menyebutkan mayoritas masyarakat puas terhadap kinerja Polri, khususnya terkait pemberantasan tindak pidana perdagangan orang (TPPO). Wujud Polisi Melayani https://t.co/xznIQHhAu4",1675877902200741892,https://pbs.twimg.com/media/F0HqEiRaEAM30cT.jpg,,in,,0,0,0,https://x.com/MeliauPolsek/status/1675877902200741892,1181242559936360448,MeliauPolsek
1675877721644351489,2023-07-03T14:42:39.000Z,4,"Tahun 2012, tas ketinggalan di kereta. Kereta sudah berhenti di stasiun berikutnya. Saya minta tolong polisi, polisi pun membantu menghubungi petugas di stasiun berikutnya untuk mengamankan tas saya. Luar biasa kinerja bapak polisi. Bravo Kepolisian Resor Hokkaido Jepang.",1675877721644351489,,,in,,0,2,0,https://x.com/bregmabiyasa/status/1675877721644351489,120451208,bregmabiyasa
1675815377182552064,2023-07-03T10:34:55.000Z,0,"Poengky Indarti mengaku tidak menyangka tingkat kepercayaan masyarakat terhadap kinerja Polri semakin meningkat. Poengky mengatakan hal itu tidak terlepas dari ketegasan Kapolri Jenderal Listyo Sigit Prabowo melakukan bersih” di lingkup Polri.
#KerjaNyataPolri
Polisi Melayani https://t.co/TOf3vnIH9e",1675815377182552064,https://pbs.twimg.com/ext_tw_video_thumb/1675815339291201537/pu/img/LOIAcill_g9jG7H2.jpg,,in,,0,0,0,https://x.com/warungiyan150/status/1675815377182552064,1530352659533770753,warungiyan150
1676278088077045760,2023-07-04T17:13:34.000Z,0,"Polisi tenan i kon niru kinerja ne polisi skena i lho, lugas dan tegas",1676278088077045760,,,in,,0,0,0,https://x.com/armndsena/status/1676278088077045760,281560495,armndsena
1676211295182540801,2023-07-04T12:48:09.000Z,1,"Persentase Publik Trust Polri Meningkat Survei Indikator juga menyebutkan mayoritas masyarakat puas terhadap kinerja Polri, khususnya terkait pemberantasan tindak pidana perdagangan orang (TPPO). Wujud Polisi Melayani https://t.co/EpJirKSAc4",1676211295182540801,https://pbs.twimg.com/media/F0MZShQaUAELShW.jpg,,in,,0,0,0,https://x.com/1965_sutarno/status/1676211295182540801,1494570041521881092,1965_sutarno
1676176799817170946,2023-07-04T10:31:05.000Z,0,"Semoga aplikasi pengaduan ini bisa menyempurnakan kinerja Polri.
.
#polripresisi #polisi #polri #PolisiBaik #Viral #fyp
.
.
#DimanaNadia Di Ambang Kematian
Jackie Chan Mario Dandy https://t.co/JJ1QW1DWsi",1676176799817170946,https://pbs.twimg.com/ext_tw_video_thumb/1676176749108006912/pu/img/Rs8i7oxKieZIfYA5.jpg,,in,,0,0,0,https://x.com/nidu86/status/1676176799817170946,1442350613593944066,nidu86
1676171300199632898,2023-07-04T10:09:14.000Z,0,"Semoga aplikasi pengaduan ini bisa menyempurnakan kinerja Polri.
.
#polripresisi #polisi #polri #PolisiBaik #Viral #fyp
.
.
Jackie Chan Mario Dandy https://t.co/tS350BaMWi",1676171300199632898,https://pbs.twimg.com/ext_tw_video_thumb/1676171254242631685/pu/img/k-5tDHFtnQANpk1k.jpg,,in,,0,0,0,https://x.com/qislin3/status/1676171300199632898,1442349760174702594,qislin3
1676102425642688513,2023-07-04T09:54:00.000Z,0,"@IUlilyy @bening_93 Semua orang yang pernah kehilangan motor gak bakal pernah ngakuin kinerja polisi 😂 kakak saya juga keilangan motor, mana motor baru lagi, lapor polisi? Gak guna wkwkwk",1676167467327160320,,IUlilyy,in,,0,1,0,https://x.com/Purplewithyell1/status/1676167467327160320,1409379578833825794,Purplewithyell1
1675868728054157313,2023-07-04T08:58:30.000Z,1,@septjunior Kenapa polisi kita beda sm yg di 86 ya kinerja nya,1676153500517150720,,stupidrowlet,in,,0,2,0,https://x.com/andriyand__/status/1676153500517150720,22885047,andriyand__
1676117349186031617,2023-07-04T06:34:51.000Z,0,setelah semua gak diterima beneran gak mau percaya sama polisi lagi. sorry but I really meragukan kinerja polisi sekarang. kalo emang gaada bukti nota sepeda yang nunjukin kepemilikan ya okay deh tapi at least dicatet kalo ada laporan kehilangan nah ini dicatet aja enggak..,1676117351270600704,,528yas,in,,0,1,0,https://x.com/528yas/status/1676117351270600704,354245519,528yas
1676096525280346114,2023-07-04T05:12:06.000Z,1,"#KerjaNyataPolri Persentase Publik Trust Polri Meningkat

Survei Indikator juga menyebutkan mayoritas masyarakat puas terhadap kinerja Polri, khususnya terkait pemberantasan tindak pidana perdagangan orang (TPPO). Wujud Polisi Melayani https://t.co/aMvjPDLwOr",1676096525280346114,https://pbs.twimg.com/media/F0Kw5qZaEAcToeu.jpg,,in,,0,0,0,https://x.com/sukabumi_polres/status/1676096525280346114,1294477794357809152,sukabumi_polres
1676043795069280266,2023-07-04T03:07:26.000Z,1,@mazzini_gsp Masih menjadi misteri knp polisi2 d wakanda suka bgt pake kaos yg d lenganny ada bendera USA?ap mereka mengakui secara tidak langsung klo kinerja polisi USA itu lbh baik drpd kinerja polisi wakanda? https://t.co/RcOQRMeSYj,1676065150217093120,https://pbs.twimg.com/media/F0KUXShaIAESCbT.jpg,mazzini_gsp,in,,0,0,0,https://x.com/sality21/status/1676065150217093120,194021450,sality21
1676057015251267585,2023-07-04T02:35:06.000Z,0,"#KerjaNyataPolri Persentase Publik Trust Polri Meningkat

Survei Indikator juga menyebutkan mayoritas masyarakat puas terhadap kinerja Polri, khususnya terkait pemberantasan tindak pidana perdagangan orang (TPPO). Wujud Polisi Melayani https://t.co/mBuHamFVEQ",1676057015251267585,https://pbs.twimg.com/media/F0H_PiCagAEH8B1.jpg,,in,,0,0,0,https://x.com/humasbubat/status/1676057015251267585,1329271703239680007,humasbubat
1676052319727910912,2023-07-04T02:16:27.000Z,1,"Persentase Publik Trust Polri Meningkat

Survei  Indikator juga menyebutkan mayoritas masyarakat puas terhadap  kinerja Polri, khususnya terkait pemberantasan tindak pidana perdagangan  orang (TPPO). Wujud Polisi Melayani https://t.co/KshEroY8K6",1676052319727910912,https://pbs.twimg.com/media/F0KIsZMacAAgOd4.png,,in,,0,0,0,https://x.com/ppidbrimobsulut/status/1676052319727910912,1227034081407291392,ppidbrimobsulut
1674967686009466881,2023-07-03T15:11:28.000Z,0,"@nuicemedia Cerita jelek - Sedih kalo diceritain.. cuman kek susah buatku percaya sama polisi skrg. sorry 

Cerita bagus - ngurus KTP hilang, dikerjain cepet n TANPA BAYAR. Jakarta masih di pegang ma gubernur yang getol genjot kinerja birokrasi. Krn sblumnya dikit2 bayar. Sesimple itu seneng",1675884972325085186,,nuicemedia,in,,0,1,1,https://x.com/VincentGorgeous/status/1675884972325085186,253941936,VincentGorgeous
1675877902200741892,2023-07-03T14:43:22.000Z,0,"#KerjaNyataPolri Persentase Publik Trust Polri Meningkat

Survei Indikator juga menyebutkan mayoritas masyarakat puas terhadap kinerja Polri, khususnya terkait pemberantasan tindak pidana perdagangan orang (TPPO). Wujud Polisi Melayani https://t.co/xznIQHhAu4",1675877902200741892,https://pbs.twimg.com/media/F0HqEiRaEAM30cT.jpg,,in,,0,0,0,https://x.com/MeliauPolsek/status/1675877902200741892,1181242559936360448,MeliauPolsek
1675877721644351489,2023-07-03T14:42:39.000Z,4,"Tahun 2012, tas ketinggalan di kereta. Kereta sudah berhenti di stasiun berikutnya. Saya minta tolong polisi, polisi pun membantu menghubungi petugas di stasiun berikutnya untuk mengamankan tas saya. Luar biasa kinerja bapak polisi. Bravo Kepolisian Resor Hokkaido Jepang.",1675877721644351489,,,in,,0,2,0,https://x.com/bregmabiyasa/status/1675877721644351489,120451208,bregmabiyasa
1675815377182552064,2023-07-03T10:34:55.000Z,0,"Poengky Indarti mengaku tidak menyangka tingkat kepercayaan masyarakat terhadap kinerja Polri semakin meningkat. Poengky mengatakan hal itu tidak terlepas dari ketegasan Kapolri Jenderal Listyo Sigit Prabowo melakukan bersih” di lingkup Polri.
#KerjaNyataPolri
Polisi Melayani https://t.co/TOf3vnIH9e",1675815377182552064,https://pbs.twimg.com/ext_tw_video_thumb/1675815339291201537/pu/img/LOIAcill_g9jG7H2.jpg,,in,,0,0,0,https://x.com/warungiyan150/status/1675815377182552064,1530352659533770753,warungiyan150
1677144663260819458,2023-07-07T02:37:02.000Z,0,Tetaplah berbuat kebaikan dan menginspirasi karna sudah banyak yang mengapresiasi kinerja polisi https://t.co/Ecf1ifppPH,1677144663260819458,https://pbs.twimg.com/ext_tw_video_thumb/1677144515013120000/pu/img/Pt1vOZTgrAZStJ36.jpg,,in,,0,0,0,https://x.com/sabahat_sehat/status/1677144663260819458,1520945743845937152,sabahat_sehat
1676982051021496325,2023-07-06T15:50:52.000Z,0,"Berikut ini daftar gaji polisi dan tunjangannya pada tahun 2023. Gaji terbesar Rp 5 juta, tunjangannya sampai Rp 43 juta. https://t.co/DsnQsGq3Ta",1676982051021496325,,,in,,0,0,1,https://x.com/detikfinance/status/1676982051021496325,135795460,detikfinance
1676766112053362688,2023-07-06T01:32:48.000Z,0,"#KerjaNyataPolri Persentase Publik Trust Polri Meningkat Survei Indikator juga menyebutkan mayoritas masyarakat puas terhadap kinerja Polri, khususnya terkait pemberantasan tindak pidana perdagangan orang (TPPO). Wujud Polisi Melayani https://t.co/I0a8QOrnrq",1676766112053362688,https://pbs.twimg.com/media/F0UR4xwakAAijzq.jpg,,in,,0,0,0,https://x.com/polsek_lais/status/1676766112053362688,1182307102322151425,polsek_lais
1676211769457672194,2023-07-05T05:43:11.000Z,1,"@_palungmariana @setkabgoid @KemensetnegRI @setpresRI @Puspen_TNI @DivHumas_Polri @Kemenkumham_RI @AnlegBK_DPRRI Di akhir"" jabatan dekat dg TNI tp giliran tunjngan kinerja lebihkan ke Polisi",1676466736307240960,,_palungmariana,in,,0,0,0,https://x.com/Kobar_Baru/status/1676466736307240960,358691051,Kobar_Baru
1676383591142666240,2023-07-05T00:12:48.000Z,0,"Dari semua QRT yg ai baca kok belum nemu yg apresiasi kinerja Polisi +62 sih, seburuk itu tah? Pasti ada dong hasil kerja Polisi yg bagus pengen dengar dari orang2 yg punya backingan polisi pasti bisa dong apresiasi kinerja yg presisi 😀😀🫣🫣🫢",1676383591142666240,,,in,,0,0,0,https://x.com/voidfetch/status/1676383591142666240,1303591300290080768,voidfetch
1677144663260819458,2023-07-07T02:37:02.000Z,0,Tetaplah berbuat kebaikan dan menginspirasi karna sudah banyak yang mengapresiasi kinerja polisi https://t.co/Ecf1ifppPH,1677144663260819458,https://pbs.twimg.com/ext_tw_video_thumb/1677144515013120000/pu/img/Pt1vOZTgrAZStJ36.jpg,,in,,0,0,0,https://x.com/sabahat_sehat/status/1677144663260819458,1520945743845937152,sabahat_sehat
1676982051021496325,2023-07-06T15:50:52.000Z,0,"Berikut ini daftar gaji polisi dan tunjangannya pada tahun 2023. Gaji terbesar Rp 5 juta, tunjangannya sampai Rp 43 juta. https://t.co/DsnQsGq3Ta",1676982051021496325,,,in,,0,0,1,https://x.com/detikfinance/status/1676982051021496325,135795460,detikfinance
1676766112053362688,2023-07-06T01:32:48.000Z,0,"#KerjaNyataPolri Persentase Publik Trust Polri Meningkat Survei Indikator juga menyebutkan mayoritas masyarakat puas terhadap kinerja Polri, khususnya terkait pemberantasan tindak pidana perdagangan orang (TPPO). Wujud Polisi Melayani https://t.co/I0a8QOrnrq",1676766112053362688,https://pbs.twimg.com/media/F0UR4xwakAAijzq.jpg,,in,,0,0,0,https://x.com/polsek_lais/status/1676766112053362688,1182307102322151425,polsek_lais
1676211769457672194,2023-07-05T05:43:11.000Z,1,"@_palungmariana @setkabgoid @KemensetnegRI @setpresRI @Puspen_TNI @DivHumas_Polri @Kemenkumham_RI @AnlegBK_DPRRI Di akhir"" jabatan dekat dg TNI tp giliran tunjngan kinerja lebihkan ke Polisi",1676466736307240960,,_palungmariana,in,,0,0,0,https://x.com/Kobar_Baru/status/1676466736307240960,358691051,Kobar_Baru
1676383591142666240,2023-07-05T00:12:48.000Z,0,"Dari semua QRT yg ai baca kok belum nemu yg apresiasi kinerja Polisi +62 sih, seburuk itu tah? Pasti ada dong hasil kerja Polisi yg bagus pengen dengar dari orang2 yg punya backingan polisi pasti bisa dong apresiasi kinerja yg presisi 😀😀🫣🫣🫢",1676383591142666240,,,in,,0,0,0,https://x.com/voidfetch/status/1676383591142666240,1303591300290080768,voidfetch
1677144663260819458,2023-07-07T02:37:02.000Z,0,Tetaplah berbuat kebaikan dan menginspirasi karna sudah banyak yang mengapresiasi kinerja polisi https://t.co/Ecf1ifppPH,1677144663260819458,https://pbs.twimg.com/ext_tw_video_thumb/1677144515013120000/pu/img/Pt1vOZTgrAZStJ36.jpg,,in,,0,0,0,https://x.com/sabahat_sehat/status/1677144663260819458,1520945743845937152,sabahat_sehat
1676982051021496325,2023-07-06T15:50:52.000Z,0,"Berikut ini daftar gaji polisi dan tunjangannya pada tahun 2023. Gaji terbesar Rp 5 juta, tunjangannya sampai Rp 43 juta. https://t.co/DsnQsGq3Ta",1676982051021496325,,,in,,0,0,1,https://x.com/detikfinance/status/1676982051021496325,135795460,detikfinance
1676766112053362688,2023-07-06T01:32:48.000Z,0,"#KerjaNyataPolri Persentase Publik Trust Polri Meningkat Survei Indikator juga menyebutkan mayoritas masyarakat puas terhadap kinerja Polri, khususnya terkait pemberantasan tindak pidana perdagangan orang (TPPO). Wujud Polisi Melayani https://t.co/I0a8QOrnrq",1676766112053362688,https://pbs.twimg.com/media/F0UR4xwakAAijzq.jpg,,in,,0,0,0,https://x.com/polsek_lais/status/1676766112053362688,1182307102322151425,polsek_lais
1676211769457672194,2023-07-05T05:43:11.000Z,1,"@_palungmariana @setkabgoid @KemensetnegRI @setpresRI @Puspen_TNI @DivHumas_Polri @Kemenkumham_RI @AnlegBK_DPRRI Di akhir"" jabatan dekat dg TNI tp giliran tunjngan kinerja lebihkan ke Polisi",1676466736307240960,,_palungmariana,in,,0,0,0,https://x.com/Kobar_Baru/status/1676466736307240960,358691051,Kobar_Baru
1676383591142666240,2023-07-05T00:12:48.000Z,0,"Dari semua QRT yg ai baca kok belum nemu yg apresiasi kinerja Polisi +62 sih, seburuk itu tah? Pasti ada dong hasil kerja Polisi yg bagus pengen dengar dari orang2 yg punya backingan polisi pasti bisa dong apresiasi kinerja yg presisi 😀😀🫣🫣🫢",1676383591142666240,,,in,,0,0,0,https://x.com/voidfetch/status/1676383591142666240,1303591300290080768,voidfetch
1677144663260819458,2023-07-07T02:37:02.000Z,0,Tetaplah berbuat kebaikan dan menginspirasi karna sudah banyak yang mengapresiasi kinerja polisi https://t.co/Ecf1ifppPH,1677144663260819458,https://pbs.twimg.com/ext_tw_video_thumb/1677144515013120000/pu/img/Pt1vOZTgrAZStJ36.jpg,,in,,0,0,0,https://x.com/sabahat_sehat/status/1677144663260819458,1520945743845937152,sabahat_sehat
1676982051021496325,2023-07-06T15:50:52.000Z,0,"Berikut ini daftar gaji polisi dan tunjangannya pada tahun 2023. Gaji terbesar Rp 5 juta, tunjangannya sampai Rp 43 juta. https://t.co/DsnQsGq3Ta",1676982051021496325,,,in,,0,0,1,https://x.com/detikfinance/status/1676982051021496325,135795460,detikfinance
1676766112053362688,2023-07-06T01:32:48.000Z,0,"#KerjaNyataPolri Persentase Publik Trust Polri Meningkat Survei Indikator juga menyebutkan mayoritas masyarakat puas terhadap kinerja Polri, khususnya terkait pemberantasan tindak pidana perdagangan orang (TPPO). Wujud Polisi Melayani https://t.co/I0a8QOrnrq",1676766112053362688,https://pbs.twimg.com/media/F0UR4xwakAAijzq.jpg,,in,,0,0,0,https://x.com/polsek_lais/status/1676766112053362688,1182307102322151425,polsek_lais
1676211769457672194,2023-07-05T05:43:11.000Z,1,"@_palungmariana @setkabgoid @KemensetnegRI @setpresRI @Puspen_TNI @DivHumas_Polri @Kemenkumham_RI @AnlegBK_DPRRI Di akhir"" jabatan dekat dg TNI tp giliran tunjngan kinerja lebihkan ke Polisi",1676466736307240960,,_palungmariana,in,,0,0,0,https://x.com/Kobar_Baru/status/1676466736307240960,358691051,Kobar_Baru
1676383591142666240,2023-07-05T00:12:48.000Z,0,"Dari semua QRT yg ai baca kok belum nemu yg apresiasi kinerja Polisi +62 sih, seburuk itu tah? Pasti ada dong hasil kerja Polisi yg bagus pengen dengar dari orang2 yg punya backingan polisi pasti bisa dong apresiasi kinerja yg presisi 😀😀🫣🫣🫢",1676383591142666240,,,in,,0,0,0,https://x.com/voidfetch/status/1676383591142666240,1303591300290080768,voidfetch
1677144663260819458,2023-07-07T02:37:02.000Z,0,Tetaplah berbuat kebaikan dan menginspirasi karna sudah banyak yang mengapresiasi kinerja polisi https://t.co/Ecf1ifppPH,1677144663260819458,https://pbs.twimg.com/ext_tw_video_thumb/1677144515013120000/pu/img/Pt1vOZTgrAZStJ36.jpg,,in,,0,0,0,https://x.com/sabahat_sehat/status/1677144663260819458,1520945743845937152,sabahat_sehat
1676982051021496325,2023-07-06T15:50:52.000Z,0,"Berikut ini daftar gaji polisi dan tunjangannya pada tahun 2023. Gaji terbesar Rp 5 juta, tunjangannya sampai Rp 43 juta. https://t.co/DsnQsGq3Ta",1676982051021496325,,,in,,0,0,1,https://x.com/detikfinance/status/1676982051021496325,135795460,detikfinance
1676766112053362688,2023-07-06T01:32:48.000Z,0,"#KerjaNyataPolri Persentase Publik Trust Polri Meningkat Survei Indikator juga menyebutkan mayoritas masyarakat puas terhadap kinerja Polri, khususnya terkait pemberantasan tindak pidana perdagangan orang (TPPO). Wujud Polisi Melayani https://t.co/I0a8QOrnrq",1676766112053362688,https://pbs.twimg.com/media/F0UR4xwakAAijzq.jpg,,in,,0,0,0,https://x.com/polsek_lais/status/1676766112053362688,1182307102322151425,polsek_lais
1676211769457672194,2023-07-05T05:43:11.000Z,1,"@_palungmariana @setkabgoid @KemensetnegRI @setpresRI @Puspen_TNI @DivHumas_Polri @Kemenkumham_RI @AnlegBK_DPRRI Di akhir"" jabatan dekat dg TNI tp giliran tunjngan kinerja lebihkan ke Polisi",1676466736307240960,,_palungmariana,in,,0,0,0,https://x.com/Kobar_Baru/status/1676466736307240960,358691051,Kobar_Baru
1676383591142666240,2023-07-05T00:12:48.000Z,0,"Dari semua QRT yg ai baca kok belum nemu yg apresiasi kinerja Polisi +62 sih, seburuk itu tah? Pasti ada dong hasil kerja Polisi yg bagus pengen dengar dari orang2 yg punya backingan polisi pasti bisa dong apresiasi kinerja yg presisi 😀😀🫣🫣🫢",1676383591142666240,,,in,,0,0,0,https://x.com/voidfetch/status/1676383591142666240,1303591300290080768,voidfetch
1677144663260819458,2023-07-07T02:37:02.000Z,0,Tetaplah berbuat kebaikan dan menginspirasi karna sudah banyak yang mengapresiasi kinerja polisi https://t.co/Ecf1ifppPH,1677144663260819458,https://pbs.twimg.com/ext_tw_video_thumb/1677144515013120000/pu/img/Pt1vOZTgrAZStJ36.jpg,,in,,0,0,0,https://x.com/sabahat_sehat/status/1677144663260819458,1520945743845937152,sabahat_sehat
1676982051021496325,2023-07-06T15:50:52.000Z,0,"Berikut ini daftar gaji polisi dan tunjangannya pada tahun 2023. Gaji terbesar Rp 5 juta, tunjangannya sampai Rp 43 juta. https://t.co/DsnQsGq3Ta",1676982051021496325,,,in,,0,0,1,https://x.com/detikfinance/status/1676982051021496325,135795460,detikfinance
1676766112053362688,2023-07-06T01:32:48.000Z,0,"#KerjaNyataPolri Persentase Publik Trust Polri Meningkat Survei Indikator juga menyebutkan mayoritas masyarakat puas terhadap kinerja Polri, khususnya terkait pemberantasan tindak pidana perdagangan orang (TPPO). Wujud Polisi Melayani https://t.co/I0a8QOrnrq",1676766112053362688,https://pbs.twimg.com/media/F0UR4xwakAAijzq.jpg,,in,,0,0,0,https://x.com/polsek_lais/status/1676766112053362688,1182307102322151425,polsek_lais
1676211769457672194,2023-07-05T05:43:11.000Z,1,"@_palungmariana @setkabgoid @KemensetnegRI @setpresRI @Puspen_TNI @DivHumas_Polri @Kemenkumham_RI @AnlegBK_DPRRI Di akhir"" jabatan dekat dg TNI tp giliran tunjngan kinerja lebihkan ke Polisi",1676466736307240960,,_palungmariana,in,,0,0,0,https://x.com/Kobar_Baru/status/1676466736307240960,358691051,Kobar_Baru
1676383591142666240,2023-07-05T00:12:48.000Z,0,"Dari semua QRT yg ai baca kok belum nemu yg apresiasi kinerja Polisi +62 sih, seburuk itu tah? Pasti ada dong hasil kerja Polisi yg bagus pengen dengar dari orang2 yg punya backingan polisi pasti bisa dong apresiasi kinerja yg presisi 😀😀🫣🫣🫢",1676383591142666240,,,in,,0,0,0,https://x.com/voidfetch/status/1676383591142666240,1303591300290080768,voidfetch
1678630879843811329,2023-07-11T16:13:48.000Z,1,@PartaiSocmed kalau kita bandingkan kinerja dan professionalisme nya juga gmn pak polisi ? bisa mengimbangi gak,1678799763557462021,,PartaiSocmed,in,,0,0,0,https://x.com/junichirich/status/1678799763557462021,202579164,junichirich
1678621694674735105,2023-07-11T13:59:03.000Z,0,@txtdrimedia Kinerja ente yang harusnya dibandingin sama polisi jepang,1678765852525723649,,txtdrimedia,in,,0,0,0,https://x.com/bfast4dinner__/status/1678765852525723649,1368879578416959493,bfast4dinner__
1678621694674735105,2023-07-11T13:39:09.000Z,0,@txtdrimedia Bandingin sama yang di jepang. Kalau gitu kinerja polisi indo harus kayak polisi jepang juga dong 🥴,1678760843264282625,,txtdrimedia,in,,0,0,0,https://x.com/rinderesa/status/1678760843264282625,1003174315720785922,rinderesa
1678255725913489408,2023-07-11T12:42:06.000Z,0,"@detikcom ya bandingin UMR sana juga lah, trus bandingin kinerja polisi sana, brani ga pol?",1678746487084449792,,detikcom,in,,0,0,0,https://x.com/biangkerok/status/1678746487084449792,999280082,biangkerok
1678630879843811329,2023-07-11T11:52:14.000Z,0,@PartaiSocmed Kalah jauuuuuh kinerja polisi nya pak https://t.co/EcPkhUP4c3,1678733938104373250,https://pbs.twimg.com/media/F0wPnrEakAExb3T.jpg,PartaiSocmed,in,,0,0,0,https://x.com/hsubhan/status/1678733938104373250,178638003,hsubhan
1678621694674735105,2023-07-11T11:35:05.000Z,0,"@txtdrimedia Klo bandingin ya soal kinerja aja dong pak, kinerja polisi luar negeri sama polisi indo pak",1678729622094073859,,txtdrimedia,in,,0,0,0,https://x.com/KarLCandra/status/1678729622094073859,152113890,KarLCandra
1678621694674735105,2023-07-11T06:24:51.000Z,5,@txtdrimedia Rakyat bandingkan kinerja Polisi di Jepang sangat mengayomi dan dedikasi kerjanya sangat baik,1678651547394404359,,txtdrimedia,in,,0,0,0,https://x.com/Buzzer_Maguire5/status/1678651547394404359,1706348328,Buzzer_Maguire5
1678621694674735105,2023-07-11T06:23:22.000Z,0,"@txtdrimedia Umr jepang sama indo beda jauh yaaa mending drpda banding2in hal kyk gitu harusnya liat aja kinerja polisi2 jepang kyk gmna coba di contoh di perbaiki lagi sistem kinerja polisi Indonesi,  jangan cuma uang nya aja yg di liat",1678651176135585793,,txtdrimedia,in,,0,0,0,https://x.com/gemiow_/status/1678651176135585793,1396514110192250885,gemiow_
1678621694674735105,2023-07-11T06:16:15.000Z,0,"@txtdrimedia Coba coba gini ehhehe
""Masyarakat membandingkan dengan kinerja polisi Jepang""",1678649382755860480,,txtdrimedia,in,,0,0,0,https://x.com/baeqim/status/1678649382755860480,1080348591602905088,baeqim
1678621694674735105,2023-07-11T06:01:20.000Z,6,"@txtdrimedia Minimal klo mau compare dgn jepang, kalian intropeksi diri dulu, kalian sudah setara dgn kinerja polisi jepang apa belom ?
Faktanya belom kan, gak usah sok2an compare2in dgn jepang, kalian ngurusin kasus aja lambat bgt, nunggu viral baru di proses",1678645631336734720,,txtdrimedia,in,,0,2,0,https://x.com/BBlikeMadu/status/1678645631336734720,732320540,BBlikeMadu
1678621694674735105,2023-07-11T05:53:47.000Z,0,@txtdrimedia Harusnya Kinerja Polisi Indonesia yg harus dibandingkan dengan Polisi Jepang. Apakah lebih baik atau tidak.,1678643731522568192,,txtdrimedia,in,,0,0,0,https://x.com/hendraarshavin/status/1678643731522568192,47538151,hendraarshavin
1678621694674735105,2023-07-11T05:44:11.000Z,0,@txtdrimedia Kalo perbandingan kinerja antara polisi Indo sama Jepang gmn tuh pak pol,1678641311740510208,,txtdrimedia,in,,0,0,0,https://x.com/roronoaDzr/status/1678641311740510208,872645484963221505,roronoaDzr
1678621694674735105,2023-07-11T05:43:46.000Z,2,"@txtdrimedia Betul kalo SIM di Jepang Rp40jt.. Tapi ya inget, rakyat bisa bandingkan kinerja Polisi Jepang sama Polisi Indonesia. 
Counter rakyat lebih kuat dibanding bandingan SIM di Jepang wkwk",1678641207675609089,,txtdrimedia,in,,0,0,0,https://x.com/iyaakuale/status/1678641207675609089,1104134551918407680,iyaakuale
1678621694674735105,2023-07-11T05:26:13.000Z,0,"@txtdrimedia ""Masyarkat Indonesia membandingkan kinerja polisi Indonesia dengan polisi di Jepang "" boleh coba buat berita ini",1678636794328358912,,txtdrimedia,in,,0,0,0,https://x.com/jadiginimas/status/1678636794328358912,938535129982447616,jadiginimas
1678621694674735105,2023-07-11T05:06:45.000Z,35,@DimsumDear49638 @txtdrimedia Hrsnya ada berita “masyarakat bandingkan kinerja polisi di Jepang dengan di Indonesia”,1678631892797603843,,,in,,0,0,0,https://x.com/astrajig/status/1678631892797603843,1410250102728396807,astrajig
1678625622279753728,2023-07-11T04:41:50.000Z,0,Rakyat indonesia bandingkan kinerja polisi di jepang dengan polisi di amegakure,1678625622279753728,,,in,,0,0,0,https://x.com/d_satrio7/status/1678625622279753728,1233996594611011586,d_satrio7
1678255725913489408,2023-07-11T03:00:30.000Z,0,@detikcom Klo bandingin kinerja polisi Jepang sama polisi Indo boleh ga? Tp jgn baper dan jgn bawa UUITE yaa? Gmn hayoo??,1678600123146997760,,detikcom,in,,0,0,0,https://x.com/1897loveJu/status/1678600123146997760,1592474942146154497,1897loveJu
1678255725913489408,2023-07-11T02:11:23.000Z,0,"@detikcom Sebelumnya bandingkan juga polisi jepang dengan polisi indonesia dari etos kerja, kinerja dan integritas nya. 
Sepertinya polisi indonesia punya kelebihan dibanding polisi jepang, yaitu : meski (katanya) gajinya kecil tapi penghasilannya banyak, asetnya banyak, gaya hidup mewah",1678587759664181248,,detikcom,in,,0,0,0,https://x.com/duda_widodo/status/1678587759664181248,271177711,duda_widodo
1678255725913489408,2023-07-11T01:04:12.000Z,0,"@detikcom Kalau bisa membuat rakyat bahagia kenapa harus membanding2kan dengan negara lain Jepang kalau kita balik pelayanan dan kinerja aparat polisi Jepang terhadap rakyatnya bgm, apakah sama dengan aparat polisi Indonesia???",1678570855251738626,,detikcom,in,,0,0,0,https://x.com/Najazi731/status/1678570855251738626,1069543625762136064,Najazi731
1678255725913489408,2023-07-10T23:40:28.000Z,0,"@detikcom Beneran nih, mau bandingin jg kinerja polisi di sana? Udah tiktokan ajalah, mayan kan?",1678549782095351812,,detikcom,in,,0,0,0,https://x.com/sutanrmulia/status/1678549782095351812,904345547963736069,sutanrmulia
1678630879843811329,2023-07-11T16:13:48.000Z,1,@PartaiSocmed kalau kita bandingkan kinerja dan professionalisme nya juga gmn pak polisi ? bisa mengimbangi gak,1678799763557462021,,PartaiSocmed,in,,0,0,0,https://x.com/junichirich/status/1678799763557462021,202579164,junichirich
1678630879843811329,2023-07-11T14:56:59.000Z,0,@PartaiSocmed Coba bandingin kinerja polisi Japan sama ente dong pak 😁,1678780430835937280,,PartaiSocmed,in,,0,0,0,https://x.com/trus_gimana/status/1678780430835937280,795997160298795009,trus_gimana
1678621694674735105,2023-07-11T13:59:03.000Z,0,@txtdrimedia Kinerja ente yang harusnya dibandingin sama polisi jepang,1678765852525723649,,txtdrimedia,in,,0,0,0,https://x.com/bfast4dinner__/status/1678765852525723649,1368879578416959493,bfast4dinner__
1678255725913489408,2023-07-10T13:37:58.000Z,0,@detikcom Jepang penghasilan masyarakatnya brp bandingin juga pak polisi trus bandingin juga kinerja polisinya gimana,1678398157569359874,,detikcom,in,,0,0,0,https://x.com/Putras009/status/1678398157569359874,908148883854733313,Putras009
1678255725913489408,2023-07-10T12:59:56.000Z,0,"@detikcom Kalo perbandingan kinerja polisi Indonesia dan Jepang gimana, pak?",1678388586511765504,,detikcom,in,,0,0,0,https://x.com/babibubeebboo/status/1678388586511765504,1604851154982121473,babibubeebboo
1678387052201807872,2023-07-10T12:53:50.000Z,0,Masyarakat bandingkan kinerja polisi di negaranya dengan di Jepang,1678387052201807872,,,in,,0,0,0,https://x.com/rahasia_pluto/status/1678387052201807872,1103084922216996864,rahasia_pluto
1678385635718205441,2023-07-10T12:48:13.000Z,0,Mestinya yg dibandingkan itu kinerja dan kejujuran polisi jepang dgn polisi di sini 😁😁,1678385635718205441,,,in,,0,0,0,https://x.com/whycomeshere/status/1678385635718205441,1265068392504938496,whycomeshere
1678255725913489408,2023-07-10T11:38:43.000Z,0,"@detikcom Kenapa cuma biaya buat SIM yg dibandingkan?
Kinerja Polisi JPN beda langit en bumi dgn polisi +62",1678368146909196291,,detikcom,in,,0,0,0,https://x.com/_DiDam_Doxa/status/1678368146909196291,1326847584460107777,_DiDam_Doxa
1678255725913489408,2023-07-10T11:19:50.000Z,0,"@detikcom Ntar ngambek kalo rakyat ngomong ""rakyat bandingkan kinerja polisi dengan polisi Jepang""",1678363394532057088,,detikcom,in,,0,0,0,https://x.com/sidikdikdikdik/status/1678363394532057088,4578319754,sidikdikdikdik
1678255725913489408,2023-07-10T10:48:23.000Z,0,@detikcom Kalian mau kinerja kalian dibandingkan dengan polisi jepang? Yakin?,1678355479335157760,,detikcom,in,,0,0,0,https://x.com/kacangrambat/status/1678355479335157760,1713097634,kacangrambat
1678329839236026369,2023-07-10T09:06:30.000Z,1,Bandingin jg kinerja polisi di Jepang sma di Indonesia.,1678329839236026369,,,in,,0,0,0,https://x.com/Ramandita17/status/1678329839236026369,393434208,Ramandita17
1678255725913489408,2023-07-10T06:58:34.000Z,0,@detikcom Kenapa ga bandingin aja kinerja kalian yang nunggu viral dulu baru ditanggapi dengan polisi jepang?,1678297646577123330,,detikcom,in,,0,0,0,https://x.com/hokagezamop/status/1678297646577123330,1136204621817401345,hokagezamop
1678255725913489408,2023-07-10T05:50:55.000Z,0,"@detikcom masyarakat ayo bandingkan kinerja polisi jepang dan indo, apakah worth it 40 juta utk buat sim di indo? 🤣",1678280621880139777,,detikcom,in,,0,0,0,https://x.com/agoygarin/status/1678280621880139777,588903922,agoygarin
1678255725913489408,2023-07-10T05:09:07.000Z,1,@detikcom kinerja polisi nya juga di bandingin donk sama negara jepang,1678270102138134534,,detikcom,in,,0,0,0,https://x.com/tohap_alfan/status/1678270102138134534,862344780,tohap_alfan
1678269991974518784,2023-07-10T05:08:41.000Z,0,Asik…. Kita dapat lampu ijo buat bandingin kinerja isilop sama polisi Jepang,1678269991974518784,,,in,,0,0,0,https://x.com/ardyanme/status/1678269991974518784,245026135,ardyanme
1678255725913489408,2023-07-10T04:47:42.000Z,0,"@detikcom Netizen juga membandingan kinerja kerja polisi jepang 
u know lah",1678264713292173313,,detikcom,in,,0,0,0,https://x.com/PJberseragam/status/1678264713292173313,1476437397818671107,PJberseragam
1677922499605200897,2023-07-10T04:08:47.000Z,0,@QKhalita @ListyoSigitP Saya kira tugas suci parlemen komusi3 tunjukan fungsi legislatornya utk bantu kapolri pak @ListyoSigitP demi kinerja polisi sesuai tupoksinya &amp; protek rakyat yg diwakilinya. Amen.,1678254916140408837,,,in,,0,0,0,https://x.com/AlbertKusen11/status/1678254916140408837,1530107530227351552,AlbertKusen11
1677998041201254401,2023-07-09T15:06:16.000Z,0,"@VIVAcoid Nah saya salut kinerja polisi, semoga di seluruh Indonesia diadakan tembak mati, lagian di kandangin percuma, keluar malah semakin menjadih2...",1678057991248154625,,VIVAcoid,in,,0,0,0,https://x.com/rp1436462/status/1678057991248154625,1661054719132073984,rp1436462
1677918947205578752,2023-07-09T14:12:07.000Z,2,"@dehery13 @DimsumDear49638 @anak_chicken23 @RafsAkbar SDM rendah itu lu gk bisa memahami konteks jelas2 itu berita bagaimana cara menangani begal tapi masih mempertanyakan kinerja maksimal kepolisian menangani begal,lu pikir polisi bisa nembak mati orang seenaknya tanpa perintah?coba aja lu cermati pertanyaan bego lu",1678044362717151232,,Tabrahamicon,in,,0,1,0,https://x.com/after_suckseed/status/1678044362717151232,1313658877347414016,after_suckseed
1677641839602700288,2023-07-08T11:32:38.000Z,0,"Cara Kinerja Pejabat Oknum Polisi dgn KUHP yg tdk Sesuai dgn Kesalahan Nya,Rakyat Merasa di Peras/Tertindas/Kesakitan.!!!
https://t.co/60FP2LDaIZ",1677641839602700288,,,in,,0,0,0,https://x.com/AjiHendr/status/1677641839602700288,1444303268918677507,AjiHendr
1678630879843811329,2023-07-11T16:13:48.000Z,1,@PartaiSocmed kalau kita bandingkan kinerja dan professionalisme nya juga gmn pak polisi ? bisa mengimbangi gak,1678799763557462021,,PartaiSocmed,in,,0,0,0,https://x.com/junichirich/status/1678799763557462021,202579164,junichirich
1678630879843811329,2023-07-11T14:56:59.000Z,0,@PartaiSocmed Coba bandingin kinerja polisi Japan sama ente dong pak 😁,1678780430835937280,,PartaiSocmed,in,,0,0,0,https://x.com/trus_gimana/status/1678780430835937280,795997160298795009,trus_gimana
1678621694674735105,2023-07-11T13:59:03.000Z,0,@txtdrimedia Kinerja ente yang harusnya dibandingin sama polisi jepang,1678765852525723649,,txtdrimedia,in,,0,0,0,https://x.com/bfast4dinner__/status/1678765852525723649,1368879578416959493,bfast4dinner__
1678621694674735105,2023-07-11T13:39:09.000Z,0,@txtdrimedia Bandingin sama yang di jepang. Kalau gitu kinerja polisi indo harus kayak polisi jepang juga dong 🥴,1678760843264282625,,txtdrimedia,in,,0,0,0,https://x.com/rinderesa/status/1678760843264282625,1003174315720785922,rinderesa
1678255725913489408,2023-07-11T12:42:06.000Z,0,"@detikcom ya bandingin UMR sana juga lah, trus bandingin kinerja polisi sana, brani ga pol?",1678746487084449792,,detikcom,in,,0,0,0,https://x.com/biangkerok/status/1678746487084449792,999280082,biangkerok
1678630879843811329,2023-07-11T11:52:14.000Z,0,@PartaiSocmed Kalah jauuuuuh kinerja polisi nya pak https://t.co/EcPkhUP4c3,1678733938104373250,https://pbs.twimg.com/media/F0wPnrEakAExb3T.jpg,PartaiSocmed,in,,0,0,0,https://x.com/hsubhan/status/1678733938104373250,178638003,hsubhan
1678621694674735105,2023-07-11T11:35:05.000Z,0,"@txtdrimedia Klo bandingin ya soal kinerja aja dong pak, kinerja polisi luar negeri sama polisi indo pak",1678729622094073859,,txtdrimedia,in,,0,0,0,https://x.com/KarLCandra/status/1678729622094073859,152113890,KarLCandra
1678616162429710336,2023-07-11T09:37:15.000Z,1,@hurryKoRn @Polrestangkab @DivHumas_Polri Klo kinerja polisi baik.. harus nya bisa ke tangkap itu..,1678699965684805632,,HurriKoRn,in,,0,0,1,https://x.com/setyobudi_250/status/1678699965684805632,1439612859395100672,setyobudi_250
1678621694674735105,2023-07-11T06:24:51.000Z,5,@txtdrimedia Rakyat bandingkan kinerja Polisi di Jepang sangat mengayomi dan dedikasi kerjanya sangat baik,1678651547394404359,,txtdrimedia,in,,0,0,0,https://x.com/Buzzer_Maguire5/status/1678651547394404359,1706348328,Buzzer_Maguire5
1678621694674735105,2023-07-11T06:23:22.000Z,0,"@txtdrimedia Umr jepang sama indo beda jauh yaaa mending drpda banding2in hal kyk gitu harusnya liat aja kinerja polisi2 jepang kyk gmna coba di contoh di perbaiki lagi sistem kinerja polisi Indonesi,  jangan cuma uang nya aja yg di liat",1678651176135585793,,txtdrimedia,in,,0,0,0,https://x.com/gemiow_/status/1678651176135585793,1396514110192250885,gemiow_
1678621694674735105,2023-07-11T06:16:15.000Z,0,"@txtdrimedia Coba coba gini ehhehe
""Masyarakat membandingkan dengan kinerja polisi Jepang""",1678649382755860480,,txtdrimedia,in,,0,0,0,https://x.com/baeqim/status/1678649382755860480,1080348591602905088,baeqim
1678621694674735105,2023-07-11T06:01:20.000Z,6,"@txtdrimedia Minimal klo mau compare dgn jepang, kalian intropeksi diri dulu, kalian sudah setara dgn kinerja polisi jepang apa belom ?
Faktanya belom kan, gak usah sok2an compare2in dgn jepang, kalian ngurusin kasus aja lambat bgt, nunggu viral baru di proses",1678645631336734720,,txtdrimedia,in,,0,2,0,https://x.com/BBlikeMadu/status/1678645631336734720,732320540,BBlikeMadu
1678621694674735105,2023-07-11T05:53:47.000Z,0,@txtdrimedia Harusnya Kinerja Polisi Indonesia yg harus dibandingkan dengan Polisi Jepang. Apakah lebih baik atau tidak.,1678643731522568192,,txtdrimedia,in,,0,0,0,https://x.com/hendraarshavin/status/1678643731522568192,47538151,hendraarshavin
1678621694674735105,2023-07-11T05:44:11.000Z,0,@txtdrimedia Kalo perbandingan kinerja antara polisi Indo sama Jepang gmn tuh pak pol,1678641311740510208,,txtdrimedia,in,,0,0,0,https://x.com/roronoaDzr/status/1678641311740510208,872645484963221505,roronoaDzr
1678621694674735105,2023-07-11T05:43:46.000Z,2,"@txtdrimedia Betul kalo SIM di Jepang Rp40jt.. Tapi ya inget, rakyat bisa bandingkan kinerja Polisi Jepang sama Polisi Indonesia. 
Counter rakyat lebih kuat dibanding bandingan SIM di Jepang wkwk",1678641207675609089,,txtdrimedia,in,,0,0,0,https://x.com/iyaakuale/status/1678641207675609089,1104134551918407680,iyaakuale
1678621694674735105,2023-07-11T05:26:13.000Z,0,"@txtdrimedia ""Masyarkat Indonesia membandingkan kinerja polisi Indonesia dengan polisi di Jepang "" boleh coba buat berita ini",1678636794328358912,,txtdrimedia,in,,0,0,0,https://x.com/jadiginimas/status/1678636794328358912,938535129982447616,jadiginimas
1678621694674735105,2023-07-11T05:06:45.000Z,35,@DimsumDear49638 @txtdrimedia Hrsnya ada berita “masyarakat bandingkan kinerja polisi di Jepang dengan di Indonesia”,1678631892797603843,,,in,,0,0,0,https://x.com/astrajig/status/1678631892797603843,1410250102728396807,astrajig
1678621694674735105,2023-07-11T04:51:57.000Z,1,@txtdrimedia Lu ngebandingin harga bikin SIM di JP sama ID kek terima ajh klo kinerja lu dibandingin sama kinerja polisi JP,1678628166783336450,,txtdrimedia,in,,0,0,0,https://x.com/coretanpensil2B/status/1678628166783336450,1187202293092892673,coretanpensil2B
1678625622279753728,2023-07-11T04:41:50.000Z,0,Rakyat indonesia bandingkan kinerja polisi di jepang dengan polisi di amegakure,1678625622279753728,,,in,,0,0,0,https://x.com/d_satrio7/status/1678625622279753728,1233996594611011586,d_satrio7
1678630879843811329,2023-07-11T16:13:48.000Z,1,@PartaiSocmed kalau kita bandingkan kinerja dan professionalisme nya juga gmn pak polisi ? bisa mengimbangi gak,1678799763557462021,,PartaiSocmed,in,,0,0,0,https://x.com/junichirich/status/1678799763557462021,202579164,junichirich
1678630879843811329,2023-07-11T14:56:59.000Z,0,@PartaiSocmed Coba bandingin kinerja polisi Japan sama ente dong pak 😁,1678780430835937280,,PartaiSocmed,in,,0,0,0,https://x.com/trus_gimana/status/1678780430835937280,795997160298795009,trus_gimana
1678621694674735105,2023-07-11T13:59:03.000Z,0,@txtdrimedia Kinerja ente yang harusnya dibandingin sama polisi jepang,1678765852525723649,,txtdrimedia,in,,0,0,0,https://x.com/bfast4dinner__/status/1678765852525723649,1368879578416959493,bfast4dinner__
1678621694674735105,2023-07-11T13:39:09.000Z,0,@txtdrimedia Bandingin sama yang di jepang. Kalau gitu kinerja polisi indo harus kayak polisi jepang juga dong 🥴,1678760843264282625,,txtdrimedia,in,,0,0,0,https://x.com/rinderesa/status/1678760843264282625,1003174315720785922,rinderesa
1678255725913489408,2023-07-11T12:42:06.000Z,0,"@detikcom ya bandingin UMR sana juga lah, trus bandingin kinerja polisi sana, brani ga pol?",1678746487084449792,,detikcom,in,,0,0,0,https://x.com/biangkerok/status/1678746487084449792,999280082,biangkerok
1678630879843811329,2023-07-11T11:52:14.000Z,0,@PartaiSocmed Kalah jauuuuuh kinerja polisi nya pak https://t.co/EcPkhUP4c3,1678733938104373250,https://pbs.twimg.com/media/F0wPnrEakAExb3T.jpg,PartaiSocmed,in,,0,0,0,https://x.com/hsubhan/status/1678733938104373250,178638003,hsubhan
1678621694674735105,2023-07-11T11:35:05.000Z,0,"@txtdrimedia Klo bandingin ya soal kinerja aja dong pak, kinerja polisi luar negeri sama polisi indo pak",1678729622094073859,,txtdrimedia,in,,0,0,0,https://x.com/KarLCandra/status/1678729622094073859,152113890,KarLCandra
1678616162429710336,2023-07-11T09:37:15.000Z,1,@hurryKoRn @Polrestangkab @DivHumas_Polri Klo kinerja polisi baik.. harus nya bisa ke tangkap itu..,1678699965684805632,,HurriKoRn,in,,0,0,1,https://x.com/setyobudi_250/status/1678699965684805632,1439612859395100672,setyobudi_250
1678621694674735105,2023-07-11T06:24:51.000Z,5,@txtdrimedia Rakyat bandingkan kinerja Polisi di Jepang sangat mengayomi dan dedikasi kerjanya sangat baik,1678651547394404359,,txtdrimedia,in,,0,0,0,https://x.com/Buzzer_Maguire5/status/1678651547394404359,1706348328,Buzzer_Maguire5
1678621694674735105,2023-07-11T06:23:22.000Z,0,"@txtdrimedia Umr jepang sama indo beda jauh yaaa mending drpda banding2in hal kyk gitu harusnya liat aja kinerja polisi2 jepang kyk gmna coba di contoh di perbaiki lagi sistem kinerja polisi Indonesi,  jangan cuma uang nya aja yg di liat",1678651176135585793,,txtdrimedia,in,,0,0,0,https://x.com/gemiow_/status/1678651176135585793,1396514110192250885,gemiow_
1678621694674735105,2023-07-11T06:16:15.000Z,0,"@txtdrimedia Coba coba gini ehhehe
""Masyarakat membandingkan dengan kinerja polisi Jepang""",1678649382755860480,,txtdrimedia,in,,0,0,0,https://x.com/baeqim/status/1678649382755860480,1080348591602905088,baeqim
1678621694674735105,2023-07-11T06:01:20.000Z,6,"@txtdrimedia Minimal klo mau compare dgn jepang, kalian intropeksi diri dulu, kalian sudah setara dgn kinerja polisi jepang apa belom ?
Faktanya belom kan, gak usah sok2an compare2in dgn jepang, kalian ngurusin kasus aja lambat bgt, nunggu viral baru di proses",1678645631336734720,,txtdrimedia,in,,0,2,0,https://x.com/BBlikeMadu/status/1678645631336734720,732320540,BBlikeMadu
1678621694674735105,2023-07-11T05:53:47.000Z,0,@txtdrimedia Harusnya Kinerja Polisi Indonesia yg harus dibandingkan dengan Polisi Jepang. Apakah lebih baik atau tidak.,1678643731522568192,,txtdrimedia,in,,0,0,0,https://x.com/hendraarshavin/status/1678643731522568192,47538151,hendraarshavin
1678621694674735105,2023-07-11T05:44:11.000Z,0,@txtdrimedia Kalo perbandingan kinerja antara polisi Indo sama Jepang gmn tuh pak pol,1678641311740510208,,txtdrimedia,in,,0,0,0,https://x.com/roronoaDzr/status/1678641311740510208,872645484963221505,roronoaDzr
1678621694674735105,2023-07-11T05:43:46.000Z,2,"@txtdrimedia Betul kalo SIM di Jepang Rp40jt.. Tapi ya inget, rakyat bisa bandingkan kinerja Polisi Jepang sama Polisi Indonesia. 
Counter rakyat lebih kuat dibanding bandingan SIM di Jepang wkwk",1678641207675609089,,txtdrimedia,in,,0,0,0,https://x.com/iyaakuale/status/1678641207675609089,1104134551918407680,iyaakuale
1678621694674735105,2023-07-11T05:26:13.000Z,0,"@txtdrimedia ""Masyarkat Indonesia membandingkan kinerja polisi Indonesia dengan polisi di Jepang "" boleh coba buat berita ini",1678636794328358912,,txtdrimedia,in,,0,0,0,https://x.com/jadiginimas/status/1678636794328358912,938535129982447616,jadiginimas
1678621694674735105,2023-07-11T05:06:45.000Z,35,@DimsumDear49638 @txtdrimedia Hrsnya ada berita “masyarakat bandingkan kinerja polisi di Jepang dengan di Indonesia”,1678631892797603843,,,in,,0,0,0,https://x.com/astrajig/status/1678631892797603843,1410250102728396807,astrajig
1678621694674735105,2023-07-11T04:51:57.000Z,1,@txtdrimedia Lu ngebandingin harga bikin SIM di JP sama ID kek terima ajh klo kinerja lu dibandingin sama kinerja polisi JP,1678628166783336450,,txtdrimedia,in,,0,0,0,https://x.com/coretanpensil2B/status/1678628166783336450,1187202293092892673,coretanpensil2B
1678625622279753728,2023-07-11T04:41:50.000Z,0,Rakyat indonesia bandingkan kinerja polisi di jepang dengan polisi di amegakure,1678625622279753728,,,in,,0,0,0,https://x.com/d_satrio7/status/1678625622279753728,1233996594611011586,d_satrio7
1678630879843811329,2023-07-11T16:13:48.000Z,1,@PartaiSocmed kalau kita bandingkan kinerja dan professionalisme nya juga gmn pak polisi ? bisa mengimbangi gak,1678799763557462021,,PartaiSocmed,in,,0,0,0,https://x.com/junichirich/status/1678799763557462021,202579164,junichirich
1678630879843811329,2023-07-11T14:56:59.000Z,0,@PartaiSocmed Coba bandingin kinerja polisi Japan sama ente dong pak 😁,1678780430835937280,,PartaiSocmed,in,,0,0,0,https://x.com/trus_gimana/status/1678780430835937280,795997160298795009,trus_gimana
1678621694674735105,2023-07-11T13:59:03.000Z,0,@txtdrimedia Kinerja ente yang harusnya dibandingin sama polisi jepang,1678765852525723649,,txtdrimedia,in,,0,0,0,https://x.com/bfast4dinner__/status/1678765852525723649,1368879578416959493,bfast4dinner__
1678621694674735105,2023-07-11T13:39:09.000Z,0,@txtdrimedia Bandingin sama yang di jepang. Kalau gitu kinerja polisi indo harus kayak polisi jepang juga dong 🥴,1678760843264282625,,txtdrimedia,in,,0,0,0,https://x.com/rinderesa/status/1678760843264282625,1003174315720785922,rinderesa
1678255725913489408,2023-07-11T12:42:06.000Z,0,"@detikcom ya bandingin UMR sana juga lah, trus bandingin kinerja polisi sana, brani ga pol?",1678746487084449792,,detikcom,in,,0,0,0,https://x.com/biangkerok/status/1678746487084449792,999280082,biangkerok
1678630879843811329,2023-07-11T11:52:14.000Z,0,@PartaiSocmed Kalah jauuuuuh kinerja polisi nya pak https://t.co/EcPkhUP4c3,1678733938104373250,https://pbs.twimg.com/media/F0wPnrEakAExb3T.jpg,PartaiSocmed,in,,0,0,0,https://x.com/hsubhan/status/1678733938104373250,178638003,hsubhan
1678621694674735105,2023-07-11T11:35:05.000Z,0,"@txtdrimedia Klo bandingin ya soal kinerja aja dong pak, kinerja polisi luar negeri sama polisi indo pak",1678729622094073859,,txtdrimedia,in,,0,0,0,https://x.com/KarLCandra/status/1678729622094073859,152113890,KarLCandra
1678616162429710336,2023-07-11T09:37:15.000Z,1,@hurryKoRn @Polrestangkab @DivHumas_Polri Klo kinerja polisi baik.. harus nya bisa ke tangkap itu..,1678699965684805632,,HurriKoRn,in,,0,0,1,https://x.com/setyobudi_250/status/1678699965684805632,1439612859395100672,setyobudi_250
1678621694674735105,2023-07-11T06:24:51.000Z,5,@txtdrimedia Rakyat bandingkan kinerja Polisi di Jepang sangat mengayomi dan dedikasi kerjanya sangat baik,1678651547394404359,,txtdrimedia,in,,0,0,0,https://x.com/Buzzer_Maguire5/status/1678651547394404359,1706348328,Buzzer_Maguire5
1678621694674735105,2023-07-11T06:23:22.000Z,0,"@txtdrimedia Umr jepang sama indo beda jauh yaaa mending drpda banding2in hal kyk gitu harusnya liat aja kinerja polisi2 jepang kyk gmna coba di contoh di perbaiki lagi sistem kinerja polisi Indonesi,  jangan cuma uang nya aja yg di liat",1678651176135585793,,txtdrimedia,in,,0,0,0,https://x.com/gemiow_/status/1678651176135585793,1396514110192250885,gemiow_
1678621694674735105,2023-07-11T06:16:15.000Z,0,"@txtdrimedia Coba coba gini ehhehe
""Masyarakat membandingkan dengan kinerja polisi Jepang""",1678649382755860480,,txtdrimedia,in,,0,0,0,https://x.com/baeqim/status/1678649382755860480,1080348591602905088,baeqim
1678621694674735105,2023-07-11T06:01:20.000Z,6,"@txtdrimedia Minimal klo mau compare dgn jepang, kalian intropeksi diri dulu, kalian sudah setara dgn kinerja polisi jepang apa belom ?
Faktanya belom kan, gak usah sok2an compare2in dgn jepang, kalian ngurusin kasus aja lambat bgt, nunggu viral baru di proses",1678645631336734720,,txtdrimedia,in,,0,2,0,https://x.com/BBlikeMadu/status/1678645631336734720,732320540,BBlikeMadu
1678621694674735105,2023-07-11T05:53:47.000Z,0,@txtdrimedia Harusnya Kinerja Polisi Indonesia yg harus dibandingkan dengan Polisi Jepang. Apakah lebih baik atau tidak.,1678643731522568192,,txtdrimedia,in,,0,0,0,https://x.com/hendraarshavin/status/1678643731522568192,47538151,hendraarshavin
1678621694674735105,2023-07-11T05:44:11.000Z,0,@txtdrimedia Kalo perbandingan kinerja antara polisi Indo sama Jepang gmn tuh pak pol,1678641311740510208,,txtdrimedia,in,,0,0,0,https://x.com/roronoaDzr/status/1678641311740510208,872645484963221505,roronoaDzr
1678621694674735105,2023-07-11T05:43:46.000Z,2,"@txtdrimedia Betul kalo SIM di Jepang Rp40jt.. Tapi ya inget, rakyat bisa bandingkan kinerja Polisi Jepang sama Polisi Indonesia. 
Counter rakyat lebih kuat dibanding bandingan SIM di Jepang wkwk",1678641207675609089,,txtdrimedia,in,,0,0,0,https://x.com/iyaakuale/status/1678641207675609089,1104134551918407680,iyaakuale
1678621694674735105,2023-07-11T05:26:13.000Z,0,"@txtdrimedia ""Masyarkat Indonesia membandingkan kinerja polisi Indonesia dengan polisi di Jepang "" boleh coba buat berita ini",1678636794328358912,,txtdrimedia,in,,0,0,0,https://x.com/jadiginimas/status/1678636794328358912,938535129982447616,jadiginimas
1678621694674735105,2023-07-11T05:06:45.000Z,35,@DimsumDear49638 @txtdrimedia Hrsnya ada berita “masyarakat bandingkan kinerja polisi di Jepang dengan di Indonesia”,1678631892797603843,,,in,,0,0,0,https://x.com/astrajig/status/1678631892797603843,1410250102728396807,astrajig
1678621694674735105,2023-07-11T04:51:57.000Z,1,@txtdrimedia Lu ngebandingin harga bikin SIM di JP sama ID kek terima ajh klo kinerja lu dibandingin sama kinerja polisi JP,1678628166783336450,,txtdrimedia,in,,0,0,0,https://x.com/coretanpensil2B/status/1678628166783336450,1187202293092892673,coretanpensil2B
1678625622279753728,2023-07-11T04:41:50.000Z,0,Rakyat indonesia bandingkan kinerja polisi di jepang dengan polisi di amegakure,1678625622279753728,,,in,,0,0,0,https://x.com/d_satrio7/status/1678625622279753728,1233996594611011586,d_satrio7
1678630879843811329,2023-07-11T16:13:48.000Z,1,@PartaiSocmed kalau kita bandingkan kinerja dan professionalisme nya juga gmn pak polisi ? bisa mengimbangi gak,1678799763557462021,,PartaiSocmed,in,,0,0,0,https://x.com/junichirich/status/1678799763557462021,202579164,junichirich
1678630879843811329,2023-07-11T14:56:59.000Z,0,@PartaiSocmed Coba bandingin kinerja polisi Japan sama ente dong pak 😁,1678780430835937280,,PartaiSocmed,in,,0,0,0,https://x.com/trus_gimana/status/1678780430835937280,795997160298795009,trus_gimana
1678621694674735105,2023-07-11T13:59:03.000Z,0,@txtdrimedia Kinerja ente yang harusnya dibandingin sama polisi jepang,1678765852525723649,,txtdrimedia,in,,0,0,0,https://x.com/bfast4dinner__/status/1678765852525723649,1368879578416959493,bfast4dinner__
1678621694674735105,2023-07-11T13:39:09.000Z,0,@txtdrimedia Bandingin sama yang di jepang. Kalau gitu kinerja polisi indo harus kayak polisi jepang juga dong 🥴,1678760843264282625,,txtdrimedia,in,,0,0,0,https://x.com/rinderesa/status/1678760843264282625,1003174315720785922,rinderesa
1678255725913489408,2023-07-11T12:42:06.000Z,0,"@detikcom ya bandingin UMR sana juga lah, trus bandingin kinerja polisi sana, brani ga pol?",1678746487084449792,,detikcom,in,,0,0,0,https://x.com/biangkerok/status/1678746487084449792,999280082,biangkerok
1678630879843811329,2023-07-11T11:52:14.000Z,0,@PartaiSocmed Kalah jauuuuuh kinerja polisi nya pak https://t.co/EcPkhUP4c3,1678733938104373250,https://pbs.twimg.com/media/F0wPnrEakAExb3T.jpg,PartaiSocmed,in,,0,0,0,https://x.com/hsubhan/status/1678733938104373250,178638003,hsubhan
1678621694674735105,2023-07-11T11:35:05.000Z,0,"@txtdrimedia Klo bandingin ya soal kinerja aja dong pak, kinerja polisi luar negeri sama polisi indo pak",1678729622094073859,,txtdrimedia,in,,0,0,0,https://x.com/KarLCandra/status/1678729622094073859,152113890,KarLCandra
1678616162429710336,2023-07-11T09:37:15.000Z,1,@hurryKoRn @Polrestangkab @DivHumas_Polri Klo kinerja polisi baik.. harus nya bisa ke tangkap itu..,1678699965684805632,,HurriKoRn,in,,0,0,1,https://x.com/setyobudi_250/status/1678699965684805632,1439612859395100672,setyobudi_250
1678621694674735105,2023-07-11T06:24:51.000Z,5,@txtdrimedia Rakyat bandingkan kinerja Polisi di Jepang sangat mengayomi dan dedikasi kerjanya sangat baik,1678651547394404359,,txtdrimedia,in,,0,0,0,https://x.com/Buzzer_Maguire5/status/1678651547394404359,1706348328,Buzzer_Maguire5
1678621694674735105,2023-07-11T06:23:22.000Z,0,"@txtdrimedia Umr jepang sama indo beda jauh yaaa mending drpda banding2in hal kyk gitu harusnya liat aja kinerja polisi2 jepang kyk gmna coba di contoh di perbaiki lagi sistem kinerja polisi Indonesi,  jangan cuma uang nya aja yg di liat",1678651176135585793,,txtdrimedia,in,,0,0,0,https://x.com/gemiow_/status/1678651176135585793,1396514110192250885,gemiow_
1678621694674735105,2023-07-11T06:16:15.000Z,0,"@txtdrimedia Coba coba gini ehhehe
""Masyarakat membandingkan dengan kinerja polisi Jepang""",1678649382755860480,,txtdrimedia,in,,0,0,0,https://x.com/baeqim/status/1678649382755860480,1080348591602905088,baeqim
1678621694674735105,2023-07-11T06:01:20.000Z,6,"@txtdrimedia Minimal klo mau compare dgn jepang, kalian intropeksi diri dulu, kalian sudah setara dgn kinerja polisi jepang apa belom ?
Faktanya belom kan, gak usah sok2an compare2in dgn jepang, kalian ngurusin kasus aja lambat bgt, nunggu viral baru di proses",1678645631336734720,,txtdrimedia,in,,0,2,0,https://x.com/BBlikeMadu/status/1678645631336734720,732320540,BBlikeMadu
1678621694674735105,2023-07-11T05:53:47.000Z,0,@txtdrimedia Harusnya Kinerja Polisi Indonesia yg harus dibandingkan dengan Polisi Jepang. Apakah lebih baik atau tidak.,1678643731522568192,,txtdrimedia,in,,0,0,0,https://x.com/hendraarshavin/status/1678643731522568192,47538151,hendraarshavin
1678621694674735105,2023-07-11T05:44:11.000Z,0,@txtdrimedia Kalo perbandingan kinerja antara polisi Indo sama Jepang gmn tuh pak pol,1678641311740510208,,txtdrimedia,in,,0,0,0,https://x.com/roronoaDzr/status/1678641311740510208,872645484963221505,roronoaDzr
1678621694674735105,2023-07-11T05:43:46.000Z,2,"@txtdrimedia Betul kalo SIM di Jepang Rp40jt.. Tapi ya inget, rakyat bisa bandingkan kinerja Polisi Jepang sama Polisi Indonesia. 
Counter rakyat lebih kuat dibanding bandingan SIM di Jepang wkwk",1678641207675609089,,txtdrimedia,in,,0,0,0,https://x.com/iyaakuale/status/1678641207675609089,1104134551918407680,iyaakuale
1678621694674735105,2023-07-11T05:26:13.000Z,0,"@txtdrimedia ""Masyarkat Indonesia membandingkan kinerja polisi Indonesia dengan polisi di Jepang "" boleh coba buat berita ini",1678636794328358912,,txtdrimedia,in,,0,0,0,https://x.com/jadiginimas/status/1678636794328358912,938535129982447616,jadiginimas
1678621694674735105,2023-07-11T05:06:45.000Z,35,@DimsumDear49638 @txtdrimedia Hrsnya ada berita “masyarakat bandingkan kinerja polisi di Jepang dengan di Indonesia”,1678631892797603843,,,in,,0,0,0,https://x.com/astrajig/status/1678631892797603843,1410250102728396807,astrajig
1678621694674735105,2023-07-11T04:51:57.000Z,1,@txtdrimedia Lu ngebandingin harga bikin SIM di JP sama ID kek terima ajh klo kinerja lu dibandingin sama kinerja polisi JP,1678628166783336450,,txtdrimedia,in,,0,0,0,https://x.com/coretanpensil2B/status/1678628166783336450,1187202293092892673,coretanpensil2B
1678625622279753728,2023-07-11T04:41:50.000Z,0,Rakyat indonesia bandingkan kinerja polisi di jepang dengan polisi di amegakure,1678625622279753728,,,in,,0,0,0,https://x.com/d_satrio7/status/1678625622279753728,1233996594611011586,d_satrio7
1678630879843811329,2023-07-11T16:13:48.000Z,1,@PartaiSocmed kalau kita bandingkan kinerja dan professionalisme nya juga gmn pak polisi ? bisa mengimbangi gak,1678799763557462021,,PartaiSocmed,in,,0,0,0,https://x.com/junichirich/status/1678799763557462021,202579164,junichirich
1678630879843811329,2023-07-11T14:56:59.000Z,0,@PartaiSocmed Coba bandingin kinerja polisi Japan sama ente dong pak 😁,1678780430835937280,,PartaiSocmed,in,,0,0,0,https://x.com/trus_gimana/status/1678780430835937280,795997160298795009,trus_gimana
1678621694674735105,2023-07-11T13:59:03.000Z,0,@txtdrimedia Kinerja ente yang harusnya dibandingin sama polisi jepang,1678765852525723649,,txtdrimedia,in,,0,0,0,https://x.com/bfast4dinner__/status/1678765852525723649,1368879578416959493,bfast4dinner__
1678621694674735105,2023-07-11T13:39:09.000Z,0,@txtdrimedia Bandingin sama yang di jepang. Kalau gitu kinerja polisi indo harus kayak polisi jepang juga dong 🥴,1678760843264282625,,txtdrimedia,in,,0,0,0,https://x.com/rinderesa/status/1678760843264282625,1003174315720785922,rinderesa
1678255725913489408,2023-07-11T12:42:06.000Z,0,"@detikcom ya bandingin UMR sana juga lah, trus bandingin kinerja polisi sana, brani ga pol?",1678746487084449792,,detikcom,in,,0,0,0,https://x.com/biangkerok/status/1678746487084449792,999280082,biangkerok
1678630879843811329,2023-07-11T11:52:14.000Z,0,@PartaiSocmed Kalah jauuuuuh kinerja polisi nya pak https://t.co/EcPkhUP4c3,1678733938104373250,https://pbs.twimg.com/media/F0wPnrEakAExb3T.jpg,PartaiSocmed,in,,0,0,0,https://x.com/hsubhan/status/1678733938104373250,178638003,hsubhan
1678621694674735105,2023-07-11T11:35:05.000Z,0,"@txtdrimedia Klo bandingin ya soal kinerja aja dong pak, kinerja polisi luar negeri sama polisi indo pak",1678729622094073859,,txtdrimedia,in,,0,0,0,https://x.com/KarLCandra/status/1678729622094073859,152113890,KarLCandra
1678616162429710336,2023-07-11T09:37:15.000Z,1,@hurryKoRn @Polrestangkab @DivHumas_Polri Klo kinerja polisi baik.. harus nya bisa ke tangkap itu..,1678699965684805632,,HurriKoRn,in,,0,0,1,https://x.com/setyobudi_250/status/1678699965684805632,1439612859395100672,setyobudi_250
1678621694674735105,2023-07-11T06:24:51.000Z,5,@txtdrimedia Rakyat bandingkan kinerja Polisi di Jepang sangat mengayomi dan dedikasi kerjanya sangat baik,1678651547394404359,,txtdrimedia,in,,0,0,0,https://x.com/Buzzer_Maguire5/status/1678651547394404359,1706348328,Buzzer_Maguire5
1678621694674735105,2023-07-11T06:23:22.000Z,0,"@txtdrimedia Umr jepang sama indo beda jauh yaaa mending drpda banding2in hal kyk gitu harusnya liat aja kinerja polisi2 jepang kyk gmna coba di contoh di perbaiki lagi sistem kinerja polisi Indonesi,  jangan cuma uang nya aja yg di liat",1678651176135585793,,txtdrimedia,in,,0,0,0,https://x.com/gemiow_/status/1678651176135585793,1396514110192250885,gemiow_
1678621694674735105,2023-07-11T06:16:15.000Z,0,"@txtdrimedia Coba coba gini ehhehe
""Masyarakat membandingkan dengan kinerja polisi Jepang""",1678649382755860480,,txtdrimedia,in,,0,0,0,https://x.com/baeqim/status/1678649382755860480,1080348591602905088,baeqim
1678621694674735105,2023-07-11T06:01:20.000Z,6,"@txtdrimedia Minimal klo mau compare dgn jepang, kalian intropeksi diri dulu, kalian sudah setara dgn kinerja polisi jepang apa belom ?
Faktanya belom kan, gak usah sok2an compare2in dgn jepang, kalian ngurusin kasus aja lambat bgt, nunggu viral baru di proses",1678645631336734720,,txtdrimedia,in,,0,2,0,https://x.com/BBlikeMadu/status/1678645631336734720,732320540,BBlikeMadu
1678621694674735105,2023-07-11T05:53:47.000Z,0,@txtdrimedia Harusnya Kinerja Polisi Indonesia yg harus dibandingkan dengan Polisi Jepang. Apakah lebih baik atau tidak.,1678643731522568192,,txtdrimedia,in,,0,0,0,https://x.com/hendraarshavin/status/1678643731522568192,47538151,hendraarshavin
1678621694674735105,2023-07-11T05:44:11.000Z,0,@txtdrimedia Kalo perbandingan kinerja antara polisi Indo sama Jepang gmn tuh pak pol,1678641311740510208,,txtdrimedia,in,,0,0,0,https://x.com/roronoaDzr/status/1678641311740510208,872645484963221505,roronoaDzr
1678621694674735105,2023-07-11T05:43:46.000Z,2,"@txtdrimedia Betul kalo SIM di Jepang Rp40jt.. Tapi ya inget, rakyat bisa bandingkan kinerja Polisi Jepang sama Polisi Indonesia. 
Counter rakyat lebih kuat dibanding bandingan SIM di Jepang wkwk",1678641207675609089,,txtdrimedia,in,,0,0,0,https://x.com/iyaakuale/status/1678641207675609089,1104134551918407680,iyaakuale
1678621694674735105,2023-07-11T05:26:13.000Z,0,"@txtdrimedia ""Masyarkat Indonesia membandingkan kinerja polisi Indonesia dengan polisi di Jepang "" boleh coba buat berita ini",1678636794328358912,,txtdrimedia,in,,0,0,0,https://x.com/jadiginimas/status/1678636794328358912,938535129982447616,jadiginimas
1678621694674735105,2023-07-11T05:06:45.000Z,35,@DimsumDear49638 @txtdrimedia Hrsnya ada berita “masyarakat bandingkan kinerja polisi di Jepang dengan di Indonesia”,1678631892797603843,,,in,,0,0,0,https://x.com/astrajig/status/1678631892797603843,1410250102728396807,astrajig
1678621694674735105,2023-07-11T04:51:57.000Z,1,@txtdrimedia Lu ngebandingin harga bikin SIM di JP sama ID kek terima ajh klo kinerja lu dibandingin sama kinerja polisi JP,1678628166783336450,,txtdrimedia,in,,0,0,0,https://x.com/coretanpensil2B/status/1678628166783336450,1187202293092892673,coretanpensil2B
1678625622279753728,2023-07-11T04:41:50.000Z,0,Rakyat indonesia bandingkan kinerja polisi di jepang dengan polisi di amegakure,1678625622279753728,,,in,,0,0,0,https://x.com/d_satrio7/status/1678625622279753728,1233996594611011586,d_satrio7
1679866705093484545,2023-07-14T23:22:31.000Z,0,"@mazzini_gsp @DivHumas_Polri @ListyoSigitP makin bangga sama kinerja polisi Indonesia, patut di apresiasi.",1679994817483513856,,mazzini_gsp,in,,0,0,0,https://x.com/kamarcetak/status/1679994817483513856,1427673906626764801,kamarcetak
1679733396854165504,2023-07-14T15:20:31.000Z,0,@YessiSamosir @mazzini_gsp @Poldametrojaya_ @DivHumas_Polri @tanyakanrl Kadang suka istighfar sama kinerja polisi,1679873516206952449,,YessiSamosir,in,,0,0,0,https://x.com/tetehtya/status/1679873516206952449,241964502,tetehtya
1679856290825404416,2023-07-14T14:12:04.000Z,2,"Selamat untuk semua peraih #HoegengAwards2023

Semoga menjadi panutan dan semangat buat polisi lainnya, kinerja yang baik dan jujur dapatkan apresiasi positif dari masyarakat https://t.co/vlRERNcrLF",1679856290825404416,https://pbs.twimg.com/media/F1AMY4LaAAAQzV5.jpg,,in,,6,1,2,https://x.com/Desty007/status/1679856290825404416,155161935,Desty007
1679833256672505856,2023-07-14T13:16:24.000Z,0,@niaharyanto Keren ya ada penghargaan juga buat polisi biar semakin semangat kinerja lebih baik lagi kalo dihargai #HoegengAwards2023,1679842283389325314,,niaharyanto,in,,0,1,0,https://x.com/vinaferd/status/1679842283389325314,148985128,vinaferd
1679826825370030081,2023-07-14T12:14:59.000Z,0,Gak viral gak di gubris.... Mana kinerja polisi.? Katanya pengayom masyarakat. Mana? Mana? Bukti? Bukan hanya omdong!,1679826825370030081,,,in,,0,0,0,https://x.com/Irwanlutfiabdu1/status/1679826825370030081,1208029564665905152,Irwanlutfiabdu1
1679826260552462339,2023-07-14T12:12:44.000Z,5,#HoegengAwards2023 merupakan bentuk apresiasi terhadap kinerja polisi yang memegang teguh kejujuran saat melaksanakan tugas,1679826260552462339,,,in,,1,1,0,https://x.com/Desty007/status/1679826260552462339,155161935,Desty007
1679678409599864832,2023-07-14T11:03:36.000Z,1,@tanyarlfes itulah mengapa polisi selalu menjadi opsi terakhir.. kadang aku bingun survei kepercayaan kepada polri itu  kok bisa tinggi yah .. sejauh ini orang sekitar lingukan saya gak pernah percaya dan tidak puas dengan kinerja polri .. itu survey kok bisa tinggi ?,1679808859383414784,,tanyarlfes,in,,0,0,0,https://x.com/ad161093/status/1679808859383414784,1431016072547770370,ad161093
1679424861750591488,2023-07-14T08:27:20.000Z,0,@bengkeldodo @Heraloebss @ListyoSigitP Tingkat kepuasan terhadap kinerja kepolisian 70% ingat bisa naik lagi gak usah ngeyel. Kalo polisi ngomong begitu ya begitu,1679769534880944128,,bengkeldodo,in,,0,0,0,https://x.com/DanielW53256126/status/1679769534880944128,1313648393621663744,DanielW53256126
1679747808277172224,2023-07-14T07:01:00.000Z,10,"Pak Ganjar pilihan tepat untuk meneruskan kinerja Pak Jokowi, Kerja Nyata 👍♥️
.
namjoon | HAPPY ENDING | Hannah | MVnya | Siang | Selamat Ulang Tahun | KDRT | Kakashi | THE THUMBNAIL | OPEN PO | Official MV | Gojo | JumatBerkah | Thailand | Polisi | SMTOWN | gara gara timezone https://t.co/GQe8FXkshg",1679747808277172224,https://pbs.twimg.com/ext_tw_video_thumb/1679747734658781185/pu/img/-i_2udzeXAKacbxm.jpg,,in,,0,1,7,https://x.com/nenganggi_id/status/1679747808277172224,1571697137611845632,nenganggi_id
1679660223034957825,2023-07-14T06:56:58.000Z,0,"@Pai_C1 Serius nanya kalean beneran kerjanya kek gini doang @DivHumas_Polri ?gak ada niat memperbaiki kinerja gitu biar enak dipandang,,yg bisa bikin kita2 tuh bangga gitu punya polisi yg wahh kerjanya tuh bener2 kerja gitu.",1679746793872171008,,Pai_C1,in,,0,0,0,https://x.com/MujiatiYuli/status/1679746793872171008,1268688514385735681,MujiatiYuli
1679739743322652672,2023-07-14T06:28:57.000Z,0,Golkar Bantah Kinerja Airlangga Hartarto  Sebagai Ketum Buruk https://t.co/vM0kNjKyNw . #airlanggacenter (Harun Masiku masuk Amazon Prime karena Polisi jadinya HAPPY ENDING),1679739743322652672,,,in,,0,0,0,https://x.com/LKIDKIJakarta/status/1679739743322652672,1597107368416120832,LKIDKIJakarta
1679694594458681345,2023-07-14T06:17:16.000Z,0,@Heraloebss @KhodamNaruto Hah polisi gimana sih? Kekerasan ampe babak belur begitu disebut kekrasan ringan?? Wahhh ini masyarakat bakalan trust issue sama kinerja polisi. Makin yakin gw kalo mau jd polisi min harus lulus S1 hukum dulu,1679736801861439489,,Heraloebss,in,,0,0,0,https://x.com/yorskyy/status/1679736801861439489,1188252959450136576,yorskyy
1679660223034957825,2023-07-14T04:22:39.000Z,6,@kamumaunya_apa @precuvm @Pai_C1 @DivHumas_Polri Oke kembali ke konteks. COBA ANDA BAYANGKAN. Dateng ke polisi dengan harapan meminta perlindungan membuat laporan secara baik-baik malah berakhir kaya kasus diatas. Kalimat kritik tsb muncul karena kinerja instansi yang memang sudah sangat dipertanyakan masyarakat,1679707958622691328,,pejantanapi,in,,0,1,0,https://x.com/MayBiCorpse/status/1679707958622691328,1230855498494283778,MayBiCorpse
1679651584010256385,2023-07-14T00:56:32.000Z,1,@Irwan2yah1 Luar biasa  kinerja polisi yg membebaskan iyekan @ListyoSigitP @DivHumas_Polri ?,1679656086956294144,,Irwan2yah1,in,,0,0,0,https://x.com/pribumiaslie/status/1679656086956294144,1642905190973210631,pribumiaslie
1679469140162265089,2023-07-13T12:33:40.000Z,8,Apa mslhnya klo begal² jalanan ini ditembak di tempat sbgmn dilakukan polisi di negara² lain? Apkh mrk yg mempermasalahkan pinginnya masyarakat dicekam ketakutan setiap saat? Atau agar kinerja polisi tampak buruk di mata rakyat akbt dilarang nembak mati begal? Apa gitu mikirnya?,1679469140162265089,,,in,,0,3,1,https://x.com/rizieqdivist/status/1679469140162265089,453931027,rizieqdivist
1679453619832365062,2023-07-13T11:43:08.000Z,0,"@PandekaHarimau Gak ada hubungan kemunculan begal dengan kinerja polisi

Faktor kegagalan ortu dan ketidakmampuan masyarakat membela diri yg bikin begal berani muncul",1679456421417738240,,rama_rimau,in,,0,0,0,https://x.com/TTermada/status/1679456421417738240,1344228600002723840,TTermada
1679346826514927616,2023-07-13T04:27:38.000Z,6,"Ketua Panja Mafia Tanah DPR RI, Junimart Girsang, mendesak Kapolri untuk mengevaluasi kinerja polisi Riau dalam konflik agraria dengan PT DSI dan merespons laporan pencurian buah kelapa sawit.
#Komisi2
#PanjaMafiaTanah https://t.co/zPP157EgTh",1679346826514927616,https://pbs.twimg.com/media/F049CIAaQAEnnoz.jpg,,in,,0,1,8,https://x.com/_CayoPerico/status/1679346826514927616,1401542802,_CayoPerico
1679096264481226752,2023-07-13T03:49:24.000Z,0,"@0xunused Lah masa polisi asal main dor aja ..kan ada namanya Laporan beserta bukti/saksi, sekarang kinerja polisi lagi dipantau netijen gk bs main dor der dur lg sprti zaman orde lama",1679337203414204417,,0xredactedx0,in,,0,0,0,https://x.com/hankypuji/status/1679337203414204417,151481572,hankypuji
1679072987532910593,2023-07-13T00:52:46.000Z,0,"@korantempo Sebenarnya ini soal kinerja polisi, kenapa gk pernah disorot",1679292753971392512,,Tempo_Plus,in,,0,0,0,https://x.com/adiwij8/status/1679292753971392512,1503265440562577408,adiwij8
1679285767456305157,2023-07-13T00:31:45.000Z,1,@tanyakanrl Ada. Sederhana. Lewat Pemerintah yang mengoptimalkan kinerja Polisi Siber. Nanti bikin algoritma internet di mana akan memunculkan akun yang mengeluarkan kata-kata pelecehan terus si pemilik akun dicari sampai ke rumahnya lewat device dia. Hehehehheehehhe,1679287465113444352,,tanyakanrl,in,,0,2,0,https://x.com/antartikxa/status/1679287465113444352,1525285628685918208,antartikxa
1679866705093484545,2023-07-14T23:22:31.000Z,0,"@mazzini_gsp @DivHumas_Polri @ListyoSigitP makin bangga sama kinerja polisi Indonesia, patut di apresiasi.",1679994817483513856,,mazzini_gsp,in,,0,0,0,https://x.com/kamarcetak/status/1679994817483513856,1427673906626764801,kamarcetak
1679733396854165504,2023-07-14T15:20:31.000Z,0,@YessiSamosir @mazzini_gsp @Poldametrojaya_ @DivHumas_Polri @tanyakanrl Kadang suka istighfar sama kinerja polisi,1679873516206952449,,YessiSamosir,in,,0,0,0,https://x.com/tetehtya/status/1679873516206952449,241964502,tetehtya
1679856290825404416,2023-07-14T14:12:04.000Z,2,"Selamat untuk semua peraih #HoegengAwards2023

Semoga menjadi panutan dan semangat buat polisi lainnya, kinerja yang baik dan jujur dapatkan apresiasi positif dari masyarakat https://t.co/vlRERNcrLF",1679856290825404416,https://pbs.twimg.com/media/F1AMY4LaAAAQzV5.jpg,,in,,6,1,2,https://x.com/Desty007/status/1679856290825404416,155161935,Desty007
1679833256672505856,2023-07-14T13:16:24.000Z,0,@niaharyanto Keren ya ada penghargaan juga buat polisi biar semakin semangat kinerja lebih baik lagi kalo dihargai #HoegengAwards2023,1679842283389325314,,niaharyanto,in,,0,1,0,https://x.com/vinaferd/status/1679842283389325314,148985128,vinaferd
1679826825370030081,2023-07-14T12:14:59.000Z,0,Gak viral gak di gubris.... Mana kinerja polisi.? Katanya pengayom masyarakat. Mana? Mana? Bukti? Bukan hanya omdong!,1679826825370030081,,,in,,0,0,0,https://x.com/Irwanlutfiabdu1/status/1679826825370030081,1208029564665905152,Irwanlutfiabdu1
1679826260552462339,2023-07-14T12:12:44.000Z,5,#HoegengAwards2023 merupakan bentuk apresiasi terhadap kinerja polisi yang memegang teguh kejujuran saat melaksanakan tugas,1679826260552462339,,,in,,1,1,0,https://x.com/Desty007/status/1679826260552462339,155161935,Desty007
1679678409599864832,2023-07-14T11:03:36.000Z,1,@tanyarlfes itulah mengapa polisi selalu menjadi opsi terakhir.. kadang aku bingun survei kepercayaan kepada polri itu  kok bisa tinggi yah .. sejauh ini orang sekitar lingukan saya gak pernah percaya dan tidak puas dengan kinerja polri .. itu survey kok bisa tinggi ?,1679808859383414784,,tanyarlfes,in,,0,0,0,https://x.com/ad161093/status/1679808859383414784,1431016072547770370,ad161093
1679424861750591488,2023-07-14T08:27:20.000Z,0,@bengkeldodo @Heraloebss @ListyoSigitP Tingkat kepuasan terhadap kinerja kepolisian 70% ingat bisa naik lagi gak usah ngeyel. Kalo polisi ngomong begitu ya begitu,1679769534880944128,,bengkeldodo,in,,0,0,0,https://x.com/DanielW53256126/status/1679769534880944128,1313648393621663744,DanielW53256126
1679660223034957825,2023-07-14T06:56:58.000Z,0,"@Pai_C1 Serius nanya kalean beneran kerjanya kek gini doang @DivHumas_Polri ?gak ada niat memperbaiki kinerja gitu biar enak dipandang,,yg bisa bikin kita2 tuh bangga gitu punya polisi yg wahh kerjanya tuh bener2 kerja gitu.",1679746793872171008,,Pai_C1,in,,0,0,0,https://x.com/MujiatiYuli/status/1679746793872171008,1268688514385735681,MujiatiYuli
1679694594458681345,2023-07-14T06:17:16.000Z,0,@Heraloebss @KhodamNaruto Hah polisi gimana sih? Kekerasan ampe babak belur begitu disebut kekrasan ringan?? Wahhh ini masyarakat bakalan trust issue sama kinerja polisi. Makin yakin gw kalo mau jd polisi min harus lulus S1 hukum dulu,1679736801861439489,,Heraloebss,in,,0,0,0,https://x.com/yorskyy/status/1679736801861439489,1188252959450136576,yorskyy
1679660223034957825,2023-07-14T04:22:39.000Z,6,@kamumaunya_apa @precuvm @Pai_C1 @DivHumas_Polri Oke kembali ke konteks. COBA ANDA BAYANGKAN. Dateng ke polisi dengan harapan meminta perlindungan membuat laporan secara baik-baik malah berakhir kaya kasus diatas. Kalimat kritik tsb muncul karena kinerja instansi yang memang sudah sangat dipertanyakan masyarakat,1679707958622691328,,pejantanapi,in,,0,1,0,https://x.com/MayBiCorpse/status/1679707958622691328,1230855498494283778,MayBiCorpse
1679469140162265089,2023-07-13T12:33:40.000Z,8,Apa mslhnya klo begal² jalanan ini ditembak di tempat sbgmn dilakukan polisi di negara² lain? Apkh mrk yg mempermasalahkan pinginnya masyarakat dicekam ketakutan setiap saat? Atau agar kinerja polisi tampak buruk di mata rakyat akbt dilarang nembak mati begal? Apa gitu mikirnya?,1679469140162265089,,,in,,0,3,1,https://x.com/rizieqdivist/status/1679469140162265089,453931027,rizieqdivist
1679453619832365062,2023-07-13T11:43:08.000Z,0,"@PandekaHarimau Gak ada hubungan kemunculan begal dengan kinerja polisi

Faktor kegagalan ortu dan ketidakmampuan masyarakat membela diri yg bikin begal berani muncul",1679456421417738240,,rama_rimau,in,,0,0,0,https://x.com/TTermada/status/1679456421417738240,1344228600002723840,TTermada
1679000634509647872,2023-07-12T09:56:26.000Z,9,"@detikcom Jangan cuman SIM yang minta disamakan. Tolong samakan juga servis dan kinerja polri. Di Jepang polisi tidak pungli, tidak korupsi, berlaku baik terhadap semua warga, netral tidak memihak politik. Samain juga dong jangan cuman minta SIM disamain.",1679067182947516418,,detikcom,in,,0,0,0,https://x.com/Doni13587681/status/1679067182947516418,1110197436935335937,Doni13587681
1678993310579572736,2023-07-12T05:02:54.000Z,0,"Apresiasiku nanti saja 'pak Wali, kinerja Polisi itu bukan pada kasus² tertentu, karena masih banyak laporan Masyarakat yang tak di tangani dgn baik, saya ingat 1 kasus pembunuhan di wilayah Poltabes Medan sebagai korban Ny. Simanjuntak/ Siagian yg terbunuh di kmr tidur sendiri.",1678993310579572736,,,in,,0,0,0,https://x.com/Manohar18174642/status/1678993310579572736,1643285630380822529,Manohar18174642
1679866705093484545,2023-07-14T23:22:31.000Z,0,"@mazzini_gsp @DivHumas_Polri @ListyoSigitP makin bangga sama kinerja polisi Indonesia, patut di apresiasi.",1679994817483513856,,mazzini_gsp,in,,0,0,0,https://x.com/kamarcetak/status/1679994817483513856,1427673906626764801,kamarcetak
1679733396854165504,2023-07-14T15:20:31.000Z,0,@YessiSamosir @mazzini_gsp @Poldametrojaya_ @DivHumas_Polri @tanyakanrl Kadang suka istighfar sama kinerja polisi,1679873516206952449,,YessiSamosir,in,,0,0,0,https://x.com/tetehtya/status/1679873516206952449,241964502,tetehtya
1679856290825404416,2023-07-14T14:12:04.000Z,2,"Selamat untuk semua peraih #HoegengAwards2023

Semoga menjadi panutan dan semangat buat polisi lainnya, kinerja yang baik dan jujur dapatkan apresiasi positif dari masyarakat https://t.co/vlRERNcrLF",1679856290825404416,https://pbs.twimg.com/media/F1AMY4LaAAAQzV5.jpg,,in,,6,1,2,https://x.com/Desty007/status/1679856290825404416,155161935,Desty007
1679833256672505856,2023-07-14T13:16:24.000Z,0,@niaharyanto Keren ya ada penghargaan juga buat polisi biar semakin semangat kinerja lebih baik lagi kalo dihargai #HoegengAwards2023,1679842283389325314,,niaharyanto,in,,0,1,0,https://x.com/vinaferd/status/1679842283389325314,148985128,vinaferd
1679826825370030081,2023-07-14T12:14:59.000Z,0,Gak viral gak di gubris.... Mana kinerja polisi.? Katanya pengayom masyarakat. Mana? Mana? Bukti? Bukan hanya omdong!,1679826825370030081,,,in,,0,0,0,https://x.com/Irwanlutfiabdu1/status/1679826825370030081,1208029564665905152,Irwanlutfiabdu1
1679826260552462339,2023-07-14T12:12:44.000Z,5,#HoegengAwards2023 merupakan bentuk apresiasi terhadap kinerja polisi yang memegang teguh kejujuran saat melaksanakan tugas,1679826260552462339,,,in,,1,1,0,https://x.com/Desty007/status/1679826260552462339,155161935,Desty007
1679678409599864832,2023-07-14T11:03:36.000Z,1,@tanyarlfes itulah mengapa polisi selalu menjadi opsi terakhir.. kadang aku bingun survei kepercayaan kepada polri itu  kok bisa tinggi yah .. sejauh ini orang sekitar lingukan saya gak pernah percaya dan tidak puas dengan kinerja polri .. itu survey kok bisa tinggi ?,1679808859383414784,,tanyarlfes,in,,0,0,0,https://x.com/ad161093/status/1679808859383414784,1431016072547770370,ad161093
1679424861750591488,2023-07-14T08:27:20.000Z,0,@bengkeldodo @Heraloebss @ListyoSigitP Tingkat kepuasan terhadap kinerja kepolisian 70% ingat bisa naik lagi gak usah ngeyel. Kalo polisi ngomong begitu ya begitu,1679769534880944128,,bengkeldodo,in,,0,0,0,https://x.com/DanielW53256126/status/1679769534880944128,1313648393621663744,DanielW53256126
1679660223034957825,2023-07-14T06:56:58.000Z,0,"@Pai_C1 Serius nanya kalean beneran kerjanya kek gini doang @DivHumas_Polri ?gak ada niat memperbaiki kinerja gitu biar enak dipandang,,yg bisa bikin kita2 tuh bangga gitu punya polisi yg wahh kerjanya tuh bener2 kerja gitu.",1679746793872171008,,Pai_C1,in,,0,0,0,https://x.com/MujiatiYuli/status/1679746793872171008,1268688514385735681,MujiatiYuli
1679694594458681345,2023-07-14T06:17:16.000Z,0,@Heraloebss @KhodamNaruto Hah polisi gimana sih? Kekerasan ampe babak belur begitu disebut kekrasan ringan?? Wahhh ini masyarakat bakalan trust issue sama kinerja polisi. Makin yakin gw kalo mau jd polisi min harus lulus S1 hukum dulu,1679736801861439489,,Heraloebss,in,,0,0,0,https://x.com/yorskyy/status/1679736801861439489,1188252959450136576,yorskyy
1679660223034957825,2023-07-14T04:22:39.000Z,6,@kamumaunya_apa @precuvm @Pai_C1 @DivHumas_Polri Oke kembali ke konteks. COBA ANDA BAYANGKAN. Dateng ke polisi dengan harapan meminta perlindungan membuat laporan secara baik-baik malah berakhir kaya kasus diatas. Kalimat kritik tsb muncul karena kinerja instansi yang memang sudah sangat dipertanyakan masyarakat,1679707958622691328,,pejantanapi,in,,0,1,0,https://x.com/MayBiCorpse/status/1679707958622691328,1230855498494283778,MayBiCorpse
1679469140162265089,2023-07-13T12:33:40.000Z,8,Apa mslhnya klo begal² jalanan ini ditembak di tempat sbgmn dilakukan polisi di negara² lain? Apkh mrk yg mempermasalahkan pinginnya masyarakat dicekam ketakutan setiap saat? Atau agar kinerja polisi tampak buruk di mata rakyat akbt dilarang nembak mati begal? Apa gitu mikirnya?,1679469140162265089,,,in,,0,3,1,https://x.com/rizieqdivist/status/1679469140162265089,453931027,rizieqdivist
1679453619832365062,2023-07-13T11:43:08.000Z,0,"@PandekaHarimau Gak ada hubungan kemunculan begal dengan kinerja polisi

Faktor kegagalan ortu dan ketidakmampuan masyarakat membela diri yg bikin begal berani muncul",1679456421417738240,,rama_rimau,in,,0,0,0,https://x.com/TTermada/status/1679456421417738240,1344228600002723840,TTermada
1679300774936072193,2023-07-13T09:07:45.000Z,1,"@kisbet_ Kalo daerah itu gak aman, berarti peran polisi yg hilang . Ini bukannya tuntut untuk melakukan kinerja lebih baik, malah dikasih wewenang lebih jauh lagi.

Kurang banyak apa sejarah tentang penghukuman tanpa peradilan.",1679417316700983297,,kisbet_,in,,0,1,0,https://x.com/beastlyfang/status/1679417316700983297,878980225870176256,beastlyfang
1679395573148037120,2023-07-13T07:41:20.000Z,0,"Polsek Pengadegan menerima kunjungan Tim Audit Kinerja dari Polres Purbalingga dan melakukan pemeriksaan di masing-masung Unit dan Seksi. Kamis (13/07/2023)

#polrespurbalingga
#humaspolrespurbalingga
#polisi_indonesia
#polisirepublikindonesia
#polisiindonesia https://t.co/0mVTtfA7qG",1679395573148037120,https://pbs.twimg.com/media/F05pW9EaMAElSSD.jpg,,in,,0,0,0,https://x.com/polsek_pgd/status/1679395573148037120,1421667574794788866,polsek_pgd
1679866705093484545,2023-07-14T23:22:31.000Z,0,"@mazzini_gsp @DivHumas_Polri @ListyoSigitP makin bangga sama kinerja polisi Indonesia, patut di apresiasi.",1679994817483513856,,mazzini_gsp,in,,0,0,0,https://x.com/kamarcetak/status/1679994817483513856,1427673906626764801,kamarcetak
1679733396854165504,2023-07-14T15:20:31.000Z,0,@YessiSamosir @mazzini_gsp @Poldametrojaya_ @DivHumas_Polri @tanyakanrl Kadang suka istighfar sama kinerja polisi,1679873516206952449,,YessiSamosir,in,,0,0,0,https://x.com/tetehtya/status/1679873516206952449,241964502,tetehtya
1679856290825404416,2023-07-14T14:12:04.000Z,2,"Selamat untuk semua peraih #HoegengAwards2023

Semoga menjadi panutan dan semangat buat polisi lainnya, kinerja yang baik dan jujur dapatkan apresiasi positif dari masyarakat https://t.co/vlRERNcrLF",1679856290825404416,https://pbs.twimg.com/media/F1AMY4LaAAAQzV5.jpg,,in,,6,1,2,https://x.com/Desty007/status/1679856290825404416,155161935,Desty007
1679833256672505856,2023-07-14T13:16:24.000Z,0,@niaharyanto Keren ya ada penghargaan juga buat polisi biar semakin semangat kinerja lebih baik lagi kalo dihargai #HoegengAwards2023,1679842283389325314,,niaharyanto,in,,0,1,0,https://x.com/vinaferd/status/1679842283389325314,148985128,vinaferd
1679826825370030081,2023-07-14T12:14:59.000Z,0,Gak viral gak di gubris.... Mana kinerja polisi.? Katanya pengayom masyarakat. Mana? Mana? Bukti? Bukan hanya omdong!,1679826825370030081,,,in,,0,0,0,https://x.com/Irwanlutfiabdu1/status/1679826825370030081,1208029564665905152,Irwanlutfiabdu1
1679826260552462339,2023-07-14T12:12:44.000Z,5,#HoegengAwards2023 merupakan bentuk apresiasi terhadap kinerja polisi yang memegang teguh kejujuran saat melaksanakan tugas,1679826260552462339,,,in,,1,1,0,https://x.com/Desty007/status/1679826260552462339,155161935,Desty007
1679678409599864832,2023-07-14T11:03:36.000Z,1,@tanyarlfes itulah mengapa polisi selalu menjadi opsi terakhir.. kadang aku bingun survei kepercayaan kepada polri itu  kok bisa tinggi yah .. sejauh ini orang sekitar lingukan saya gak pernah percaya dan tidak puas dengan kinerja polri .. itu survey kok bisa tinggi ?,1679808859383414784,,tanyarlfes,in,,0,0,0,https://x.com/ad161093/status/1679808859383414784,1431016072547770370,ad161093
1679424861750591488,2023-07-14T08:27:20.000Z,0,@bengkeldodo @Heraloebss @ListyoSigitP Tingkat kepuasan terhadap kinerja kepolisian 70% ingat bisa naik lagi gak usah ngeyel. Kalo polisi ngomong begitu ya begitu,1679769534880944128,,bengkeldodo,in,,0,0,0,https://x.com/DanielW53256126/status/1679769534880944128,1313648393621663744,DanielW53256126
1679660223034957825,2023-07-14T06:56:58.000Z,0,"@Pai_C1 Serius nanya kalean beneran kerjanya kek gini doang @DivHumas_Polri ?gak ada niat memperbaiki kinerja gitu biar enak dipandang,,yg bisa bikin kita2 tuh bangga gitu punya polisi yg wahh kerjanya tuh bener2 kerja gitu.",1679746793872171008,,Pai_C1,in,,0,0,0,https://x.com/MujiatiYuli/status/1679746793872171008,1268688514385735681,MujiatiYuli
1679694594458681345,2023-07-14T06:17:16.000Z,0,@Heraloebss @KhodamNaruto Hah polisi gimana sih? Kekerasan ampe babak belur begitu disebut kekrasan ringan?? Wahhh ini masyarakat bakalan trust issue sama kinerja polisi. Makin yakin gw kalo mau jd polisi min harus lulus S1 hukum dulu,1679736801861439489,,Heraloebss,in,,0,0,0,https://x.com/yorskyy/status/1679736801861439489,1188252959450136576,yorskyy
1679660223034957825,2023-07-14T04:22:39.000Z,6,@kamumaunya_apa @precuvm @Pai_C1 @DivHumas_Polri Oke kembali ke konteks. COBA ANDA BAYANGKAN. Dateng ke polisi dengan harapan meminta perlindungan membuat laporan secara baik-baik malah berakhir kaya kasus diatas. Kalimat kritik tsb muncul karena kinerja instansi yang memang sudah sangat dipertanyakan masyarakat,1679707958622691328,,pejantanapi,in,,0,1,0,https://x.com/MayBiCorpse/status/1679707958622691328,1230855498494283778,MayBiCorpse
1679469140162265089,2023-07-13T12:33:40.000Z,8,Apa mslhnya klo begal² jalanan ini ditembak di tempat sbgmn dilakukan polisi di negara² lain? Apkh mrk yg mempermasalahkan pinginnya masyarakat dicekam ketakutan setiap saat? Atau agar kinerja polisi tampak buruk di mata rakyat akbt dilarang nembak mati begal? Apa gitu mikirnya?,1679469140162265089,,,in,,0,3,1,https://x.com/rizieqdivist/status/1679469140162265089,453931027,rizieqdivist
1679453619832365062,2023-07-13T11:43:08.000Z,0,"@PandekaHarimau Gak ada hubungan kemunculan begal dengan kinerja polisi

Faktor kegagalan ortu dan ketidakmampuan masyarakat membela diri yg bikin begal berani muncul",1679456421417738240,,rama_rimau,in,,0,0,0,https://x.com/TTermada/status/1679456421417738240,1344228600002723840,TTermada
1679300774936072193,2023-07-13T09:07:45.000Z,1,"@kisbet_ Kalo daerah itu gak aman, berarti peran polisi yg hilang . Ini bukannya tuntut untuk melakukan kinerja lebih baik, malah dikasih wewenang lebih jauh lagi.

Kurang banyak apa sejarah tentang penghukuman tanpa peradilan.",1679417316700983297,,kisbet_,in,,0,1,0,https://x.com/beastlyfang/status/1679417316700983297,878980225870176256,beastlyfang
1679395573148037120,2023-07-13T07:41:20.000Z,0,"Polsek Pengadegan menerima kunjungan Tim Audit Kinerja dari Polres Purbalingga dan melakukan pemeriksaan di masing-masung Unit dan Seksi. Kamis (13/07/2023)

#polrespurbalingga
#humaspolrespurbalingga
#polisi_indonesia
#polisirepublikindonesia
#polisiindonesia https://t.co/0mVTtfA7qG",1679395573148037120,https://pbs.twimg.com/media/F05pW9EaMAElSSD.jpg,,in,,0,0,0,https://x.com/polsek_pgd/status/1679395573148037120,1421667574794788866,polsek_pgd
1679866705093484545,2023-07-14T23:22:31.000Z,0,"@mazzini_gsp @DivHumas_Polri @ListyoSigitP makin bangga sama kinerja polisi Indonesia, patut di apresiasi.",1679994817483513856,,mazzini_gsp,in,,0,0,0,https://x.com/kamarcetak/status/1679994817483513856,1427673906626764801,kamarcetak
1679733396854165504,2023-07-14T15:20:31.000Z,0,@YessiSamosir @mazzini_gsp @Poldametrojaya_ @DivHumas_Polri @tanyakanrl Kadang suka istighfar sama kinerja polisi,1679873516206952449,,YessiSamosir,in,,0,0,0,https://x.com/tetehtya/status/1679873516206952449,241964502,tetehtya
1679856290825404416,2023-07-14T14:12:04.000Z,2,"Selamat untuk semua peraih #HoegengAwards2023

Semoga menjadi panutan dan semangat buat polisi lainnya, kinerja yang baik dan jujur dapatkan apresiasi positif dari masyarakat https://t.co/vlRERNcrLF",1679856290825404416,https://pbs.twimg.com/media/F1AMY4LaAAAQzV5.jpg,,in,,6,1,2,https://x.com/Desty007/status/1679856290825404416,155161935,Desty007
1679833256672505856,2023-07-14T13:16:24.000Z,0,@niaharyanto Keren ya ada penghargaan juga buat polisi biar semakin semangat kinerja lebih baik lagi kalo dihargai #HoegengAwards2023,1679842283389325314,,niaharyanto,in,,0,1,0,https://x.com/vinaferd/status/1679842283389325314,148985128,vinaferd
1679826825370030081,2023-07-14T12:14:59.000Z,0,Gak viral gak di gubris.... Mana kinerja polisi.? Katanya pengayom masyarakat. Mana? Mana? Bukti? Bukan hanya omdong!,1679826825370030081,,,in,,0,0,0,https://x.com/Irwanlutfiabdu1/status/1679826825370030081,1208029564665905152,Irwanlutfiabdu1
1679826260552462339,2023-07-14T12:12:44.000Z,5,#HoegengAwards2023 merupakan bentuk apresiasi terhadap kinerja polisi yang memegang teguh kejujuran saat melaksanakan tugas,1679826260552462339,,,in,,1,1,0,https://x.com/Desty007/status/1679826260552462339,155161935,Desty007
1679678409599864832,2023-07-14T11:03:36.000Z,1,@tanyarlfes itulah mengapa polisi selalu menjadi opsi terakhir.. kadang aku bingun survei kepercayaan kepada polri itu  kok bisa tinggi yah .. sejauh ini orang sekitar lingukan saya gak pernah percaya dan tidak puas dengan kinerja polri .. itu survey kok bisa tinggi ?,1679808859383414784,,tanyarlfes,in,,0,0,0,https://x.com/ad161093/status/1679808859383414784,1431016072547770370,ad161093
1679424861750591488,2023-07-14T08:27:20.000Z,0,@bengkeldodo @Heraloebss @ListyoSigitP Tingkat kepuasan terhadap kinerja kepolisian 70% ingat bisa naik lagi gak usah ngeyel. Kalo polisi ngomong begitu ya begitu,1679769534880944128,,bengkeldodo,in,,0,0,0,https://x.com/DanielW53256126/status/1679769534880944128,1313648393621663744,DanielW53256126
1679660223034957825,2023-07-14T06:56:58.000Z,0,"@Pai_C1 Serius nanya kalean beneran kerjanya kek gini doang @DivHumas_Polri ?gak ada niat memperbaiki kinerja gitu biar enak dipandang,,yg bisa bikin kita2 tuh bangga gitu punya polisi yg wahh kerjanya tuh bener2 kerja gitu.",1679746793872171008,,Pai_C1,in,,0,0,0,https://x.com/MujiatiYuli/status/1679746793872171008,1268688514385735681,MujiatiYuli
1679694594458681345,2023-07-14T06:17:16.000Z,0,@Heraloebss @KhodamNaruto Hah polisi gimana sih? Kekerasan ampe babak belur begitu disebut kekrasan ringan?? Wahhh ini masyarakat bakalan trust issue sama kinerja polisi. Makin yakin gw kalo mau jd polisi min harus lulus S1 hukum dulu,1679736801861439489,,Heraloebss,in,,0,0,0,https://x.com/yorskyy/status/1679736801861439489,1188252959450136576,yorskyy
1679660223034957825,2023-07-14T04:22:39.000Z,6,@kamumaunya_apa @precuvm @Pai_C1 @DivHumas_Polri Oke kembali ke konteks. COBA ANDA BAYANGKAN. Dateng ke polisi dengan harapan meminta perlindungan membuat laporan secara baik-baik malah berakhir kaya kasus diatas. Kalimat kritik tsb muncul karena kinerja instansi yang memang sudah sangat dipertanyakan masyarakat,1679707958622691328,,pejantanapi,in,,0,1,0,https://x.com/MayBiCorpse/status/1679707958622691328,1230855498494283778,MayBiCorpse
1679469140162265089,2023-07-13T12:33:40.000Z,8,Apa mslhnya klo begal² jalanan ini ditembak di tempat sbgmn dilakukan polisi di negara² lain? Apkh mrk yg mempermasalahkan pinginnya masyarakat dicekam ketakutan setiap saat? Atau agar kinerja polisi tampak buruk di mata rakyat akbt dilarang nembak mati begal? Apa gitu mikirnya?,1679469140162265089,,,in,,0,3,1,https://x.com/rizieqdivist/status/1679469140162265089,453931027,rizieqdivist
1679453619832365062,2023-07-13T11:43:08.000Z,0,"@PandekaHarimau Gak ada hubungan kemunculan begal dengan kinerja polisi

Faktor kegagalan ortu dan ketidakmampuan masyarakat membela diri yg bikin begal berani muncul",1679456421417738240,,rama_rimau,in,,0,0,0,https://x.com/TTermada/status/1679456421417738240,1344228600002723840,TTermada
1679300774936072193,2023-07-13T09:07:45.000Z,1,"@kisbet_ Kalo daerah itu gak aman, berarti peran polisi yg hilang . Ini bukannya tuntut untuk melakukan kinerja lebih baik, malah dikasih wewenang lebih jauh lagi.

Kurang banyak apa sejarah tentang penghukuman tanpa peradilan.",1679417316700983297,,kisbet_,in,,0,1,0,https://x.com/beastlyfang/status/1679417316700983297,878980225870176256,beastlyfang
1679395573148037120,2023-07-13T07:41:20.000Z,0,"Polsek Pengadegan menerima kunjungan Tim Audit Kinerja dari Polres Purbalingga dan melakukan pemeriksaan di masing-masung Unit dan Seksi. Kamis (13/07/2023)

#polrespurbalingga
#humaspolrespurbalingga
#polisi_indonesia
#polisirepublikindonesia
#polisiindonesia https://t.co/0mVTtfA7qG",1679395573148037120,https://pbs.twimg.com/media/F05pW9EaMAElSSD.jpg,,in,,0,0,0,https://x.com/polsek_pgd/status/1679395573148037120,1421667574794788866,polsek_pgd
1679866705093484545,2023-07-14T23:22:31.000Z,0,"@mazzini_gsp @DivHumas_Polri @ListyoSigitP makin bangga sama kinerja polisi Indonesia, patut di apresiasi.",1679994817483513856,,mazzini_gsp,in,,0,0,0,https://x.com/kamarcetak/status/1679994817483513856,1427673906626764801,kamarcetak
1679733396854165504,2023-07-14T15:20:31.000Z,0,@YessiSamosir @mazzini_gsp @Poldametrojaya_ @DivHumas_Polri @tanyakanrl Kadang suka istighfar sama kinerja polisi,1679873516206952449,,YessiSamosir,in,,0,0,0,https://x.com/tetehtya/status/1679873516206952449,241964502,tetehtya
1679856290825404416,2023-07-14T14:12:04.000Z,2,"Selamat untuk semua peraih #HoegengAwards2023

Semoga menjadi panutan dan semangat buat polisi lainnya, kinerja yang baik dan jujur dapatkan apresiasi positif dari masyarakat https://t.co/vlRERNcrLF",1679856290825404416,https://pbs.twimg.com/media/F1AMY4LaAAAQzV5.jpg,,in,,6,1,2,https://x.com/Desty007/status/1679856290825404416,155161935,Desty007
1679833256672505856,2023-07-14T13:16:24.000Z,0,@niaharyanto Keren ya ada penghargaan juga buat polisi biar semakin semangat kinerja lebih baik lagi kalo dihargai #HoegengAwards2023,1679842283389325314,,niaharyanto,in,,0,1,0,https://x.com/vinaferd/status/1679842283389325314,148985128,vinaferd
1679826825370030081,2023-07-14T12:14:59.000Z,0,Gak viral gak di gubris.... Mana kinerja polisi.? Katanya pengayom masyarakat. Mana? Mana? Bukti? Bukan hanya omdong!,1679826825370030081,,,in,,0,0,0,https://x.com/Irwanlutfiabdu1/status/1679826825370030081,1208029564665905152,Irwanlutfiabdu1
1679826260552462339,2023-07-14T12:12:44.000Z,5,#HoegengAwards2023 merupakan bentuk apresiasi terhadap kinerja polisi yang memegang teguh kejujuran saat melaksanakan tugas,1679826260552462339,,,in,,1,1,0,https://x.com/Desty007/status/1679826260552462339,155161935,Desty007
1679678409599864832,2023-07-14T11:03:36.000Z,1,@tanyarlfes itulah mengapa polisi selalu menjadi opsi terakhir.. kadang aku bingun survei kepercayaan kepada polri itu  kok bisa tinggi yah .. sejauh ini orang sekitar lingukan saya gak pernah percaya dan tidak puas dengan kinerja polri .. itu survey kok bisa tinggi ?,1679808859383414784,,tanyarlfes,in,,0,0,0,https://x.com/ad161093/status/1679808859383414784,1431016072547770370,ad161093
1679424861750591488,2023-07-14T08:27:20.000Z,0,@bengkeldodo @Heraloebss @ListyoSigitP Tingkat kepuasan terhadap kinerja kepolisian 70% ingat bisa naik lagi gak usah ngeyel. Kalo polisi ngomong begitu ya begitu,1679769534880944128,,bengkeldodo,in,,0,0,0,https://x.com/DanielW53256126/status/1679769534880944128,1313648393621663744,DanielW53256126
1679660223034957825,2023-07-14T06:56:58.000Z,0,"@Pai_C1 Serius nanya kalean beneran kerjanya kek gini doang @DivHumas_Polri ?gak ada niat memperbaiki kinerja gitu biar enak dipandang,,yg bisa bikin kita2 tuh bangga gitu punya polisi yg wahh kerjanya tuh bener2 kerja gitu.",1679746793872171008,,Pai_C1,in,,0,0,0,https://x.com/MujiatiYuli/status/1679746793872171008,1268688514385735681,MujiatiYuli
1679694594458681345,2023-07-14T06:17:16.000Z,0,@Heraloebss @KhodamNaruto Hah polisi gimana sih? Kekerasan ampe babak belur begitu disebut kekrasan ringan?? Wahhh ini masyarakat bakalan trust issue sama kinerja polisi. Makin yakin gw kalo mau jd polisi min harus lulus S1 hukum dulu,1679736801861439489,,Heraloebss,in,,0,0,0,https://x.com/yorskyy/status/1679736801861439489,1188252959450136576,yorskyy
1679660223034957825,2023-07-14T04:22:39.000Z,6,@kamumaunya_apa @precuvm @Pai_C1 @DivHumas_Polri Oke kembali ke konteks. COBA ANDA BAYANGKAN. Dateng ke polisi dengan harapan meminta perlindungan membuat laporan secara baik-baik malah berakhir kaya kasus diatas. Kalimat kritik tsb muncul karena kinerja instansi yang memang sudah sangat dipertanyakan masyarakat,1679707958622691328,,pejantanapi,in,,0,1,0,https://x.com/MayBiCorpse/status/1679707958622691328,1230855498494283778,MayBiCorpse
1679469140162265089,2023-07-13T12:33:40.000Z,8,Apa mslhnya klo begal² jalanan ini ditembak di tempat sbgmn dilakukan polisi di negara² lain? Apkh mrk yg mempermasalahkan pinginnya masyarakat dicekam ketakutan setiap saat? Atau agar kinerja polisi tampak buruk di mata rakyat akbt dilarang nembak mati begal? Apa gitu mikirnya?,1679469140162265089,,,in,,0,3,1,https://x.com/rizieqdivist/status/1679469140162265089,453931027,rizieqdivist
1679453619832365062,2023-07-13T11:43:08.000Z,0,"@PandekaHarimau Gak ada hubungan kemunculan begal dengan kinerja polisi

Faktor kegagalan ortu dan ketidakmampuan masyarakat membela diri yg bikin begal berani muncul",1679456421417738240,,rama_rimau,in,,0,0,0,https://x.com/TTermada/status/1679456421417738240,1344228600002723840,TTermada
1679300774936072193,2023-07-13T09:07:45.000Z,1,"@kisbet_ Kalo daerah itu gak aman, berarti peran polisi yg hilang . Ini bukannya tuntut untuk melakukan kinerja lebih baik, malah dikasih wewenang lebih jauh lagi.

Kurang banyak apa sejarah tentang penghukuman tanpa peradilan.",1679417316700983297,,kisbet_,in,,0,1,0,https://x.com/beastlyfang/status/1679417316700983297,878980225870176256,beastlyfang
1679395573148037120,2023-07-13T07:41:20.000Z,0,"Polsek Pengadegan menerima kunjungan Tim Audit Kinerja dari Polres Purbalingga dan melakukan pemeriksaan di masing-masung Unit dan Seksi. Kamis (13/07/2023)

#polrespurbalingga
#humaspolrespurbalingga
#polisi_indonesia
#polisirepublikindonesia
#polisiindonesia https://t.co/0mVTtfA7qG",1679395573148037120,https://pbs.twimg.com/media/F05pW9EaMAElSSD.jpg,,in,,0,0,0,https://x.com/polsek_pgd/status/1679395573148037120,1421667574794788866,polsek_pgd
1679866705093484545,2023-07-14T23:22:31.000Z,0,"@mazzini_gsp @DivHumas_Polri @ListyoSigitP makin bangga sama kinerja polisi Indonesia, patut di apresiasi.",1679994817483513856,,mazzini_gsp,in,,0,0,0,https://x.com/kamarcetak/status/1679994817483513856,1427673906626764801,kamarcetak
1679733396854165504,2023-07-14T15:20:31.000Z,0,@YessiSamosir @mazzini_gsp @Poldametrojaya_ @DivHumas_Polri @tanyakanrl Kadang suka istighfar sama kinerja polisi,1679873516206952449,,YessiSamosir,in,,0,0,0,https://x.com/tetehtya/status/1679873516206952449,241964502,tetehtya
1679856290825404416,2023-07-14T14:12:04.000Z,2,"Selamat untuk semua peraih #HoegengAwards2023

Semoga menjadi panutan dan semangat buat polisi lainnya, kinerja yang baik dan jujur dapatkan apresiasi positif dari masyarakat https://t.co/vlRERNcrLF",1679856290825404416,https://pbs.twimg.com/media/F1AMY4LaAAAQzV5.jpg,,in,,6,1,2,https://x.com/Desty007/status/1679856290825404416,155161935,Desty007
1679833256672505856,2023-07-14T13:16:24.000Z,0,@niaharyanto Keren ya ada penghargaan juga buat polisi biar semakin semangat kinerja lebih baik lagi kalo dihargai #HoegengAwards2023,1679842283389325314,,niaharyanto,in,,0,1,0,https://x.com/vinaferd/status/1679842283389325314,148985128,vinaferd
1679826825370030081,2023-07-14T12:14:59.000Z,0,Gak viral gak di gubris.... Mana kinerja polisi.? Katanya pengayom masyarakat. Mana? Mana? Bukti? Bukan hanya omdong!,1679826825370030081,,,in,,0,0,0,https://x.com/Irwanlutfiabdu1/status/1679826825370030081,1208029564665905152,Irwanlutfiabdu1
1679826260552462339,2023-07-14T12:12:44.000Z,5,#HoegengAwards2023 merupakan bentuk apresiasi terhadap kinerja polisi yang memegang teguh kejujuran saat melaksanakan tugas,1679826260552462339,,,in,,1,1,0,https://x.com/Desty007/status/1679826260552462339,155161935,Desty007
1679678409599864832,2023-07-14T11:03:36.000Z,1,@tanyarlfes itulah mengapa polisi selalu menjadi opsi terakhir.. kadang aku bingun survei kepercayaan kepada polri itu  kok bisa tinggi yah .. sejauh ini orang sekitar lingukan saya gak pernah percaya dan tidak puas dengan kinerja polri .. itu survey kok bisa tinggi ?,1679808859383414784,,tanyarlfes,in,,0,0,0,https://x.com/ad161093/status/1679808859383414784,1431016072547770370,ad161093
1679424861750591488,2023-07-14T08:27:20.000Z,0,@bengkeldodo @Heraloebss @ListyoSigitP Tingkat kepuasan terhadap kinerja kepolisian 70% ingat bisa naik lagi gak usah ngeyel. Kalo polisi ngomong begitu ya begitu,1679769534880944128,,bengkeldodo,in,,0,0,0,https://x.com/DanielW53256126/status/1679769534880944128,1313648393621663744,DanielW53256126
1679660223034957825,2023-07-14T06:56:58.000Z,0,"@Pai_C1 Serius nanya kalean beneran kerjanya kek gini doang @DivHumas_Polri ?gak ada niat memperbaiki kinerja gitu biar enak dipandang,,yg bisa bikin kita2 tuh bangga gitu punya polisi yg wahh kerjanya tuh bener2 kerja gitu.",1679746793872171008,,Pai_C1,in,,0,0,0,https://x.com/MujiatiYuli/status/1679746793872171008,1268688514385735681,MujiatiYuli
1679694594458681345,2023-07-14T06:17:16.000Z,0,@Heraloebss @KhodamNaruto Hah polisi gimana sih? Kekerasan ampe babak belur begitu disebut kekrasan ringan?? Wahhh ini masyarakat bakalan trust issue sama kinerja polisi. Makin yakin gw kalo mau jd polisi min harus lulus S1 hukum dulu,1679736801861439489,,Heraloebss,in,,0,0,0,https://x.com/yorskyy/status/1679736801861439489,1188252959450136576,yorskyy
1679660223034957825,2023-07-14T04:22:39.000Z,6,@kamumaunya_apa @precuvm @Pai_C1 @DivHumas_Polri Oke kembali ke konteks. COBA ANDA BAYANGKAN. Dateng ke polisi dengan harapan meminta perlindungan membuat laporan secara baik-baik malah berakhir kaya kasus diatas. Kalimat kritik tsb muncul karena kinerja instansi yang memang sudah sangat dipertanyakan masyarakat,1679707958622691328,,pejantanapi,in,,0,1,0,https://x.com/MayBiCorpse/status/1679707958622691328,1230855498494283778,MayBiCorpse
1679469140162265089,2023-07-13T12:33:40.000Z,8,Apa mslhnya klo begal² jalanan ini ditembak di tempat sbgmn dilakukan polisi di negara² lain? Apkh mrk yg mempermasalahkan pinginnya masyarakat dicekam ketakutan setiap saat? Atau agar kinerja polisi tampak buruk di mata rakyat akbt dilarang nembak mati begal? Apa gitu mikirnya?,1679469140162265089,,,in,,0,3,1,https://x.com/rizieqdivist/status/1679469140162265089,453931027,rizieqdivist
1679453619832365062,2023-07-13T11:43:08.000Z,0,"@PandekaHarimau Gak ada hubungan kemunculan begal dengan kinerja polisi

Faktor kegagalan ortu dan ketidakmampuan masyarakat membela diri yg bikin begal berani muncul",1679456421417738240,,rama_rimau,in,,0,0,0,https://x.com/TTermada/status/1679456421417738240,1344228600002723840,TTermada
1679300774936072193,2023-07-13T09:07:45.000Z,1,"@kisbet_ Kalo daerah itu gak aman, berarti peran polisi yg hilang . Ini bukannya tuntut untuk melakukan kinerja lebih baik, malah dikasih wewenang lebih jauh lagi.

Kurang banyak apa sejarah tentang penghukuman tanpa peradilan.",1679417316700983297,,kisbet_,in,,0,1,0,https://x.com/beastlyfang/status/1679417316700983297,878980225870176256,beastlyfang
1679395573148037120,2023-07-13T07:41:20.000Z,0,"Polsek Pengadegan menerima kunjungan Tim Audit Kinerja dari Polres Purbalingga dan melakukan pemeriksaan di masing-masung Unit dan Seksi. Kamis (13/07/2023)

#polrespurbalingga
#humaspolrespurbalingga
#polisi_indonesia
#polisirepublikindonesia
#polisiindonesia https://t.co/0mVTtfA7qG",1679395573148037120,https://pbs.twimg.com/media/F05pW9EaMAElSSD.jpg,,in,,0,0,0,https://x.com/polsek_pgd/status/1679395573148037120,1421667574794788866,polsek_pgd
1681270088375185410,2023-07-18T13:05:07.000Z,0,@cimotyy Semoga dengan adanya #PesawatPolisi ini bisa membuat kinerja polisi semakin baik dan totalitas. Karena Polri Sigap untuk menjaga keamanan negeri kita ini.,1681288995094020096,,cimotyy,in,,0,0,0,https://x.com/shainaberka/status/1681288995094020096,1608440513212067843,shainaberka
1681270160127295489,2023-07-18T13:01:14.000Z,0,"@Onyekcuuu Polri Sigap dalam keadaan apapun, selalu mengutamakan keamanan masyarakat. Apalagi dengan adanya #PesawatPolisi kinerja polisi akan semakin lebih baik.",1681288015413641217,,Onyekcuuu,in,,0,0,0,https://x.com/shainaberka/status/1681288015413641217,1608440513212067843,shainaberka
1681270088375185410,2023-07-18T12:39:25.000Z,0,@cimotyy Wah keren nih #PesawatPolisi jadi makin meningkatkan kinerja Polisi dalam menjaga keamanan negri ini,1681282526042800129,,cimotyy,in,,0,0,0,https://x.com/pinatbater116/status/1681282526042800129,1638759446074789889,pinatbater116
1681270103675994114,2023-07-18T12:31:21.000Z,0,"@HeyZio_ Bener banget nih dengam adanya #PesawatPolisi  dapat membantu kinerja polisi, juga Polri Sigap untuk menjalankan amanan mereka",1681280495924183040,,HeyZio_,in,,0,0,0,https://x.com/aviahasanatul15/status/1681280495924183040,1598297962718777346,aviahasanatul15
1681270103675994114,2023-07-18T12:06:29.000Z,0,"@HeyZio_ Betul itu, Indonesia negara yang luas, dengan adanya #PesawatPolisi maka gerak kinerja polisi jadi lebih efisien",1681274236672049152,,HeyZio_,in,,0,0,0,https://x.com/urn1tyyy/status/1681274236672049152,1593395224935481344,urn1tyyy
1681270103675994114,2023-07-18T12:04:46.000Z,0,@HeyZio_ setuju banget sih ini. biar operasional polri makin sat set. dengan Polisi Sigap dan #PesawatPolisi ini semoga bikin kinerja polri makin bagus lagi.,1681273806113873922,,HeyZio_,in,,0,0,0,https://x.com/ranfazz72/status/1681273806113873922,1564239921971625985,ranfazz72
1681270088375185410,2023-07-18T12:04:44.000Z,0,"@cimotyy Semoga dengan adanya #PesawatPolisi, kinerja polisi semakin baik ya",1681273797880741888,,cimotyy,in,,0,0,0,https://x.com/befriendssss/status/1681273797880741888,1394966564831563781,befriendssss
1681154828834095104,2023-07-18T07:21:17.000Z,1,"@detikcom Logika nya: Semakin sedikit begal yg ditangkap, semakin baik kinerja polisi...
Pertanyaannya: Apa artinya pelaku begal yg bebas juga jadi sedikit?
Jawabannya: Kita bicara angka penangkapan, bukan jumlah korban begal...",1681202464979300354,,detikcom,in,,0,0,0,https://x.com/jemibrownies/status/1681202464979300354,890589165808631810,jemibrownies
1681120332680421378,2023-07-18T01:54:55.000Z,0,"Asistensi Oleh Bidkum Polda Jatim Dalam Mendukung Optimalisasi Kinerja Sikum Jajaran Polda Jatim 
.
.
.

#polresgresik #poldajatim #polresgresikkabupaten #infogresik #gresikupdate #kapolresgresik #police #polisi #polri #polisilalulintas #jawatimur https://t.co/hVVvSFTbFh",1681120332680421378,https://pbs.twimg.com/media/F1SKBrnaEAA_6nu.jpg,,in,,0,0,0,https://x.com/HumasGresik/status/1681120332680421378,3308607517,HumasGresik
1681001261829853184,2023-07-17T18:01:46.000Z,0,"Kalo udah kena tancap sarkas gini tapi ga ada progress untuk evaluasi kinerja ya berarti kita semua tau kalo mereka itu apa? Yak betul sekali polisi baik hati. LMau pake materi se-frontal apa juga ga akan ngena, karena mereka baik. Lebih baik untuk tidak melapor kejahatan 🥳🙌🏻",1681001261829853184,,,in,,0,1,0,https://x.com/bstnarmstrong/status/1681001261829853184,627316991,bstnarmstrong
1680912755686277120,2023-07-17T13:39:39.000Z,1,"@kulimain @RandomWorldWar Bodoamat melarang polisi menembak begal dan bandit jelas aneh pola pikirnya. Polisi itu bentuk hadirnya pemerintah dalam melindungi masyarakat
Walaupun kinerja polisi kita masih tergolong dibawah rata2",1680935294802231298,,kulimain,in,,0,1,1,https://x.com/Troep3n/status/1680935294802231298,1604078405921964032,Troep3n
1680853435334414336,2023-07-17T13:34:45.000Z,0,"@asipokiluper @jokowi Ujug"" viral, besoknya di media masalah beres.

Ujung"" viral, besoknya di media masalh ditangani polisi.

Gitu terus kerjadiannya .. 
Tau"" ada survei kinerja kepolisian naik..

Ga ngerti saya juga",1680934061160759299,,shda_agatha_,in,,0,0,0,https://x.com/shda_agatha_/status/1680934061160759299,966143130,shda_agatha_
1680895428471017472,2023-07-17T12:49:47.000Z,2,@kumparan Hukuman y ringan bgt.. pantas semakin byk oknum polisi kinerja amburadul..masuk nyogok eh hukuman disiplin y model beginian..ambyar..,1680922747361439744,,kumparan,in,,0,0,1,https://x.com/iskan45v/status/1680922747361439744,1241596438561181696,iskan45v
1680578336873914369,2023-07-16T14:01:13.000Z,0,KUASA HUKUM : Masyarakat Kecewa Kinerja Polisi Tidak Efisien Tangani Kasus Kriminal di Tanah Karo ..!!! https://t.co/6KmAOvg1II,1680578336873914369,,,in,,0,0,0,https://x.com/ungkapkriminal/status/1680578336873914369,1569023603697684480,ungkapkriminal
1680545312551899136,2023-07-16T12:50:19.000Z,0,@cimotyy Makasih kak infonya semoga dengan adanya #PesawatPolisi kinerja polisi bisa lebih baik lagi,1680560492882935808,,cimotyy,in,,0,0,0,https://x.com/kimcajinra/status/1680560492882935808,1442138013840990217,kimcajinra
1680545312577060864,2023-07-16T12:24:38.000Z,0,"@iniariani Hebattt Polri Sigap banget yaaa, semoga dengan adanya #PesawatPolisi ini bisa membantu meringankan pekerjaan para polisi, dan memaksimalkan kinerja mereka🥹",1680554031314345986,,iniariani,in,,0,0,0,https://x.com/txtsafira/status/1680554031314345986,1497017510742298641,txtsafira
1680513277007101952,2023-07-16T09:42:42.000Z,1,Acara polisi polisian di tv emang sampah bgt. Acara begitu gak akan mengubah kenyataan kalo emang kinerja polri tuh jele hey asal kalian tau yhaaa pa polisi,1680513277007101952,,,in,,0,1,1,https://x.com/kuelumpoor/status/1680513277007101952,214009129,kuelumpoor
1680185236179800064,2023-07-16T07:52:47.000Z,1,@YLBHI Ini perlakuan kurang ajar. Polisi ini suka sekali semena-mena. Kurang terdidik dan kurang adab serta kurang akal polisi indonesia. Sudah saatnya polisi ini diberi perhatian serius dan juga dibina serta ‘gajinya’ dipangkas bila tdk menunjukkan perbaikan kinerja.,1680485614297444352,,YLBHI,in,,0,0,0,https://x.com/Ketiksukahati/status/1680485614297444352,3193169840,Ketiksukahati
1680039114622795776,2023-07-16T03:27:47.000Z,1,@tvOneNews Adeh buang2 uang 1 t.coba pak Kapolri di evaluasi kinerjanya..itu uang rakyat..perbaiki kinerja polisi yg katanya ayomin masyarkata..tp kenyataan berbanding terbakik bagaimana ini kok ga ada malu sm rakyat,1680418926906441731,,tvOneNews,in,,0,0,0,https://x.com/tama_tamaras/status/1680418926906441731,2252210323,tama_tamaras
1680371717586444288,2023-07-16T01:03:58.000Z,0,@TriYsanto33621 @Kepolisian_RI Ini polisi yg patut diberi jempol. Mari dukung kinerja APH yg begini: tegak lurus pada aturan,1680382732172681217,,TriYsanto33621,in,,0,0,0,https://x.com/Fahmi_RW/status/1680382732172681217,1654016877436481537,Fahmi_RW
1681305763636207617,2023-07-18T14:11:45.000Z,2,"Evaluasi Kinerja, Kapolda Aceh Bersama Pejabat Utama melaksanakan Coffee Morning. 

@kapolda_aceh
@bidhumaspoldaaceh
@divisihumaspolri 
@polripresisi
@indonesia_police_
@polisi_peduli
@polisi_ku
@halo_polisi
@polisi_indonesia

#bidhumaspoldaaceh #poldaaceh #polripresisi https://t.co/64pLlkbr1K",1681305763636207617,https://pbs.twimg.com/media/F1UyrbwaYAQiCXH.jpg,,in,,0,0,1,https://x.com/bidhumasaceh/status/1681305763636207617,1254966776410124289,bidhumasaceh
1681270088375185410,2023-07-18T12:04:44.000Z,0,"@cimotyy Semoga dengan adanya #PesawatPolisi, kinerja polisi semakin baik ya",1681273797880741888,,cimotyy,in,,0,0,0,https://x.com/befriendssss/status/1681273797880741888,1394966564831563781,befriendssss
1681270088375185410,2023-07-18T12:00:57.000Z,0,@cimotyy wah ternyata emang banyak manfaatnya ya dengan pesawat baru polisi ini. semoga makin mempermudah kinerja Polri Sigap dalam melakukan pekerjaannya #PesawatPolisi,1681272844842594307,,cimotyy,in,,0,0,0,https://x.com/loveagairn/status/1681272844842594307,3070088311,loveagairn
1679691356594397185,2023-07-15T20:14:47.000Z,2,"@kegblgnunfaedh @DivHumas_Polri @ListyoSigitP Pak, gimana nih kasus seperti ini apa akan di biarkan saja kinerja para anggota polisi kok dengan sesuka hati menetapkan tanpa penyelidikan mendalam. Mending di evaluasi secara mendalam lagi deh kinerja para polisi ini.",1680309959526055937,,kegblgnunfaedh,in,,0,1,0,https://x.com/Urif_NS/status/1680309959526055937,606145909,Urif_NS
1680194903828230145,2023-07-15T19:08:08.000Z,1,@NarasiNewsroom Capek bgt liat berita kinerja polisi,1680293185573253121,,NarasiNewsroom,in,,0,0,0,https://x.com/strngnight/status/1680293185573253121,1616874505934372865,strngnight
1680280252034207744,2023-07-15T18:16:45.000Z,0,"2. Pengawasan DPR harus dosis tinggi utk menghentikan praktik brutal/penyelewengan jabatan menyebar/mengakar;

3. Identifikasi, evaluasi, revisi regulasi yg potensial mendorong polisi brutal/membuka ruang kinerja polisi semakin kuat tp nir pengawasan/transparans.",1680280255213473793,,AbdulQoyim,in,,0,1,0,https://x.com/AbdulQoyim/status/1680280255213473793,67661344,AbdulQoyim
1680274365802508288,2023-07-15T17:53:21.000Z,0,"Polisi lagi2 jadi trending..bkn krn kinerja positif, tapi krn kelakuan oknum2 polisi yg masih banyak bermental preman dan mental pemalak..!!!
Sudah saatnya Repormasi Polisi dari mabes sd polsek ..",1680274365802508288,,,in,,0,0,0,https://x.com/AnasisFeri/status/1680274365802508288,1411709087532781572,AnasisFeri
1680182890867601409,2023-07-15T17:09:40.000Z,0,"@merapi_uncover Salut dengan kinerja Polisi 👏 semoga di semua kejadian entah ringan/berat polisi bisa menangani dan kami sebagai masyarakat bisa percaya dengan polisi 🔥.
Baca² di google informasi pelaku sudah di tangkap di Bogor dan pelaku melancarkan aksi di kost yg tdk jauh dr TKP. Sleman",1680263374603714562,,merapi_uncover,in,,0,0,0,https://x.com/Antokajaaa/status/1680263374603714562,1293455246,Antokajaaa
1680185236179800064,2023-07-15T13:27:03.000Z,2,@YLBHI @LBHYogyakarta Pengen tau juga komen pak @ganjarpranowo sang  capres ttg kinerja nya polisi @DivHumas_Polri di jateng,1680207347661312000,,YLBHI,in,,0,1,0,https://x.com/August_9/status/1680207347661312000,40016292,August_9
1680180764347080704,2023-07-15T11:41:25.000Z,26,"Kata @slankdotcom sih polisi baik Haha
Afaiyah? Jejak rekam polisi akhir-akhir ini memang byk citra buruk. Bukannya memperbaiki kinerja dan attitude secara struktural malah melanggengkan kekerasan ke yg lebih lemah dri mereka. Coba gebukin koruptor smpe mati? Emang polisi berani?",1680180764347080704,,,in,,0,0,10,https://x.com/TaniHitam/status/1680180764347080704,1057323143147139073,TaniHitam
1678095725115363328,2023-07-15T08:11:35.000Z,1,"@Akbar67875158 Saya yang tau hukum di permainan, bagaimana orang yang ga ngerti hukum ya???? Ngeri saya membayangkan nya. Saya sampai suruh Komisioner @kompolnas_ri itu turun langsung ke Sumut, ke @HumasPoldaSumut ,melihat langsung kenyataan bagaimana kinerja oknum-oknum polisi dalam menangani",1680127960941211649,,Akbar67875158,in,,0,0,0,https://x.com/TiurWahyuni/status/1680127960941211649,1364531709815918593,TiurWahyuni
1678095725115363328,2023-07-15T07:43:35.000Z,1,"@Akbar67875158 sebagai Polda terbaik versi @kompolnas_ri , sementara narkoba marak di Sumut terutama di Binjai. Bukan saja narkoba, judi juga. Belum lagi di daerah lain di Sumut. Saya juga menyampaikan ke Komisioner Kompolnas bagaimana buruknya kinerja oknum-oknum polisi baik pejabat maupun",1680120911402520578,,Akbar67875158,in,,0,0,0,https://x.com/TiurWahyuni/status/1680120911402520578,1364531709815918593,TiurWahyuni
1680031185467219968,2023-07-15T07:26:35.000Z,0,"@DivHumas_Polri Rakyat Setara Dengan Petrus.
Kinerja Polisi Gak Becus.",1680116634592378880,,DivHumas_Polri,in,,0,0,0,https://x.com/KudaHit65612828/status/1680116634592378880,1240713697921662976,KudaHit65612828
1679844528478633984,2023-07-15T06:11:36.000Z,0,@ein_blauervogel @kumparan Kinerja polisi masih di bawah rata2 kok beli nya aneh.. tuh kasus penganiayaan jd viral gara tersangka dilepas,1680097765802778624,,ein_blauervogel,in,,0,0,0,https://x.com/dotan_dot/status/1680097765802778624,1557992317,dotan_dot
1681305763636207617,2023-07-18T14:11:45.000Z,2,"Evaluasi Kinerja, Kapolda Aceh Bersama Pejabat Utama melaksanakan Coffee Morning. 

@kapolda_aceh
@bidhumaspoldaaceh
@divisihumaspolri 
@polripresisi
@indonesia_police_
@polisi_peduli
@polisi_ku
@halo_polisi
@polisi_indonesia

#bidhumaspoldaaceh #poldaaceh #polripresisi https://t.co/64pLlkbr1K",1681305763636207617,https://pbs.twimg.com/media/F1UyrbwaYAQiCXH.jpg,,in,,0,0,1,https://x.com/bidhumasaceh/status/1681305763636207617,1254966776410124289,bidhumasaceh
1681270088375185410,2023-07-18T12:04:44.000Z,0,"@cimotyy Semoga dengan adanya #PesawatPolisi, kinerja polisi semakin baik ya",1681273797880741888,,cimotyy,in,,0,0,0,https://x.com/befriendssss/status/1681273797880741888,1394966564831563781,befriendssss
1681270088375185410,2023-07-18T12:00:57.000Z,0,@cimotyy wah ternyata emang banyak manfaatnya ya dengan pesawat baru polisi ini. semoga makin mempermudah kinerja Polri Sigap dalam melakukan pekerjaannya #PesawatPolisi,1681272844842594307,,cimotyy,in,,0,0,0,https://x.com/loveagairn/status/1681272844842594307,3070088311,loveagairn
1681154828834095104,2023-07-18T07:21:17.000Z,1,"@detikcom Logika nya: Semakin sedikit begal yg ditangkap, semakin baik kinerja polisi...
Pertanyaannya: Apa artinya pelaku begal yg bebas juga jadi sedikit?
Jawabannya: Kita bicara angka penangkapan, bukan jumlah korban begal...",1681202464979300354,,detikcom,in,,0,0,0,https://x.com/jemibrownies/status/1681202464979300354,890589165808631810,jemibrownies
1680958032237461505,2023-07-18T06:46:10.000Z,0,"@CNNIndonesia Coba Polisi Dan PNS dari outsourching aja biar kerjanya berdasar kinerja.
Pasti ga ada PNS dan Polisi Yg males dan arogan",1681193627790475264,,CNNIndonesia,in,,0,0,0,https://x.com/zenondown/status/1681193627790475264,1281146731481034753,zenondown
1681120332680421378,2023-07-18T01:54:55.000Z,0,"Asistensi Oleh Bidkum Polda Jatim Dalam Mendukung Optimalisasi Kinerja Sikum Jajaran Polda Jatim 
.
.
.

#polresgresik #poldajatim #polresgresikkabupaten #infogresik #gresikupdate #kapolresgresik #police #polisi #polri #polisilalulintas #jawatimur https://t.co/hVVvSFTbFh",1681120332680421378,https://pbs.twimg.com/media/F1SKBrnaEAA_6nu.jpg,,in,,0,0,0,https://x.com/HumasGresik/status/1681120332680421378,3308607517,HumasGresik
1681001261829853184,2023-07-17T18:01:46.000Z,0,"Kalo udah kena tancap sarkas gini tapi ga ada progress untuk evaluasi kinerja ya berarti kita semua tau kalo mereka itu apa? Yak betul sekali polisi baik hati. LMau pake materi se-frontal apa juga ga akan ngena, karena mereka baik. Lebih baik untuk tidak melapor kejahatan 🥳🙌🏻",1681001261829853184,,,in,,0,1,0,https://x.com/bstnarmstrong/status/1681001261829853184,627316991,bstnarmstrong
1680853435334414336,2023-07-17T13:34:45.000Z,0,"@asipokiluper @jokowi Ujug"" viral, besoknya di media masalah beres.

Ujung"" viral, besoknya di media masalh ditangani polisi.

Gitu terus kerjadiannya .. 
Tau"" ada survei kinerja kepolisian naik..

Ga ngerti saya juga",1680934061160759299,,shda_agatha_,in,,0,0,0,https://x.com/shda_agatha_/status/1680934061160759299,966143130,shda_agatha_
1680895428471017472,2023-07-17T12:49:47.000Z,2,@kumparan Hukuman y ringan bgt.. pantas semakin byk oknum polisi kinerja amburadul..masuk nyogok eh hukuman disiplin y model beginian..ambyar..,1680922747361439744,,kumparan,in,,0,0,1,https://x.com/iskan45v/status/1680922747361439744,1241596438561181696,iskan45v
1680833291199614976,2023-07-17T06:54:19.000Z,1,"Kapolres Aceh Jaya Mengikuti Video Conference 
Pembukaan Taklimat Awal Audit Kinerja Tahap II 
Itwasum Polri.

@kapolda_aceh
@divisihumaspolri
@polripresisi
@indonesia_police_
@polisi_peduli
@polisi_ku
@akpol_alumni
@halo_polisi
@polisi_indonesia
@polresacehjaya https://t.co/8gBClrUQUG",1680833291199614976,https://pbs.twimg.com/media/F1OE5EHakAAW4_u.jpg,,in,,0,0,0,https://x.com/Polresacehjaya/status/1680833291199614976,1093721168836681728,Polresacehjaya
1680545312551899136,2023-07-16T12:50:19.000Z,0,@cimotyy Makasih kak infonya semoga dengan adanya #PesawatPolisi kinerja polisi bisa lebih baik lagi,1680560492882935808,,cimotyy,in,,0,0,0,https://x.com/kimcajinra/status/1680560492882935808,1442138013840990217,kimcajinra
1680545312577060864,2023-07-16T12:24:38.000Z,0,"@iniariani Hebattt Polri Sigap banget yaaa, semoga dengan adanya #PesawatPolisi ini bisa membantu meringankan pekerjaan para polisi, dan memaksimalkan kinerja mereka🥹",1680554031314345986,,iniariani,in,,0,0,0,https://x.com/txtsafira/status/1680554031314345986,1497017510742298641,txtsafira
1681305763636207617,2023-07-18T14:11:45.000Z,2,"Evaluasi Kinerja, Kapolda Aceh Bersama Pejabat Utama melaksanakan Coffee Morning. 

@kapolda_aceh
@bidhumaspoldaaceh
@divisihumaspolri 
@polripresisi
@indonesia_police_
@polisi_peduli
@polisi_ku
@halo_polisi
@polisi_indonesia

#bidhumaspoldaaceh #poldaaceh #polripresisi https://t.co/64pLlkbr1K",1681305763636207617,https://pbs.twimg.com/media/F1UyrbwaYAQiCXH.jpg,,in,,0,0,1,https://x.com/bidhumasaceh/status/1681305763636207617,1254966776410124289,bidhumasaceh
1681270088375185410,2023-07-18T12:04:44.000Z,0,"@cimotyy Semoga dengan adanya #PesawatPolisi, kinerja polisi semakin baik ya",1681273797880741888,,cimotyy,in,,0,0,0,https://x.com/befriendssss/status/1681273797880741888,1394966564831563781,befriendssss
1681270088375185410,2023-07-18T12:00:57.000Z,0,@cimotyy wah ternyata emang banyak manfaatnya ya dengan pesawat baru polisi ini. semoga makin mempermudah kinerja Polri Sigap dalam melakukan pekerjaannya #PesawatPolisi,1681272844842594307,,cimotyy,in,,0,0,0,https://x.com/loveagairn/status/1681272844842594307,3070088311,loveagairn
1681154828834095104,2023-07-18T07:21:17.000Z,1,"@detikcom Logika nya: Semakin sedikit begal yg ditangkap, semakin baik kinerja polisi...
Pertanyaannya: Apa artinya pelaku begal yg bebas juga jadi sedikit?
Jawabannya: Kita bicara angka penangkapan, bukan jumlah korban begal...",1681202464979300354,,detikcom,in,,0,0,0,https://x.com/jemibrownies/status/1681202464979300354,890589165808631810,jemibrownies
1680958032237461505,2023-07-18T06:46:10.000Z,0,"@CNNIndonesia Coba Polisi Dan PNS dari outsourching aja biar kerjanya berdasar kinerja.
Pasti ga ada PNS dan Polisi Yg males dan arogan",1681193627790475264,,CNNIndonesia,in,,0,0,0,https://x.com/zenondown/status/1681193627790475264,1281146731481034753,zenondown
1681120332680421378,2023-07-18T01:54:55.000Z,0,"Asistensi Oleh Bidkum Polda Jatim Dalam Mendukung Optimalisasi Kinerja Sikum Jajaran Polda Jatim 
.
.
.

#polresgresik #poldajatim #polresgresikkabupaten #infogresik #gresikupdate #kapolresgresik #police #polisi #polri #polisilalulintas #jawatimur https://t.co/hVVvSFTbFh",1681120332680421378,https://pbs.twimg.com/media/F1SKBrnaEAA_6nu.jpg,,in,,0,0,0,https://x.com/HumasGresik/status/1681120332680421378,3308607517,HumasGresik
1681001261829853184,2023-07-17T18:01:46.000Z,0,"Kalo udah kena tancap sarkas gini tapi ga ada progress untuk evaluasi kinerja ya berarti kita semua tau kalo mereka itu apa? Yak betul sekali polisi baik hati. LMau pake materi se-frontal apa juga ga akan ngena, karena mereka baik. Lebih baik untuk tidak melapor kejahatan 🥳🙌🏻",1681001261829853184,,,in,,0,1,0,https://x.com/bstnarmstrong/status/1681001261829853184,627316991,bstnarmstrong
1680853435334414336,2023-07-17T13:34:45.000Z,0,"@asipokiluper @jokowi Ujug"" viral, besoknya di media masalah beres.

Ujung"" viral, besoknya di media masalh ditangani polisi.

Gitu terus kerjadiannya .. 
Tau"" ada survei kinerja kepolisian naik..

Ga ngerti saya juga",1680934061160759299,,shda_agatha_,in,,0,0,0,https://x.com/shda_agatha_/status/1680934061160759299,966143130,shda_agatha_
1680895428471017472,2023-07-17T12:49:47.000Z,2,@kumparan Hukuman y ringan bgt.. pantas semakin byk oknum polisi kinerja amburadul..masuk nyogok eh hukuman disiplin y model beginian..ambyar..,1680922747361439744,,kumparan,in,,0,0,1,https://x.com/iskan45v/status/1680922747361439744,1241596438561181696,iskan45v
1680833291199614976,2023-07-17T06:54:19.000Z,1,"Kapolres Aceh Jaya Mengikuti Video Conference 
Pembukaan Taklimat Awal Audit Kinerja Tahap II 
Itwasum Polri.

@kapolda_aceh
@divisihumaspolri
@polripresisi
@indonesia_police_
@polisi_peduli
@polisi_ku
@akpol_alumni
@halo_polisi
@polisi_indonesia
@polresacehjaya https://t.co/8gBClrUQUG",1680833291199614976,https://pbs.twimg.com/media/F1OE5EHakAAW4_u.jpg,,in,,0,0,0,https://x.com/Polresacehjaya/status/1680833291199614976,1093721168836681728,Polresacehjaya
1680545312551899136,2023-07-16T12:50:19.000Z,0,@cimotyy Makasih kak infonya semoga dengan adanya #PesawatPolisi kinerja polisi bisa lebih baik lagi,1680560492882935808,,cimotyy,in,,0,0,0,https://x.com/kimcajinra/status/1680560492882935808,1442138013840990217,kimcajinra
1680545312577060864,2023-07-16T12:24:38.000Z,0,"@iniariani Hebattt Polri Sigap banget yaaa, semoga dengan adanya #PesawatPolisi ini bisa membantu meringankan pekerjaan para polisi, dan memaksimalkan kinerja mereka🥹",1680554031314345986,,iniariani,in,,0,0,0,https://x.com/txtsafira/status/1680554031314345986,1497017510742298641,txtsafira
1681305763636207617,2023-07-18T14:11:45.000Z,2,"Evaluasi Kinerja, Kapolda Aceh Bersama Pejabat Utama melaksanakan Coffee Morning. 

@kapolda_aceh
@bidhumaspoldaaceh
@divisihumaspolri 
@polripresisi
@indonesia_police_
@polisi_peduli
@polisi_ku
@halo_polisi
@polisi_indonesia

#bidhumaspoldaaceh #poldaaceh #polripresisi https://t.co/64pLlkbr1K",1681305763636207617,https://pbs.twimg.com/media/F1UyrbwaYAQiCXH.jpg,,in,,0,0,1,https://x.com/bidhumasaceh/status/1681305763636207617,1254966776410124289,bidhumasaceh
1681270088375185410,2023-07-18T12:04:44.000Z,0,"@cimotyy Semoga dengan adanya #PesawatPolisi, kinerja polisi semakin baik ya",1681273797880741888,,cimotyy,in,,0,0,0,https://x.com/befriendssss/status/1681273797880741888,1394966564831563781,befriendssss
1681270088375185410,2023-07-18T12:00:57.000Z,0,@cimotyy wah ternyata emang banyak manfaatnya ya dengan pesawat baru polisi ini. semoga makin mempermudah kinerja Polri Sigap dalam melakukan pekerjaannya #PesawatPolisi,1681272844842594307,,cimotyy,in,,0,0,0,https://x.com/loveagairn/status/1681272844842594307,3070088311,loveagairn
1681154828834095104,2023-07-18T07:21:17.000Z,1,"@detikcom Logika nya: Semakin sedikit begal yg ditangkap, semakin baik kinerja polisi...
Pertanyaannya: Apa artinya pelaku begal yg bebas juga jadi sedikit?
Jawabannya: Kita bicara angka penangkapan, bukan jumlah korban begal...",1681202464979300354,,detikcom,in,,0,0,0,https://x.com/jemibrownies/status/1681202464979300354,890589165808631810,jemibrownies
1680958032237461505,2023-07-18T06:46:10.000Z,0,"@CNNIndonesia Coba Polisi Dan PNS dari outsourching aja biar kerjanya berdasar kinerja.
Pasti ga ada PNS dan Polisi Yg males dan arogan",1681193627790475264,,CNNIndonesia,in,,0,0,0,https://x.com/zenondown/status/1681193627790475264,1281146731481034753,zenondown
1681120332680421378,2023-07-18T01:54:55.000Z,0,"Asistensi Oleh Bidkum Polda Jatim Dalam Mendukung Optimalisasi Kinerja Sikum Jajaran Polda Jatim 
.
.
.

#polresgresik #poldajatim #polresgresikkabupaten #infogresik #gresikupdate #kapolresgresik #police #polisi #polri #polisilalulintas #jawatimur https://t.co/hVVvSFTbFh",1681120332680421378,https://pbs.twimg.com/media/F1SKBrnaEAA_6nu.jpg,,in,,0,0,0,https://x.com/HumasGresik/status/1681120332680421378,3308607517,HumasGresik
1681001261829853184,2023-07-17T18:01:46.000Z,0,"Kalo udah kena tancap sarkas gini tapi ga ada progress untuk evaluasi kinerja ya berarti kita semua tau kalo mereka itu apa? Yak betul sekali polisi baik hati. LMau pake materi se-frontal apa juga ga akan ngena, karena mereka baik. Lebih baik untuk tidak melapor kejahatan 🥳🙌🏻",1681001261829853184,,,in,,0,1,0,https://x.com/bstnarmstrong/status/1681001261829853184,627316991,bstnarmstrong
1680853435334414336,2023-07-17T13:34:45.000Z,0,"@asipokiluper @jokowi Ujug"" viral, besoknya di media masalah beres.

Ujung"" viral, besoknya di media masalh ditangani polisi.

Gitu terus kerjadiannya .. 
Tau"" ada survei kinerja kepolisian naik..

Ga ngerti saya juga",1680934061160759299,,shda_agatha_,in,,0,0,0,https://x.com/shda_agatha_/status/1680934061160759299,966143130,shda_agatha_
1680895428471017472,2023-07-17T12:49:47.000Z,2,@kumparan Hukuman y ringan bgt.. pantas semakin byk oknum polisi kinerja amburadul..masuk nyogok eh hukuman disiplin y model beginian..ambyar..,1680922747361439744,,kumparan,in,,0,0,1,https://x.com/iskan45v/status/1680922747361439744,1241596438561181696,iskan45v
1680833291199614976,2023-07-17T06:54:19.000Z,1,"Kapolres Aceh Jaya Mengikuti Video Conference 
Pembukaan Taklimat Awal Audit Kinerja Tahap II 
Itwasum Polri.

@kapolda_aceh
@divisihumaspolri
@polripresisi
@indonesia_police_
@polisi_peduli
@polisi_ku
@akpol_alumni
@halo_polisi
@polisi_indonesia
@polresacehjaya https://t.co/8gBClrUQUG",1680833291199614976,https://pbs.twimg.com/media/F1OE5EHakAAW4_u.jpg,,in,,0,0,0,https://x.com/Polresacehjaya/status/1680833291199614976,1093721168836681728,Polresacehjaya
1680545312551899136,2023-07-16T12:50:19.000Z,0,@cimotyy Makasih kak infonya semoga dengan adanya #PesawatPolisi kinerja polisi bisa lebih baik lagi,1680560492882935808,,cimotyy,in,,0,0,0,https://x.com/kimcajinra/status/1680560492882935808,1442138013840990217,kimcajinra
1680545312577060864,2023-07-16T12:24:38.000Z,0,"@iniariani Hebattt Polri Sigap banget yaaa, semoga dengan adanya #PesawatPolisi ini bisa membantu meringankan pekerjaan para polisi, dan memaksimalkan kinerja mereka🥹",1680554031314345986,,iniariani,in,,0,0,0,https://x.com/txtsafira/status/1680554031314345986,1497017510742298641,txtsafira
1681305763636207617,2023-07-18T14:11:45.000Z,2,"Evaluasi Kinerja, Kapolda Aceh Bersama Pejabat Utama melaksanakan Coffee Morning. 

@kapolda_aceh
@bidhumaspoldaaceh
@divisihumaspolri 
@polripresisi
@indonesia_police_
@polisi_peduli
@polisi_ku
@halo_polisi
@polisi_indonesia

#bidhumaspoldaaceh #poldaaceh #polripresisi https://t.co/64pLlkbr1K",1681305763636207617,https://pbs.twimg.com/media/F1UyrbwaYAQiCXH.jpg,,in,,0,0,1,https://x.com/bidhumasaceh/status/1681305763636207617,1254966776410124289,bidhumasaceh
1681270088375185410,2023-07-18T12:04:44.000Z,0,"@cimotyy Semoga dengan adanya #PesawatPolisi, kinerja polisi semakin baik ya",1681273797880741888,,cimotyy,in,,0,0,0,https://x.com/befriendssss/status/1681273797880741888,1394966564831563781,befriendssss
1681270088375185410,2023-07-18T12:00:57.000Z,0,@cimotyy wah ternyata emang banyak manfaatnya ya dengan pesawat baru polisi ini. semoga makin mempermudah kinerja Polri Sigap dalam melakukan pekerjaannya #PesawatPolisi,1681272844842594307,,cimotyy,in,,0,0,0,https://x.com/loveagairn/status/1681272844842594307,3070088311,loveagairn
1681154828834095104,2023-07-18T07:21:17.000Z,1,"@detikcom Logika nya: Semakin sedikit begal yg ditangkap, semakin baik kinerja polisi...
Pertanyaannya: Apa artinya pelaku begal yg bebas juga jadi sedikit?
Jawabannya: Kita bicara angka penangkapan, bukan jumlah korban begal...",1681202464979300354,,detikcom,in,,0,0,0,https://x.com/jemibrownies/status/1681202464979300354,890589165808631810,jemibrownies
1680958032237461505,2023-07-18T06:46:10.000Z,0,"@CNNIndonesia Coba Polisi Dan PNS dari outsourching aja biar kerjanya berdasar kinerja.
Pasti ga ada PNS dan Polisi Yg males dan arogan",1681193627790475264,,CNNIndonesia,in,,0,0,0,https://x.com/zenondown/status/1681193627790475264,1281146731481034753,zenondown
1681120332680421378,2023-07-18T01:54:55.000Z,0,"Asistensi Oleh Bidkum Polda Jatim Dalam Mendukung Optimalisasi Kinerja Sikum Jajaran Polda Jatim 
.
.
.

#polresgresik #poldajatim #polresgresikkabupaten #infogresik #gresikupdate #kapolresgresik #police #polisi #polri #polisilalulintas #jawatimur https://t.co/hVVvSFTbFh",1681120332680421378,https://pbs.twimg.com/media/F1SKBrnaEAA_6nu.jpg,,in,,0,0,0,https://x.com/HumasGresik/status/1681120332680421378,3308607517,HumasGresik
1681001261829853184,2023-07-17T18:01:46.000Z,0,"Kalo udah kena tancap sarkas gini tapi ga ada progress untuk evaluasi kinerja ya berarti kita semua tau kalo mereka itu apa? Yak betul sekali polisi baik hati. LMau pake materi se-frontal apa juga ga akan ngena, karena mereka baik. Lebih baik untuk tidak melapor kejahatan 🥳🙌🏻",1681001261829853184,,,in,,0,1,0,https://x.com/bstnarmstrong/status/1681001261829853184,627316991,bstnarmstrong
1680853435334414336,2023-07-17T13:34:45.000Z,0,"@asipokiluper @jokowi Ujug"" viral, besoknya di media masalah beres.

Ujung"" viral, besoknya di media masalh ditangani polisi.

Gitu terus kerjadiannya .. 
Tau"" ada survei kinerja kepolisian naik..

Ga ngerti saya juga",1680934061160759299,,shda_agatha_,in,,0,0,0,https://x.com/shda_agatha_/status/1680934061160759299,966143130,shda_agatha_
1680895428471017472,2023-07-17T12:49:47.000Z,2,@kumparan Hukuman y ringan bgt.. pantas semakin byk oknum polisi kinerja amburadul..masuk nyogok eh hukuman disiplin y model beginian..ambyar..,1680922747361439744,,kumparan,in,,0,0,1,https://x.com/iskan45v/status/1680922747361439744,1241596438561181696,iskan45v
1680833291199614976,2023-07-17T06:54:19.000Z,1,"Kapolres Aceh Jaya Mengikuti Video Conference 
Pembukaan Taklimat Awal Audit Kinerja Tahap II 
Itwasum Polri.

@kapolda_aceh
@divisihumaspolri
@polripresisi
@indonesia_police_
@polisi_peduli
@polisi_ku
@akpol_alumni
@halo_polisi
@polisi_indonesia
@polresacehjaya https://t.co/8gBClrUQUG",1680833291199614976,https://pbs.twimg.com/media/F1OE5EHakAAW4_u.jpg,,in,,0,0,0,https://x.com/Polresacehjaya/status/1680833291199614976,1093721168836681728,Polresacehjaya
1680545312551899136,2023-07-16T12:50:19.000Z,0,@cimotyy Makasih kak infonya semoga dengan adanya #PesawatPolisi kinerja polisi bisa lebih baik lagi,1680560492882935808,,cimotyy,in,,0,0,0,https://x.com/kimcajinra/status/1680560492882935808,1442138013840990217,kimcajinra
1680545312577060864,2023-07-16T12:24:38.000Z,0,"@iniariani Hebattt Polri Sigap banget yaaa, semoga dengan adanya #PesawatPolisi ini bisa membantu meringankan pekerjaan para polisi, dan memaksimalkan kinerja mereka🥹",1680554031314345986,,iniariani,in,,0,0,0,https://x.com/txtsafira/status/1680554031314345986,1497017510742298641,txtsafira
1681305763636207617,2023-07-18T14:11:45.000Z,2,"Evaluasi Kinerja, Kapolda Aceh Bersama Pejabat Utama melaksanakan Coffee Morning. 

@kapolda_aceh
@bidhumaspoldaaceh
@divisihumaspolri 
@polripresisi
@indonesia_police_
@polisi_peduli
@polisi_ku
@halo_polisi
@polisi_indonesia

#bidhumaspoldaaceh #poldaaceh #polripresisi https://t.co/64pLlkbr1K",1681305763636207617,https://pbs.twimg.com/media/F1UyrbwaYAQiCXH.jpg,,in,,0,0,1,https://x.com/bidhumasaceh/status/1681305763636207617,1254966776410124289,bidhumasaceh
1681270088375185410,2023-07-18T12:04:44.000Z,0,"@cimotyy Semoga dengan adanya #PesawatPolisi, kinerja polisi semakin baik ya",1681273797880741888,,cimotyy,in,,0,0,0,https://x.com/befriendssss/status/1681273797880741888,1394966564831563781,befriendssss
1681270088375185410,2023-07-18T12:00:57.000Z,0,@cimotyy wah ternyata emang banyak manfaatnya ya dengan pesawat baru polisi ini. semoga makin mempermudah kinerja Polri Sigap dalam melakukan pekerjaannya #PesawatPolisi,1681272844842594307,,cimotyy,in,,0,0,0,https://x.com/loveagairn/status/1681272844842594307,3070088311,loveagairn
1681154828834095104,2023-07-18T07:21:17.000Z,1,"@detikcom Logika nya: Semakin sedikit begal yg ditangkap, semakin baik kinerja polisi...
Pertanyaannya: Apa artinya pelaku begal yg bebas juga jadi sedikit?
Jawabannya: Kita bicara angka penangkapan, bukan jumlah korban begal...",1681202464979300354,,detikcom,in,,0,0,0,https://x.com/jemibrownies/status/1681202464979300354,890589165808631810,jemibrownies
1680958032237461505,2023-07-18T06:46:10.000Z,0,"@CNNIndonesia Coba Polisi Dan PNS dari outsourching aja biar kerjanya berdasar kinerja.
Pasti ga ada PNS dan Polisi Yg males dan arogan",1681193627790475264,,CNNIndonesia,in,,0,0,0,https://x.com/zenondown/status/1681193627790475264,1281146731481034753,zenondown
1681120332680421378,2023-07-18T01:54:55.000Z,0,"Asistensi Oleh Bidkum Polda Jatim Dalam Mendukung Optimalisasi Kinerja Sikum Jajaran Polda Jatim 
.
.
.

#polresgresik #poldajatim #polresgresikkabupaten #infogresik #gresikupdate #kapolresgresik #police #polisi #polri #polisilalulintas #jawatimur https://t.co/hVVvSFTbFh",1681120332680421378,https://pbs.twimg.com/media/F1SKBrnaEAA_6nu.jpg,,in,,0,0,0,https://x.com/HumasGresik/status/1681120332680421378,3308607517,HumasGresik
1681001261829853184,2023-07-17T18:01:46.000Z,0,"Kalo udah kena tancap sarkas gini tapi ga ada progress untuk evaluasi kinerja ya berarti kita semua tau kalo mereka itu apa? Yak betul sekali polisi baik hati. LMau pake materi se-frontal apa juga ga akan ngena, karena mereka baik. Lebih baik untuk tidak melapor kejahatan 🥳🙌🏻",1681001261829853184,,,in,,0,1,0,https://x.com/bstnarmstrong/status/1681001261829853184,627316991,bstnarmstrong
1680853435334414336,2023-07-17T13:34:45.000Z,0,"@asipokiluper @jokowi Ujug"" viral, besoknya di media masalah beres.

Ujung"" viral, besoknya di media masalh ditangani polisi.

Gitu terus kerjadiannya .. 
Tau"" ada survei kinerja kepolisian naik..

Ga ngerti saya juga",1680934061160759299,,shda_agatha_,in,,0,0,0,https://x.com/shda_agatha_/status/1680934061160759299,966143130,shda_agatha_
1680895428471017472,2023-07-17T12:49:47.000Z,2,@kumparan Hukuman y ringan bgt.. pantas semakin byk oknum polisi kinerja amburadul..masuk nyogok eh hukuman disiplin y model beginian..ambyar..,1680922747361439744,,kumparan,in,,0,0,1,https://x.com/iskan45v/status/1680922747361439744,1241596438561181696,iskan45v
1680833291199614976,2023-07-17T06:54:19.000Z,1,"Kapolres Aceh Jaya Mengikuti Video Conference 
Pembukaan Taklimat Awal Audit Kinerja Tahap II 
Itwasum Polri.

@kapolda_aceh
@divisihumaspolri
@polripresisi
@indonesia_police_
@polisi_peduli
@polisi_ku
@akpol_alumni
@halo_polisi
@polisi_indonesia
@polresacehjaya https://t.co/8gBClrUQUG",1680833291199614976,https://pbs.twimg.com/media/F1OE5EHakAAW4_u.jpg,,in,,0,0,0,https://x.com/Polresacehjaya/status/1680833291199614976,1093721168836681728,Polresacehjaya
1680545312551899136,2023-07-16T12:50:19.000Z,0,@cimotyy Makasih kak infonya semoga dengan adanya #PesawatPolisi kinerja polisi bisa lebih baik lagi,1680560492882935808,,cimotyy,in,,0,0,0,https://x.com/kimcajinra/status/1680560492882935808,1442138013840990217,kimcajinra
1680545312577060864,2023-07-16T12:24:38.000Z,0,"@iniariani Hebattt Polri Sigap banget yaaa, semoga dengan adanya #PesawatPolisi ini bisa membantu meringankan pekerjaan para polisi, dan memaksimalkan kinerja mereka🥹",1680554031314345986,,iniariani,in,,0,0,0,https://x.com/txtsafira/status/1680554031314345986,1497017510742298641,txtsafira
1682500836616998912,2023-07-21T21:20:33.000Z,0,"Jadi wni
-pajak loe sebagian besar ditilep buat danain liburan, tas mewah, rubicon macem macem anak ngehe mario dandy
-data nik sampe no telfon bs bocor, menkominfo tidur
-lembaga hukum bs diperjualbelikan, kinerja polisi tau sendiri
-bumn jadi bancakan korupsi, dll",1682500836616998912,,,in,,0,0,0,https://x.com/semburatwarna/status/1682500836616998912,1453633339781382145,semburatwarna
1682171473048514560,2023-07-21T04:35:14.000Z,0,"@tanyarlfes Bnyk kasus"" kek gini dan pada akhirnya korban pasrah krn kinerja polisi yg klo gak ada dwt gk akn ditindaklanjuti apalgi korban bukan siapa"" jd mereka semkin sepele. Betapa dzolimnya kalian para polisi .",1682247841547448320,,tanyarlfes,in,,0,0,0,https://x.com/Srie31528314/status/1682247841547448320,1395636022814199810,Srie31528314
1681820257399484417,2023-07-20T22:45:03.000Z,0,"@Pai_C1 Dari pada lapor polisi,mending warga saja yg menghukum.....sekarang masyarakat kurang percaya dengan kinerja polisi,...jdi BERKURANG RAYA KEPERCAYAANNYA.

Cc : @ListyoSigitP @DivHumas_Polri",1682159715705569280,,Pai_C1,in,,0,0,0,https://x.com/try100889/status/1682159715705569280,751040460798525441,try100889
1681966643201859584,2023-07-20T09:57:51.000Z,4,"Bertempat di halaman belakang Polsek Denpasar Barat, Kamis (20/7) pagi, Kapolsek Kompol I Gusti Agung Made Ari Herawan, S. IK., memimpin apel jam pimpinan sekaligus dirangkai dengan analisa dan evaluasi (anev) kinerja Polisi Banjar. https://t.co/4BTobLZ7mV",1681966643201859584,https://pbs.twimg.com/media/F1eLu2yaQAEyP1W.jpg,,in,,0,0,1,https://x.com/Polsek_Denbar/status/1681966643201859584,1303256647654019073,Polsek_Denbar
1681959472628125696,2023-07-20T09:29:22.000Z,2,"Kepala Satuan Polisi Pamong Praja Kabupaten Pringsewu Ibnu Harjiyanto, S.Pd sekaligus menjadi Mentor pada Seminar Rancangan dan Implementasi Aksi Perubahan Kinerja Organisasi Pelatihan Kepemimpinan Administrator Angkatan I, bertempat di Kantor BPSDM Provinsi Lampung. (20/07/2023) https://t.co/dvR2Ecohi6",1681959472628125696,https://pbs.twimg.com/media/F1eFL4baUAA89qb.jpg,,in,,0,0,0,https://x.com/polpp_pringsewu/status/1681959472628125696,1144598237258506240,polpp_pringsewu
1681943006805639168,2023-07-20T08:23:56.000Z,0,"@DivHumas_Polri https://t.co/BxQtVy49SO
Apakah layak @HumasPoldaSumut mendapatkan penghargaan dari @kompolnas_ri sebagai Polda terbaik, sementara @polrestabesmdn_ di bawah payung @poldasumut begini kinerja nya??????????
Monggo di jawab.... https://t.co/GStxgmouW1",1681943006805639168,https://pbs.twimg.com/media/F1d2P26akAAJUdn.jpg,DivHumas_Polri,in,,0,0,0,https://x.com/TiurWahyuni/status/1681943006805639168,1364531709815918593,TiurWahyuni
1681908160649646080,2023-07-20T06:18:29.000Z,2,"Walaupun mmg, di luar soal kinerja yg mmg sering jadi sorotan, jumlah polisi kita sendiri mmg terbilang masih terbatas.",1681911438380769280,,zoelfick,in,,0,0,0,https://x.com/zoelfick/status/1681911438380769280,86934018,zoelfick
1681856384923766785,2023-07-20T03:28:50.000Z,0,"@lalaloztu @txtdrimedia Begal merajalela + bringas gara2 kontras? 😁.

Polisi yang kinerja minim sampai jadi fuckup gini seneng banget 😁.",1681868743083966465,,lalaloztu,in,,0,0,0,https://x.com/mr_kampretz/status/1681868743083966465,1291995150978170880,mr_kampretz
1681658179430805505,2023-07-19T22:33:25.000Z,2,"@marcopolokuning @ridwanhr berarti polisinya gak  bisa kerja, kalau ada pendataan kasus penipuan dah ada berapa puluh ribu penipuan, terus berapa persentase kasus penipuan bisa di selesaikan, nah baru tuh polisi tahu kinerja dia baik apa buruk. itu pun kalau mau berbenah serius",1681794399460802560,,marcopolokuning,in,,0,0,0,https://x.com/RNHerdiansyah/status/1681794399460802560,129177480,RNHerdiansyah
1681745820557918208,2023-07-19T19:20:23.000Z,4,"Kasus suami KDRT istri hamil di Serpong Utara, Tangerang Selatan, sempat menjadi sorotan publik. Pasalnya, tersangka BD, sang suami pelaku KDRT, sempat tak ditahan polisi.

Atas hal itu, Kapolres Tangsel, AKBP Faisal Febrianto, menyampaikan permintaan maaf kepada publik. Hal https://t.co/OM49YUojVu",1681745820557918208,https://pbs.twimg.com/media/F1bC6QWaMAA4ujd.jpg,,in,,0,1,1,https://x.com/abouttng/status/1681745820557918208,2818687488,abouttng
1681638332621815809,2023-07-19T12:13:16.000Z,0,"Minta tolong donk pak @ListyoSigitP @DivHumas_Polri @poldasumut_ tolong setiap laporan masyarakat urgen atau tidak urgen tetep di respon donk, jgn semakin masyarakat tidak percaya sama kinerja polisi, tindak tegas oknum polisi yg meremeh kan laporan masyarakat,
BRAVO POLRI.",1681638332621815809,,,in,,0,0,0,https://x.com/RanusKk07/status/1681638332621815809,1633082658,RanusKk07
1681263550059388928,2023-07-19T09:35:28.000Z,0,"@blankbanget @pai703 @merapi_uncover Kayak difilm - film aja, sementara publik udah paham gimana kinerja polisi 😏",1681598620263673856,,blankbanget,in,,0,1,0,https://x.com/kuspoes/status/1681598620263673856,545085170,kuspoes
1679691356594397185,2023-07-19T00:46:54.000Z,0,"@kegblgnunfaedh Polisinya galak setelah viral....belum viral lembek kaya tape....begitu lah kinerja polisi,cuek jika tak ada uang walau korban bonyok ,.

Viral...gerak cepet bagai pahlawan,gmna mw msyarakat respek sama polisi...

Cc : @ListyoSigitP @DivHumas_Polri",1681465603557851136,,kegblgnunfaedh,in,,0,0,0,https://x.com/try100889/status/1681465603557851136,751040460798525441,try100889
1682500836616998912,2023-07-21T21:20:33.000Z,0,"Jadi wni
-pajak loe sebagian besar ditilep buat danain liburan, tas mewah, rubicon macem macem anak ngehe mario dandy
-data nik sampe no telfon bs bocor, menkominfo tidur
-lembaga hukum bs diperjualbelikan, kinerja polisi tau sendiri
-bumn jadi bancakan korupsi, dll",1682500836616998912,,,in,,0,0,0,https://x.com/semburatwarna/status/1682500836616998912,1453633339781382145,semburatwarna
1682171473048514560,2023-07-21T04:35:14.000Z,0,"@tanyarlfes Bnyk kasus"" kek gini dan pada akhirnya korban pasrah krn kinerja polisi yg klo gak ada dwt gk akn ditindaklanjuti apalgi korban bukan siapa"" jd mereka semkin sepele. Betapa dzolimnya kalian para polisi .",1682247841547448320,,tanyarlfes,in,,0,0,0,https://x.com/Srie31528314/status/1682247841547448320,1395636022814199810,Srie31528314
1681820257399484417,2023-07-20T22:45:03.000Z,0,"@Pai_C1 Dari pada lapor polisi,mending warga saja yg menghukum.....sekarang masyarakat kurang percaya dengan kinerja polisi,...jdi BERKURANG RAYA KEPERCAYAANNYA.

Cc : @ListyoSigitP @DivHumas_Polri",1682159715705569280,,Pai_C1,in,,0,0,0,https://x.com/try100889/status/1682159715705569280,751040460798525441,try100889
1681966643201859584,2023-07-20T09:57:51.000Z,4,"Bertempat di halaman belakang Polsek Denpasar Barat, Kamis (20/7) pagi, Kapolsek Kompol I Gusti Agung Made Ari Herawan, S. IK., memimpin apel jam pimpinan sekaligus dirangkai dengan analisa dan evaluasi (anev) kinerja Polisi Banjar. https://t.co/4BTobLZ7mV",1681966643201859584,https://pbs.twimg.com/media/F1eLu2yaQAEyP1W.jpg,,in,,0,0,1,https://x.com/Polsek_Denbar/status/1681966643201859584,1303256647654019073,Polsek_Denbar
1681959472628125696,2023-07-20T09:29:22.000Z,2,"Kepala Satuan Polisi Pamong Praja Kabupaten Pringsewu Ibnu Harjiyanto, S.Pd sekaligus menjadi Mentor pada Seminar Rancangan dan Implementasi Aksi Perubahan Kinerja Organisasi Pelatihan Kepemimpinan Administrator Angkatan I, bertempat di Kantor BPSDM Provinsi Lampung. (20/07/2023) https://t.co/dvR2Ecohi6",1681959472628125696,https://pbs.twimg.com/media/F1eFL4baUAA89qb.jpg,,in,,0,0,0,https://x.com/polpp_pringsewu/status/1681959472628125696,1144598237258506240,polpp_pringsewu
1681943006805639168,2023-07-20T08:23:56.000Z,0,"@DivHumas_Polri https://t.co/BxQtVy49SO
Apakah layak @HumasPoldaSumut mendapatkan penghargaan dari @kompolnas_ri sebagai Polda terbaik, sementara @polrestabesmdn_ di bawah payung @poldasumut begini kinerja nya??????????
Monggo di jawab.... https://t.co/GStxgmouW1",1681943006805639168,https://pbs.twimg.com/media/F1d2P26akAAJUdn.jpg,DivHumas_Polri,in,,0,0,0,https://x.com/TiurWahyuni/status/1681943006805639168,1364531709815918593,TiurWahyuni
1681908160649646080,2023-07-20T06:18:29.000Z,2,"Walaupun mmg, di luar soal kinerja yg mmg sering jadi sorotan, jumlah polisi kita sendiri mmg terbilang masih terbatas.",1681911438380769280,,zoelfick,in,,0,0,0,https://x.com/zoelfick/status/1681911438380769280,86934018,zoelfick
1681856384923766785,2023-07-20T03:28:50.000Z,0,"@lalaloztu @txtdrimedia Begal merajalela + bringas gara2 kontras? 😁.

Polisi yang kinerja minim sampai jadi fuckup gini seneng banget 😁.",1681868743083966465,,lalaloztu,in,,0,0,0,https://x.com/mr_kampretz/status/1681868743083966465,1291995150978170880,mr_kampretz
1681658179430805505,2023-07-19T22:33:25.000Z,2,"@marcopolokuning @ridwanhr berarti polisinya gak  bisa kerja, kalau ada pendataan kasus penipuan dah ada berapa puluh ribu penipuan, terus berapa persentase kasus penipuan bisa di selesaikan, nah baru tuh polisi tahu kinerja dia baik apa buruk. itu pun kalau mau berbenah serius",1681794399460802560,,marcopolokuning,in,,0,0,0,https://x.com/RNHerdiansyah/status/1681794399460802560,129177480,RNHerdiansyah
1681638332621815809,2023-07-19T12:13:16.000Z,0,"Minta tolong donk pak @ListyoSigitP @DivHumas_Polri @poldasumut_ tolong setiap laporan masyarakat urgen atau tidak urgen tetep di respon donk, jgn semakin masyarakat tidak percaya sama kinerja polisi, tindak tegas oknum polisi yg meremeh kan laporan masyarakat,
BRAVO POLRI.",1681638332621815809,,,in,,0,0,0,https://x.com/RanusKk07/status/1681638332621815809,1633082658,RanusKk07
1681263550059388928,2023-07-19T09:35:28.000Z,0,"@blankbanget @pai703 @merapi_uncover Kayak difilm - film aja, sementara publik udah paham gimana kinerja polisi 😏",1681598620263673856,,blankbanget,in,,0,1,0,https://x.com/kuspoes/status/1681598620263673856,545085170,kuspoes
1679691356594397185,2023-07-19T00:46:54.000Z,0,"@kegblgnunfaedh Polisinya galak setelah viral....belum viral lembek kaya tape....begitu lah kinerja polisi,cuek jika tak ada uang walau korban bonyok ,.

Viral...gerak cepet bagai pahlawan,gmna mw msyarakat respek sama polisi...

Cc : @ListyoSigitP @DivHumas_Polri",1681465603557851136,,kegblgnunfaedh,in,,0,0,0,https://x.com/try100889/status/1681465603557851136,751040460798525441,try100889
1682500836616998912,2023-07-21T21:20:33.000Z,0,"Jadi wni
-pajak loe sebagian besar ditilep buat danain liburan, tas mewah, rubicon macem macem anak ngehe mario dandy
-data nik sampe no telfon bs bocor, menkominfo tidur
-lembaga hukum bs diperjualbelikan, kinerja polisi tau sendiri
-bumn jadi bancakan korupsi, dll",1682500836616998912,,,in,,0,0,0,https://x.com/semburatwarna/status/1682500836616998912,1453633339781382145,semburatwarna
1682171473048514560,2023-07-21T04:35:14.000Z,0,"@tanyarlfes Bnyk kasus"" kek gini dan pada akhirnya korban pasrah krn kinerja polisi yg klo gak ada dwt gk akn ditindaklanjuti apalgi korban bukan siapa"" jd mereka semkin sepele. Betapa dzolimnya kalian para polisi .",1682247841547448320,,tanyarlfes,in,,0,0,0,https://x.com/Srie31528314/status/1682247841547448320,1395636022814199810,Srie31528314
1681820257399484417,2023-07-20T22:45:03.000Z,0,"@Pai_C1 Dari pada lapor polisi,mending warga saja yg menghukum.....sekarang masyarakat kurang percaya dengan kinerja polisi,...jdi BERKURANG RAYA KEPERCAYAANNYA.

Cc : @ListyoSigitP @DivHumas_Polri",1682159715705569280,,Pai_C1,in,,0,0,0,https://x.com/try100889/status/1682159715705569280,751040460798525441,try100889
1681966643201859584,2023-07-20T09:57:51.000Z,4,"Bertempat di halaman belakang Polsek Denpasar Barat, Kamis (20/7) pagi, Kapolsek Kompol I Gusti Agung Made Ari Herawan, S. IK., memimpin apel jam pimpinan sekaligus dirangkai dengan analisa dan evaluasi (anev) kinerja Polisi Banjar. https://t.co/4BTobLZ7mV",1681966643201859584,https://pbs.twimg.com/media/F1eLu2yaQAEyP1W.jpg,,in,,0,0,1,https://x.com/Polsek_Denbar/status/1681966643201859584,1303256647654019073,Polsek_Denbar
1681959472628125696,2023-07-20T09:29:22.000Z,2,"Kepala Satuan Polisi Pamong Praja Kabupaten Pringsewu Ibnu Harjiyanto, S.Pd sekaligus menjadi Mentor pada Seminar Rancangan dan Implementasi Aksi Perubahan Kinerja Organisasi Pelatihan Kepemimpinan Administrator Angkatan I, bertempat di Kantor BPSDM Provinsi Lampung. (20/07/2023) https://t.co/dvR2Ecohi6",1681959472628125696,https://pbs.twimg.com/media/F1eFL4baUAA89qb.jpg,,in,,0,0,0,https://x.com/polpp_pringsewu/status/1681959472628125696,1144598237258506240,polpp_pringsewu
1681943006805639168,2023-07-20T08:23:56.000Z,0,"@DivHumas_Polri https://t.co/BxQtVy49SO
Apakah layak @HumasPoldaSumut mendapatkan penghargaan dari @kompolnas_ri sebagai Polda terbaik, sementara @polrestabesmdn_ di bawah payung @poldasumut begini kinerja nya??????????
Monggo di jawab.... https://t.co/GStxgmouW1",1681943006805639168,https://pbs.twimg.com/media/F1d2P26akAAJUdn.jpg,DivHumas_Polri,in,,0,0,0,https://x.com/TiurWahyuni/status/1681943006805639168,1364531709815918593,TiurWahyuni
1681908160649646080,2023-07-20T06:18:29.000Z,2,"Walaupun mmg, di luar soal kinerja yg mmg sering jadi sorotan, jumlah polisi kita sendiri mmg terbilang masih terbatas.",1681911438380769280,,zoelfick,in,,0,0,0,https://x.com/zoelfick/status/1681911438380769280,86934018,zoelfick
1681856384923766785,2023-07-20T03:28:50.000Z,0,"@lalaloztu @txtdrimedia Begal merajalela + bringas gara2 kontras? 😁.

Polisi yang kinerja minim sampai jadi fuckup gini seneng banget 😁.",1681868743083966465,,lalaloztu,in,,0,0,0,https://x.com/mr_kampretz/status/1681868743083966465,1291995150978170880,mr_kampretz
1681658179430805505,2023-07-19T22:33:25.000Z,2,"@marcopolokuning @ridwanhr berarti polisinya gak  bisa kerja, kalau ada pendataan kasus penipuan dah ada berapa puluh ribu penipuan, terus berapa persentase kasus penipuan bisa di selesaikan, nah baru tuh polisi tahu kinerja dia baik apa buruk. itu pun kalau mau berbenah serius",1681794399460802560,,marcopolokuning,in,,0,0,0,https://x.com/RNHerdiansyah/status/1681794399460802560,129177480,RNHerdiansyah
1681638332621815809,2023-07-19T12:13:16.000Z,0,"Minta tolong donk pak @ListyoSigitP @DivHumas_Polri @poldasumut_ tolong setiap laporan masyarakat urgen atau tidak urgen tetep di respon donk, jgn semakin masyarakat tidak percaya sama kinerja polisi, tindak tegas oknum polisi yg meremeh kan laporan masyarakat,
BRAVO POLRI.",1681638332621815809,,,in,,0,0,0,https://x.com/RanusKk07/status/1681638332621815809,1633082658,RanusKk07
1681263550059388928,2023-07-19T09:35:28.000Z,0,"@blankbanget @pai703 @merapi_uncover Kayak difilm - film aja, sementara publik udah paham gimana kinerja polisi 😏",1681598620263673856,,blankbanget,in,,0,1,0,https://x.com/kuspoes/status/1681598620263673856,545085170,kuspoes
1679691356594397185,2023-07-19T00:46:54.000Z,0,"@kegblgnunfaedh Polisinya galak setelah viral....belum viral lembek kaya tape....begitu lah kinerja polisi,cuek jika tak ada uang walau korban bonyok ,.

Viral...gerak cepet bagai pahlawan,gmna mw msyarakat respek sama polisi...

Cc : @ListyoSigitP @DivHumas_Polri",1681465603557851136,,kegblgnunfaedh,in,,0,0,0,https://x.com/try100889/status/1681465603557851136,751040460798525441,try100889
1682500836616998912,2023-07-21T21:20:33.000Z,0,"Jadi wni
-pajak loe sebagian besar ditilep buat danain liburan, tas mewah, rubicon macem macem anak ngehe mario dandy
-data nik sampe no telfon bs bocor, menkominfo tidur
-lembaga hukum bs diperjualbelikan, kinerja polisi tau sendiri
-bumn jadi bancakan korupsi, dll",1682500836616998912,,,in,,0,0,0,https://x.com/semburatwarna/status/1682500836616998912,1453633339781382145,semburatwarna
1682171473048514560,2023-07-21T04:35:14.000Z,0,"@tanyarlfes Bnyk kasus"" kek gini dan pada akhirnya korban pasrah krn kinerja polisi yg klo gak ada dwt gk akn ditindaklanjuti apalgi korban bukan siapa"" jd mereka semkin sepele. Betapa dzolimnya kalian para polisi .",1682247841547448320,,tanyarlfes,in,,0,0,0,https://x.com/Srie31528314/status/1682247841547448320,1395636022814199810,Srie31528314
1681820257399484417,2023-07-20T22:45:03.000Z,0,"@Pai_C1 Dari pada lapor polisi,mending warga saja yg menghukum.....sekarang masyarakat kurang percaya dengan kinerja polisi,...jdi BERKURANG RAYA KEPERCAYAANNYA.

Cc : @ListyoSigitP @DivHumas_Polri",1682159715705569280,,Pai_C1,in,,0,0,0,https://x.com/try100889/status/1682159715705569280,751040460798525441,try100889
1681966643201859584,2023-07-20T09:57:51.000Z,4,"Bertempat di halaman belakang Polsek Denpasar Barat, Kamis (20/7) pagi, Kapolsek Kompol I Gusti Agung Made Ari Herawan, S. IK., memimpin apel jam pimpinan sekaligus dirangkai dengan analisa dan evaluasi (anev) kinerja Polisi Banjar. https://t.co/4BTobLZ7mV",1681966643201859584,https://pbs.twimg.com/media/F1eLu2yaQAEyP1W.jpg,,in,,0,0,1,https://x.com/Polsek_Denbar/status/1681966643201859584,1303256647654019073,Polsek_Denbar
1681959472628125696,2023-07-20T09:29:22.000Z,2,"Kepala Satuan Polisi Pamong Praja Kabupaten Pringsewu Ibnu Harjiyanto, S.Pd sekaligus menjadi Mentor pada Seminar Rancangan dan Implementasi Aksi Perubahan Kinerja Organisasi Pelatihan Kepemimpinan Administrator Angkatan I, bertempat di Kantor BPSDM Provinsi Lampung. (20/07/2023) https://t.co/dvR2Ecohi6",1681959472628125696,https://pbs.twimg.com/media/F1eFL4baUAA89qb.jpg,,in,,0,0,0,https://x.com/polpp_pringsewu/status/1681959472628125696,1144598237258506240,polpp_pringsewu
1681943006805639168,2023-07-20T08:23:56.000Z,0,"@DivHumas_Polri https://t.co/BxQtVy49SO
Apakah layak @HumasPoldaSumut mendapatkan penghargaan dari @kompolnas_ri sebagai Polda terbaik, sementara @polrestabesmdn_ di bawah payung @poldasumut begini kinerja nya??????????
Monggo di jawab.... https://t.co/GStxgmouW1",1681943006805639168,https://pbs.twimg.com/media/F1d2P26akAAJUdn.jpg,DivHumas_Polri,in,,0,0,0,https://x.com/TiurWahyuni/status/1681943006805639168,1364531709815918593,TiurWahyuni
1681908160649646080,2023-07-20T06:18:29.000Z,2,"Walaupun mmg, di luar soal kinerja yg mmg sering jadi sorotan, jumlah polisi kita sendiri mmg terbilang masih terbatas.",1681911438380769280,,zoelfick,in,,0,0,0,https://x.com/zoelfick/status/1681911438380769280,86934018,zoelfick
1681856384923766785,2023-07-20T03:28:50.000Z,0,"@lalaloztu @txtdrimedia Begal merajalela + bringas gara2 kontras? 😁.

Polisi yang kinerja minim sampai jadi fuckup gini seneng banget 😁.",1681868743083966465,,lalaloztu,in,,0,0,0,https://x.com/mr_kampretz/status/1681868743083966465,1291995150978170880,mr_kampretz
1681658179430805505,2023-07-19T22:33:25.000Z,2,"@marcopolokuning @ridwanhr berarti polisinya gak  bisa kerja, kalau ada pendataan kasus penipuan dah ada berapa puluh ribu penipuan, terus berapa persentase kasus penipuan bisa di selesaikan, nah baru tuh polisi tahu kinerja dia baik apa buruk. itu pun kalau mau berbenah serius",1681794399460802560,,marcopolokuning,in,,0,0,0,https://x.com/RNHerdiansyah/status/1681794399460802560,129177480,RNHerdiansyah
1681638332621815809,2023-07-19T12:13:16.000Z,0,"Minta tolong donk pak @ListyoSigitP @DivHumas_Polri @poldasumut_ tolong setiap laporan masyarakat urgen atau tidak urgen tetep di respon donk, jgn semakin masyarakat tidak percaya sama kinerja polisi, tindak tegas oknum polisi yg meremeh kan laporan masyarakat,
BRAVO POLRI.",1681638332621815809,,,in,,0,0,0,https://x.com/RanusKk07/status/1681638332621815809,1633082658,RanusKk07
1681263550059388928,2023-07-19T09:35:28.000Z,0,"@blankbanget @pai703 @merapi_uncover Kayak difilm - film aja, sementara publik udah paham gimana kinerja polisi 😏",1681598620263673856,,blankbanget,in,,0,1,0,https://x.com/kuspoes/status/1681598620263673856,545085170,kuspoes
1679691356594397185,2023-07-19T00:46:54.000Z,0,"@kegblgnunfaedh Polisinya galak setelah viral....belum viral lembek kaya tape....begitu lah kinerja polisi,cuek jika tak ada uang walau korban bonyok ,.

Viral...gerak cepet bagai pahlawan,gmna mw msyarakat respek sama polisi...

Cc : @ListyoSigitP @DivHumas_Polri",1681465603557851136,,kegblgnunfaedh,in,,0,0,0,https://x.com/try100889/status/1681465603557851136,751040460798525441,try100889
1682500836616998912,2023-07-21T21:20:33.000Z,0,"Jadi wni
-pajak loe sebagian besar ditilep buat danain liburan, tas mewah, rubicon macem macem anak ngehe mario dandy
-data nik sampe no telfon bs bocor, menkominfo tidur
-lembaga hukum bs diperjualbelikan, kinerja polisi tau sendiri
-bumn jadi bancakan korupsi, dll",1682500836616998912,,,in,,0,0,0,https://x.com/semburatwarna/status/1682500836616998912,1453633339781382145,semburatwarna
1682171473048514560,2023-07-21T04:35:14.000Z,0,"@tanyarlfes Bnyk kasus"" kek gini dan pada akhirnya korban pasrah krn kinerja polisi yg klo gak ada dwt gk akn ditindaklanjuti apalgi korban bukan siapa"" jd mereka semkin sepele. Betapa dzolimnya kalian para polisi .",1682247841547448320,,tanyarlfes,in,,0,0,0,https://x.com/Srie31528314/status/1682247841547448320,1395636022814199810,Srie31528314
1681820257399484417,2023-07-20T22:45:03.000Z,0,"@Pai_C1 Dari pada lapor polisi,mending warga saja yg menghukum.....sekarang masyarakat kurang percaya dengan kinerja polisi,...jdi BERKURANG RAYA KEPERCAYAANNYA.

Cc : @ListyoSigitP @DivHumas_Polri",1682159715705569280,,Pai_C1,in,,0,0,0,https://x.com/try100889/status/1682159715705569280,751040460798525441,try100889
1681966643201859584,2023-07-20T09:57:51.000Z,4,"Bertempat di halaman belakang Polsek Denpasar Barat, Kamis (20/7) pagi, Kapolsek Kompol I Gusti Agung Made Ari Herawan, S. IK., memimpin apel jam pimpinan sekaligus dirangkai dengan analisa dan evaluasi (anev) kinerja Polisi Banjar. https://t.co/4BTobLZ7mV",1681966643201859584,https://pbs.twimg.com/media/F1eLu2yaQAEyP1W.jpg,,in,,0,0,1,https://x.com/Polsek_Denbar/status/1681966643201859584,1303256647654019073,Polsek_Denbar
1681959472628125696,2023-07-20T09:29:22.000Z,2,"Kepala Satuan Polisi Pamong Praja Kabupaten Pringsewu Ibnu Harjiyanto, S.Pd sekaligus menjadi Mentor pada Seminar Rancangan dan Implementasi Aksi Perubahan Kinerja Organisasi Pelatihan Kepemimpinan Administrator Angkatan I, bertempat di Kantor BPSDM Provinsi Lampung. (20/07/2023) https://t.co/dvR2Ecohi6",1681959472628125696,https://pbs.twimg.com/media/F1eFL4baUAA89qb.jpg,,in,,0,0,0,https://x.com/polpp_pringsewu/status/1681959472628125696,1144598237258506240,polpp_pringsewu
1681943006805639168,2023-07-20T08:23:56.000Z,0,"@DivHumas_Polri https://t.co/BxQtVy49SO
Apakah layak @HumasPoldaSumut mendapatkan penghargaan dari @kompolnas_ri sebagai Polda terbaik, sementara @polrestabesmdn_ di bawah payung @poldasumut begini kinerja nya??????????
Monggo di jawab.... https://t.co/GStxgmouW1",1681943006805639168,https://pbs.twimg.com/media/F1d2P26akAAJUdn.jpg,DivHumas_Polri,in,,0,0,0,https://x.com/TiurWahyuni/status/1681943006805639168,1364531709815918593,TiurWahyuni
1681908160649646080,2023-07-20T06:18:29.000Z,2,"Walaupun mmg, di luar soal kinerja yg mmg sering jadi sorotan, jumlah polisi kita sendiri mmg terbilang masih terbatas.",1681911438380769280,,zoelfick,in,,0,0,0,https://x.com/zoelfick/status/1681911438380769280,86934018,zoelfick
1681856384923766785,2023-07-20T03:28:50.000Z,0,"@lalaloztu @txtdrimedia Begal merajalela + bringas gara2 kontras? 😁.

Polisi yang kinerja minim sampai jadi fuckup gini seneng banget 😁.",1681868743083966465,,lalaloztu,in,,0,0,0,https://x.com/mr_kampretz/status/1681868743083966465,1291995150978170880,mr_kampretz
1681658179430805505,2023-07-19T22:33:25.000Z,2,"@marcopolokuning @ridwanhr berarti polisinya gak  bisa kerja, kalau ada pendataan kasus penipuan dah ada berapa puluh ribu penipuan, terus berapa persentase kasus penipuan bisa di selesaikan, nah baru tuh polisi tahu kinerja dia baik apa buruk. itu pun kalau mau berbenah serius",1681794399460802560,,marcopolokuning,in,,0,0,0,https://x.com/RNHerdiansyah/status/1681794399460802560,129177480,RNHerdiansyah
1681638332621815809,2023-07-19T12:13:16.000Z,0,"Minta tolong donk pak @ListyoSigitP @DivHumas_Polri @poldasumut_ tolong setiap laporan masyarakat urgen atau tidak urgen tetep di respon donk, jgn semakin masyarakat tidak percaya sama kinerja polisi, tindak tegas oknum polisi yg meremeh kan laporan masyarakat,
BRAVO POLRI.",1681638332621815809,,,in,,0,0,0,https://x.com/RanusKk07/status/1681638332621815809,1633082658,RanusKk07
1681263550059388928,2023-07-19T09:35:28.000Z,0,"@blankbanget @pai703 @merapi_uncover Kayak difilm - film aja, sementara publik udah paham gimana kinerja polisi 😏",1681598620263673856,,blankbanget,in,,0,1,0,https://x.com/kuspoes/status/1681598620263673856,545085170,kuspoes
1679691356594397185,2023-07-19T00:46:54.000Z,0,"@kegblgnunfaedh Polisinya galak setelah viral....belum viral lembek kaya tape....begitu lah kinerja polisi,cuek jika tak ada uang walau korban bonyok ,.

Viral...gerak cepet bagai pahlawan,gmna mw msyarakat respek sama polisi...

Cc : @ListyoSigitP @DivHumas_Polri",1681465603557851136,,kegblgnunfaedh,in,,0,0,0,https://x.com/try100889/status/1681465603557851136,751040460798525441,try100889
1682500836616998912,2023-07-21T21:20:33.000Z,0,"Jadi wni
-pajak loe sebagian besar ditilep buat danain liburan, tas mewah, rubicon macem macem anak ngehe mario dandy
-data nik sampe no telfon bs bocor, menkominfo tidur
-lembaga hukum bs diperjualbelikan, kinerja polisi tau sendiri
-bumn jadi bancakan korupsi, dll",1682500836616998912,,,in,,0,0,0,https://x.com/semburatwarna/status/1682500836616998912,1453633339781382145,semburatwarna
1682171473048514560,2023-07-21T04:35:14.000Z,0,"@tanyarlfes Bnyk kasus"" kek gini dan pada akhirnya korban pasrah krn kinerja polisi yg klo gak ada dwt gk akn ditindaklanjuti apalgi korban bukan siapa"" jd mereka semkin sepele. Betapa dzolimnya kalian para polisi .",1682247841547448320,,tanyarlfes,in,,0,0,0,https://x.com/Srie31528314/status/1682247841547448320,1395636022814199810,Srie31528314
1681820257399484417,2023-07-20T22:45:03.000Z,0,"@Pai_C1 Dari pada lapor polisi,mending warga saja yg menghukum.....sekarang masyarakat kurang percaya dengan kinerja polisi,...jdi BERKURANG RAYA KEPERCAYAANNYA.

Cc : @ListyoSigitP @DivHumas_Polri",1682159715705569280,,Pai_C1,in,,0,0,0,https://x.com/try100889/status/1682159715705569280,751040460798525441,try100889
1681966643201859584,2023-07-20T09:57:51.000Z,4,"Bertempat di halaman belakang Polsek Denpasar Barat, Kamis (20/7) pagi, Kapolsek Kompol I Gusti Agung Made Ari Herawan, S. IK., memimpin apel jam pimpinan sekaligus dirangkai dengan analisa dan evaluasi (anev) kinerja Polisi Banjar. https://t.co/4BTobLZ7mV",1681966643201859584,https://pbs.twimg.com/media/F1eLu2yaQAEyP1W.jpg,,in,,0,0,1,https://x.com/Polsek_Denbar/status/1681966643201859584,1303256647654019073,Polsek_Denbar
1681959472628125696,2023-07-20T09:29:22.000Z,2,"Kepala Satuan Polisi Pamong Praja Kabupaten Pringsewu Ibnu Harjiyanto, S.Pd sekaligus menjadi Mentor pada Seminar Rancangan dan Implementasi Aksi Perubahan Kinerja Organisasi Pelatihan Kepemimpinan Administrator Angkatan I, bertempat di Kantor BPSDM Provinsi Lampung. (20/07/2023) https://t.co/dvR2Ecohi6",1681959472628125696,https://pbs.twimg.com/media/F1eFL4baUAA89qb.jpg,,in,,0,0,0,https://x.com/polpp_pringsewu/status/1681959472628125696,1144598237258506240,polpp_pringsewu
1681943006805639168,2023-07-20T08:23:56.000Z,0,"@DivHumas_Polri https://t.co/BxQtVy49SO
Apakah layak @HumasPoldaSumut mendapatkan penghargaan dari @kompolnas_ri sebagai Polda terbaik, sementara @polrestabesmdn_ di bawah payung @poldasumut begini kinerja nya??????????
Monggo di jawab.... https://t.co/GStxgmouW1",1681943006805639168,https://pbs.twimg.com/media/F1d2P26akAAJUdn.jpg,DivHumas_Polri,in,,0,0,0,https://x.com/TiurWahyuni/status/1681943006805639168,1364531709815918593,TiurWahyuni
1681908160649646080,2023-07-20T06:18:29.000Z,2,"Walaupun mmg, di luar soal kinerja yg mmg sering jadi sorotan, jumlah polisi kita sendiri mmg terbilang masih terbatas.",1681911438380769280,,zoelfick,in,,0,0,0,https://x.com/zoelfick/status/1681911438380769280,86934018,zoelfick
1681856384923766785,2023-07-20T03:28:50.000Z,0,"@lalaloztu @txtdrimedia Begal merajalela + bringas gara2 kontras? 😁.

Polisi yang kinerja minim sampai jadi fuckup gini seneng banget 😁.",1681868743083966465,,lalaloztu,in,,0,0,0,https://x.com/mr_kampretz/status/1681868743083966465,1291995150978170880,mr_kampretz
1681658179430805505,2023-07-19T22:33:25.000Z,2,"@marcopolokuning @ridwanhr berarti polisinya gak  bisa kerja, kalau ada pendataan kasus penipuan dah ada berapa puluh ribu penipuan, terus berapa persentase kasus penipuan bisa di selesaikan, nah baru tuh polisi tahu kinerja dia baik apa buruk. itu pun kalau mau berbenah serius",1681794399460802560,,marcopolokuning,in,,0,0,0,https://x.com/RNHerdiansyah/status/1681794399460802560,129177480,RNHerdiansyah
1681638332621815809,2023-07-19T12:13:16.000Z,0,"Minta tolong donk pak @ListyoSigitP @DivHumas_Polri @poldasumut_ tolong setiap laporan masyarakat urgen atau tidak urgen tetep di respon donk, jgn semakin masyarakat tidak percaya sama kinerja polisi, tindak tegas oknum polisi yg meremeh kan laporan masyarakat,
BRAVO POLRI.",1681638332621815809,,,in,,0,0,0,https://x.com/RanusKk07/status/1681638332621815809,1633082658,RanusKk07
1681263550059388928,2023-07-19T09:35:28.000Z,0,"@blankbanget @pai703 @merapi_uncover Kayak difilm - film aja, sementara publik udah paham gimana kinerja polisi 😏",1681598620263673856,,blankbanget,in,,0,1,0,https://x.com/kuspoes/status/1681598620263673856,545085170,kuspoes
1679691356594397185,2023-07-19T00:46:54.000Z,0,"@kegblgnunfaedh Polisinya galak setelah viral....belum viral lembek kaya tape....begitu lah kinerja polisi,cuek jika tak ada uang walau korban bonyok ,.

Viral...gerak cepet bagai pahlawan,gmna mw msyarakat respek sama polisi...

Cc : @ListyoSigitP @DivHumas_Polri",1681465603557851136,,kegblgnunfaedh,in,,0,0,0,https://x.com/try100889/status/1681465603557851136,751040460798525441,try100889
1683662993186525185,2023-07-25T17:39:22.000Z,0,@VIVAcoid Sudah saatnya polisi membuka afiliate bagi emak2 karna sangat membantu meringankan kinerja kepolisian..,1683894725655560193,,VIVAcoid,in,,0,0,0,https://x.com/mamangkabilator/status/1683894725655560193,100139579,mamangkabilator
1683726288736112642,2023-07-25T10:45:04.000Z,1085,"@tanyakanrl NIH POLISI KAPANNNN BENERNYA SIH??????? MUAK GW SAMA INSTITUSI LO, KADANG LO KALAH SAMA EMAK EMAKKKK CUYYYYYYYYYYYYYYYYYY

MIKIR LO ITU DIBAYAR ANJING, PERUT AJA BUNCIT, KINERJA KAYAK SILIT",1683790464603004928,,tanyakanrl,in,,1,2,47,https://x.com/youarrrrmine/status/1683790464603004928,1522084820851081217,youarrrrmine
1683700264463896576,2023-07-25T04:46:39.000Z,0,Bidang PPUD Satuan Polisi Pamong Praja Provinsi Lampung melaksanakan Rapat Intern dalam rangka memaksimalkan kinerja dan pelaksanaan program kegiatan pada Bidang PPUD Satpol PP Provinsi Lampung. (24/07/2023) https://t.co/MLaSku4p5A,1683700264463896576,https://pbs.twimg.com/media/F120c55aAAAzPH0.jpg,,in,,0,1,0,https://x.com/prajawibawalam1/status/1683700264463896576,1486915145787850752,prajawibawalam1
1683635383177990144,2023-07-25T02:30:28.000Z,1,"@txtdrpemerintah Polisi itu udah tahan tamparan, banyak sindiran untuk lebih maju tapi kinerja tetap gitu gitu aja",1683665993527349250,,txtdrpemerintah,in,,0,1,1,https://x.com/iihjiji/status/1683665993527349250,968246201530253314,iihjiji
1683140664052293632,2023-07-25T00:12:02.000Z,0,"@Heraloebss Ayo pak @ListyoSigitP 
Saya mendukungmu berantas Yg tidak benar di Negeri ini, dan memperbaiki kinerja polisi",1683631156745605121,,Heraloebss,in,,0,0,0,https://x.com/2020PanenJagung/status/1683631156745605121,3074469835,2020PanenJagung
1683352717463539712,2023-07-25T00:07:50.000Z,0,"@republikaonline Sama Bu...

Kami pun heran dengan kinerja Polisi @DivHumas_Polri",1683630097864200193,,republikaonline,in,,0,0,0,https://x.com/Pramuka281/status/1683630097864200193,1289575812774035461,Pramuka281
1683321858039615491,2023-07-24T23:58:16.000Z,0,@detikcom masih percaya kinerja polisi aja udah aneh,1683627689293545472,,detikcom,in,,0,0,0,https://x.com/spofitied/status/1683627689293545472,1271666202159362052,spofitied
1683140664052293632,2023-07-24T16:41:12.000Z,0,@Heraloebss @brother_djon udah meraja lela rupanya ah kinerja pak bhabin sama polisi rw yang didengungkan @Baharkam_Polri  melempem 🤦🏻 @DivHumas_Polri,1683517700419747840,,Heraloebss,in,,0,0,0,https://x.com/FEBRYprasetyo15/status/1683517700419747840,1127715541748051968,FEBRYprasetyo15
1683381300114362368,2023-07-24T07:39:12.000Z,3,"Pengacara kondang, Hotman Paris mempertanyakan kinerja Polres Bogor dalam menangani kasus yang menimpa korban TPPO dan pencabulan. https://t.co/k4b3lcDDil",1683381300114362368,,,in,,0,0,4,https://x.com/tempodotco/status/1683381300114362368,18129942,tempodotco
1683378501028806656,2023-07-24T07:28:04.000Z,0,"Hotman Paris Pertanyakan Kinerja Polisi Tangani Kasus Dugaan Pencabulan Anak, Kapolres Bogor Angkat Suara #TempoMetro https://t.co/5kyEKxat4b",1683378501028806656,,,in,,0,0,4,https://x.com/tempodotco/status/1683378501028806656,18129942,tempodotco
1683352559623483392,2023-07-24T05:53:23.000Z,67,"@AREAJULID percuma lapor polisi, warga itu sendiri jugaa yg bertindakk kalo ada pencurian ato kejahatan lainnya, bagi kalian yg jabatannyaa polisi jgn cuma uang ajaa otak kaliann, kinerja kaliann jugaa perlu dibuktikann, makan gaji butaa kebanyakan kalian",1683354672424419329,,AREAJULID,in,,0,0,0,https://x.com/callmevarrel/status/1683354672424419329,1488190832708820992,callmevarrel
1683331165036621825,2023-07-24T04:19:59.000Z,2,"Muak dengan lambannya kinerja aparat penegak hukum dalam memberantas peredaran Narkoba, sekelompok Ibu² obral abrik tempat peredaran Sabu-sabu.

apa kabar Pak Bhabin dan Polisi RW serta intel2 Polsek + cepu2nya ? Masa iya ga tau &amp; kalah sama ibu2?  

📍Kawasan Pucuk Kota Jambi https://t.co/pIXdLvjHHV",1683331165036621825,https://pbs.twimg.com/ext_tw_video_thumb/1683330907305025537/pu/img/KSswy03DQBv_FBuc.jpg,,in,,0,0,0,https://x.com/sashaaceles/status/1683331165036621825,1637055301001027591,sashaaceles
1682684546951806976,2023-07-24T02:38:26.000Z,0,@HumasResTernate @mazzini_gsp Turunin jabatan nya pak bagi polisi yg kinerja nya nihil,1683305612409700352,,HumasResTernate,in,,0,0,0,https://x.com/rudalbalistik1/status/1683305612409700352,1334325862481625088,rudalbalistik1
1683293919675834368,2023-07-24T01:51:59.000Z,0,"DIMANA POLISI??!!!.
APA FUNGSINYA POLISI??!!.

SATU PERSATU KINERJA BURUK KEPOLISIAN TERUNGKAP!!.
BURUKNYA KINERJA POLRI TAK TERLEPAS DARI PIMPINANNYA YG RAJIN PENCITRAAN!!!.

#COPOTKAPOLRI

@jokowi 
@mohmahfudmd",1683293919675834368,,,in,,0,0,0,https://x.com/M17522147/status/1683293919675834368,891883949571457024,M17522147
1683140664052293632,2023-07-23T15:43:00.000Z,22992,"Muak dengan lambannya kinerja aparat penegak hukum dalam memberantas peredaran Narkoba, sekelompok Ibu² obral abrik tempat peredaran Sabu-sabu,

apa kabar Pak Bhabin dan Polisi RW serta intel2 Polsek + cepu2nya ? Masa iya ga tau &amp; kalah sama ibu2?

📍Kawasan Pucuk Kota Jambi https://t.co/JHob25Rlbp",1683140664052293632,https://pbs.twimg.com/ext_tw_video_thumb/1683140057765650434/pu/img/irC06ZKgFxmPsYGo.jpg,,in,,1208,1743,8476,https://x.com/Heraloebss/status/1683140664052293632,1251824880967774208,Heraloebss
1682684546951806976,2023-07-23T08:05:26.000Z,0,@HumasResTernate @mazzini_gsp Dah gak heran sy juga dari 12 agustus 2022 gak kelar2 ... semakin lamq polisi emang semakin ***** kinerja nya ... udah lapor divisi propam di tanyq progres di pelayan whatsapp juga gak di balas lagi ... bentar lagi ulang tahun .. pengen kirim papan bunga 12 agustus bsk https://t.co/uduRU1Yxv4,1683025514272010240,https://pbs.twimg.com/media/F1tOyGpacAAqUsB.jpg,HumasResTernate,in,,0,0,0,https://x.com/rgbungo/status/1683025514272010240,71459427,rgbungo
1682684546951806976,2023-07-23T01:15:23.000Z,21,"@HumasResTernate @mazzini_gsp Santai aja min..
Duduk manis, terima laporan.
Pelapor menangkap sendiri.
Diserahkan polisi.
Penyidik bikin laporan, dana operasional cair, kinerja meningkat.
Epribodi hepi.
Pelapor puas, penyidik puas, pelaku naas, kasus lunas,,",1682922322406277120,,HumasResTernate,in,,0,2,3,https://x.com/AgungBha/status/1682922322406277120,60811196,AgungBha
1682684546951806976,2023-07-22T22:53:01.000Z,0,@mazzini_gsp @HumasResTernate Kenapa polisi ga bisa nangkep pencurinya? Kerja apa itu para polisi? Apa ga malu punya kinerja seperti itu?,1682886494426652672,,mazzini_gsp,in,,0,0,0,https://x.com/indraelfarisi/status/1682886494426652672,1014192338,indraelfarisi
1682531627728248832,2023-07-22T04:11:47.000Z,0,"Untungnya, Menteri tersebut memberikan maaf dan mengatakan bahwa keadaan sudah mulai kondusif kembali karena personel Tentara turun dan melindungi rakyat. Dia memberikan kesempatan sekali lagi kepada para Polisi untuk memperbaiki kinerja mereka.",1682604326068576256,,GoingSe7en,in,,0,1,0,https://x.com/GoingSe7en/status/1682604326068576256,1368533623,GoingSe7en
1683662993186525185,2023-07-25T17:39:22.000Z,0,@VIVAcoid Sudah saatnya polisi membuka afiliate bagi emak2 karna sangat membantu meringankan kinerja kepolisian..,1683894725655560193,,VIVAcoid,in,,0,0,0,https://x.com/mamangkabilator/status/1683894725655560193,100139579,mamangkabilator
1683726288736112642,2023-07-25T10:45:04.000Z,1085,"@tanyakanrl NIH POLISI KAPANNNN BENERNYA SIH??????? MUAK GW SAMA INSTITUSI LO, KADANG LO KALAH SAMA EMAK EMAKKKK CUYYYYYYYYYYYYYYYYYY

MIKIR LO ITU DIBAYAR ANJING, PERUT AJA BUNCIT, KINERJA KAYAK SILIT",1683790464603004928,,tanyakanrl,in,,1,2,47,https://x.com/youarrrrmine/status/1683790464603004928,1522084820851081217,youarrrrmine
1683700264463896576,2023-07-25T04:46:39.000Z,0,Bidang PPUD Satuan Polisi Pamong Praja Provinsi Lampung melaksanakan Rapat Intern dalam rangka memaksimalkan kinerja dan pelaksanaan program kegiatan pada Bidang PPUD Satpol PP Provinsi Lampung. (24/07/2023) https://t.co/MLaSku4p5A,1683700264463896576,https://pbs.twimg.com/media/F120c55aAAAzPH0.jpg,,in,,0,1,0,https://x.com/prajawibawalam1/status/1683700264463896576,1486915145787850752,prajawibawalam1
1683635383177990144,2023-07-25T02:30:28.000Z,1,"@txtdrpemerintah Polisi itu udah tahan tamparan, banyak sindiran untuk lebih maju tapi kinerja tetap gitu gitu aja",1683665993527349250,,txtdrpemerintah,in,,0,1,1,https://x.com/iihjiji/status/1683665993527349250,968246201530253314,iihjiji
1683140664052293632,2023-07-25T00:12:02.000Z,0,"@Heraloebss Ayo pak @ListyoSigitP 
Saya mendukungmu berantas Yg tidak benar di Negeri ini, dan memperbaiki kinerja polisi",1683631156745605121,,Heraloebss,in,,0,0,0,https://x.com/2020PanenJagung/status/1683631156745605121,3074469835,2020PanenJagung
1683352717463539712,2023-07-25T00:07:50.000Z,0,"@republikaonline Sama Bu...

Kami pun heran dengan kinerja Polisi @DivHumas_Polri",1683630097864200193,,republikaonline,in,,0,0,0,https://x.com/Pramuka281/status/1683630097864200193,1289575812774035461,Pramuka281
1683321858039615491,2023-07-24T23:58:16.000Z,0,@detikcom masih percaya kinerja polisi aja udah aneh,1683627689293545472,,detikcom,in,,0,0,0,https://x.com/spofitied/status/1683627689293545472,1271666202159362052,spofitied
1683140664052293632,2023-07-24T16:41:12.000Z,0,@Heraloebss @brother_djon udah meraja lela rupanya ah kinerja pak bhabin sama polisi rw yang didengungkan @Baharkam_Polri  melempem 🤦🏻 @DivHumas_Polri,1683517700419747840,,Heraloebss,in,,0,0,0,https://x.com/FEBRYprasetyo15/status/1683517700419747840,1127715541748051968,FEBRYprasetyo15
1683381300114362368,2023-07-24T07:39:12.000Z,3,"Pengacara kondang, Hotman Paris mempertanyakan kinerja Polres Bogor dalam menangani kasus yang menimpa korban TPPO dan pencabulan. https://t.co/k4b3lcDDil",1683381300114362368,,,in,,0,0,4,https://x.com/tempodotco/status/1683381300114362368,18129942,tempodotco
1683378501028806656,2023-07-24T07:28:04.000Z,0,"Hotman Paris Pertanyakan Kinerja Polisi Tangani Kasus Dugaan Pencabulan Anak, Kapolres Bogor Angkat Suara #TempoMetro https://t.co/5kyEKxat4b",1683378501028806656,,,in,,0,0,4,https://x.com/tempodotco/status/1683378501028806656,18129942,tempodotco
1683352559623483392,2023-07-24T05:53:23.000Z,67,"@AREAJULID percuma lapor polisi, warga itu sendiri jugaa yg bertindakk kalo ada pencurian ato kejahatan lainnya, bagi kalian yg jabatannyaa polisi jgn cuma uang ajaa otak kaliann, kinerja kaliann jugaa perlu dibuktikann, makan gaji butaa kebanyakan kalian",1683354672424419329,,AREAJULID,in,,0,0,0,https://x.com/callmevarrel/status/1683354672424419329,1488190832708820992,callmevarrel
1682684546951806976,2023-07-24T02:38:26.000Z,0,@HumasResTernate @mazzini_gsp Turunin jabatan nya pak bagi polisi yg kinerja nya nihil,1683305612409700352,,HumasResTernate,in,,0,0,0,https://x.com/rudalbalistik1/status/1683305612409700352,1334325862481625088,rudalbalistik1
1683293919675834368,2023-07-24T01:51:59.000Z,0,"DIMANA POLISI??!!!.
APA FUNGSINYA POLISI??!!.

SATU PERSATU KINERJA BURUK KEPOLISIAN TERUNGKAP!!.
BURUKNYA KINERJA POLRI TAK TERLEPAS DARI PIMPINANNYA YG RAJIN PENCITRAAN!!!.

#COPOTKAPOLRI

@jokowi 
@mohmahfudmd",1683293919675834368,,,in,,0,0,0,https://x.com/M17522147/status/1683293919675834368,891883949571457024,M17522147
1683140664052293632,2023-07-23T15:43:00.000Z,22992,"Muak dengan lambannya kinerja aparat penegak hukum dalam memberantas peredaran Narkoba, sekelompok Ibu² obral abrik tempat peredaran Sabu-sabu,

apa kabar Pak Bhabin dan Polisi RW serta intel2 Polsek + cepu2nya ? Masa iya ga tau &amp; kalah sama ibu2?

📍Kawasan Pucuk Kota Jambi https://t.co/JHob25Rlbp",1683140664052293632,https://pbs.twimg.com/ext_tw_video_thumb/1683140057765650434/pu/img/irC06ZKgFxmPsYGo.jpg,,in,,1208,1743,8476,https://x.com/Heraloebss/status/1683140664052293632,1251824880967774208,Heraloebss
1682684546951806976,2023-07-23T08:05:26.000Z,0,@HumasResTernate @mazzini_gsp Dah gak heran sy juga dari 12 agustus 2022 gak kelar2 ... semakin lamq polisi emang semakin ***** kinerja nya ... udah lapor divisi propam di tanyq progres di pelayan whatsapp juga gak di balas lagi ... bentar lagi ulang tahun .. pengen kirim papan bunga 12 agustus bsk https://t.co/uduRU1Yxv4,1683025514272010240,https://pbs.twimg.com/media/F1tOyGpacAAqUsB.jpg,HumasResTernate,in,,0,0,0,https://x.com/rgbungo/status/1683025514272010240,71459427,rgbungo
1682684546951806976,2023-07-23T01:15:23.000Z,21,"@HumasResTernate @mazzini_gsp Santai aja min..
Duduk manis, terima laporan.
Pelapor menangkap sendiri.
Diserahkan polisi.
Penyidik bikin laporan, dana operasional cair, kinerja meningkat.
Epribodi hepi.
Pelapor puas, penyidik puas, pelaku naas, kasus lunas,,",1682922322406277120,,HumasResTernate,in,,0,2,3,https://x.com/AgungBha/status/1682922322406277120,60811196,AgungBha
1682684546951806976,2023-07-22T22:53:01.000Z,0,@mazzini_gsp @HumasResTernate Kenapa polisi ga bisa nangkep pencurinya? Kerja apa itu para polisi? Apa ga malu punya kinerja seperti itu?,1682886494426652672,,mazzini_gsp,in,,0,0,0,https://x.com/indraelfarisi/status/1682886494426652672,1014192338,indraelfarisi
1682531627728248832,2023-07-22T04:11:47.000Z,0,"Untungnya, Menteri tersebut memberikan maaf dan mengatakan bahwa keadaan sudah mulai kondusif kembali karena personel Tentara turun dan melindungi rakyat. Dia memberikan kesempatan sekali lagi kepada para Polisi untuk memperbaiki kinerja mereka.",1682604326068576256,,GoingSe7en,in,,0,1,0,https://x.com/GoingSe7en/status/1682604326068576256,1368533623,GoingSe7en
1683662993186525185,2023-07-25T17:39:22.000Z,0,@VIVAcoid Sudah saatnya polisi membuka afiliate bagi emak2 karna sangat membantu meringankan kinerja kepolisian..,1683894725655560193,,VIVAcoid,in,,0,0,0,https://x.com/mamangkabilator/status/1683894725655560193,100139579,mamangkabilator
1683726288736112642,2023-07-25T10:45:04.000Z,1085,"@tanyakanrl NIH POLISI KAPANNNN BENERNYA SIH??????? MUAK GW SAMA INSTITUSI LO, KADANG LO KALAH SAMA EMAK EMAKKKK CUYYYYYYYYYYYYYYYYYY

MIKIR LO ITU DIBAYAR ANJING, PERUT AJA BUNCIT, KINERJA KAYAK SILIT",1683790464603004928,,tanyakanrl,in,,1,2,47,https://x.com/youarrrrmine/status/1683790464603004928,1522084820851081217,youarrrrmine
1683700264463896576,2023-07-25T04:46:39.000Z,0,Bidang PPUD Satuan Polisi Pamong Praja Provinsi Lampung melaksanakan Rapat Intern dalam rangka memaksimalkan kinerja dan pelaksanaan program kegiatan pada Bidang PPUD Satpol PP Provinsi Lampung. (24/07/2023) https://t.co/MLaSku4p5A,1683700264463896576,https://pbs.twimg.com/media/F120c55aAAAzPH0.jpg,,in,,0,1,0,https://x.com/prajawibawalam1/status/1683700264463896576,1486915145787850752,prajawibawalam1
1683635383177990144,2023-07-25T02:30:28.000Z,1,"@txtdrpemerintah Polisi itu udah tahan tamparan, banyak sindiran untuk lebih maju tapi kinerja tetap gitu gitu aja",1683665993527349250,,txtdrpemerintah,in,,0,1,1,https://x.com/iihjiji/status/1683665993527349250,968246201530253314,iihjiji
1683140664052293632,2023-07-25T00:12:02.000Z,0,"@Heraloebss Ayo pak @ListyoSigitP 
Saya mendukungmu berantas Yg tidak benar di Negeri ini, dan memperbaiki kinerja polisi",1683631156745605121,,Heraloebss,in,,0,0,0,https://x.com/2020PanenJagung/status/1683631156745605121,3074469835,2020PanenJagung
1683352717463539712,2023-07-25T00:07:50.000Z,0,"@republikaonline Sama Bu...

Kami pun heran dengan kinerja Polisi @DivHumas_Polri",1683630097864200193,,republikaonline,in,,0,0,0,https://x.com/Pramuka281/status/1683630097864200193,1289575812774035461,Pramuka281
1683321858039615491,2023-07-24T23:58:16.000Z,0,@detikcom masih percaya kinerja polisi aja udah aneh,1683627689293545472,,detikcom,in,,0,0,0,https://x.com/spofitied/status/1683627689293545472,1271666202159362052,spofitied
1683140664052293632,2023-07-24T16:41:12.000Z,0,@Heraloebss @brother_djon udah meraja lela rupanya ah kinerja pak bhabin sama polisi rw yang didengungkan @Baharkam_Polri  melempem 🤦🏻 @DivHumas_Polri,1683517700419747840,,Heraloebss,in,,0,0,0,https://x.com/FEBRYprasetyo15/status/1683517700419747840,1127715541748051968,FEBRYprasetyo15
1683381300114362368,2023-07-24T07:39:12.000Z,3,"Pengacara kondang, Hotman Paris mempertanyakan kinerja Polres Bogor dalam menangani kasus yang menimpa korban TPPO dan pencabulan. https://t.co/k4b3lcDDil",1683381300114362368,,,in,,0,0,4,https://x.com/tempodotco/status/1683381300114362368,18129942,tempodotco
1683378501028806656,2023-07-24T07:28:04.000Z,0,"Hotman Paris Pertanyakan Kinerja Polisi Tangani Kasus Dugaan Pencabulan Anak, Kapolres Bogor Angkat Suara #TempoMetro https://t.co/5kyEKxat4b",1683378501028806656,,,in,,0,0,4,https://x.com/tempodotco/status/1683378501028806656,18129942,tempodotco
1683352559623483392,2023-07-24T05:53:23.000Z,67,"@AREAJULID percuma lapor polisi, warga itu sendiri jugaa yg bertindakk kalo ada pencurian ato kejahatan lainnya, bagi kalian yg jabatannyaa polisi jgn cuma uang ajaa otak kaliann, kinerja kaliann jugaa perlu dibuktikann, makan gaji butaa kebanyakan kalian",1683354672424419329,,AREAJULID,in,,0,0,0,https://x.com/callmevarrel/status/1683354672424419329,1488190832708820992,callmevarrel
1682684546951806976,2023-07-24T02:38:26.000Z,0,@HumasResTernate @mazzini_gsp Turunin jabatan nya pak bagi polisi yg kinerja nya nihil,1683305612409700352,,HumasResTernate,in,,0,0,0,https://x.com/rudalbalistik1/status/1683305612409700352,1334325862481625088,rudalbalistik1
1683293919675834368,2023-07-24T01:51:59.000Z,0,"DIMANA POLISI??!!!.
APA FUNGSINYA POLISI??!!.

SATU PERSATU KINERJA BURUK KEPOLISIAN TERUNGKAP!!.
BURUKNYA KINERJA POLRI TAK TERLEPAS DARI PIMPINANNYA YG RAJIN PENCITRAAN!!!.

#COPOTKAPOLRI

@jokowi 
@mohmahfudmd",1683293919675834368,,,in,,0,0,0,https://x.com/M17522147/status/1683293919675834368,891883949571457024,M17522147
1683140664052293632,2023-07-23T15:43:00.000Z,22992,"Muak dengan lambannya kinerja aparat penegak hukum dalam memberantas peredaran Narkoba, sekelompok Ibu² obral abrik tempat peredaran Sabu-sabu,

apa kabar Pak Bhabin dan Polisi RW serta intel2 Polsek + cepu2nya ? Masa iya ga tau &amp; kalah sama ibu2?

📍Kawasan Pucuk Kota Jambi https://t.co/JHob25Rlbp",1683140664052293632,https://pbs.twimg.com/ext_tw_video_thumb/1683140057765650434/pu/img/irC06ZKgFxmPsYGo.jpg,,in,,1208,1743,8476,https://x.com/Heraloebss/status/1683140664052293632,1251824880967774208,Heraloebss
1682684546951806976,2023-07-23T08:05:26.000Z,0,@HumasResTernate @mazzini_gsp Dah gak heran sy juga dari 12 agustus 2022 gak kelar2 ... semakin lamq polisi emang semakin ***** kinerja nya ... udah lapor divisi propam di tanyq progres di pelayan whatsapp juga gak di balas lagi ... bentar lagi ulang tahun .. pengen kirim papan bunga 12 agustus bsk https://t.co/uduRU1Yxv4,1683025514272010240,https://pbs.twimg.com/media/F1tOyGpacAAqUsB.jpg,HumasResTernate,in,,0,0,0,https://x.com/rgbungo/status/1683025514272010240,71459427,rgbungo
1682684546951806976,2023-07-23T01:15:23.000Z,21,"@HumasResTernate @mazzini_gsp Santai aja min..
Duduk manis, terima laporan.
Pelapor menangkap sendiri.
Diserahkan polisi.
Penyidik bikin laporan, dana operasional cair, kinerja meningkat.
Epribodi hepi.
Pelapor puas, penyidik puas, pelaku naas, kasus lunas,,",1682922322406277120,,HumasResTernate,in,,0,2,3,https://x.com/AgungBha/status/1682922322406277120,60811196,AgungBha
1682684546951806976,2023-07-22T22:53:01.000Z,0,@mazzini_gsp @HumasResTernate Kenapa polisi ga bisa nangkep pencurinya? Kerja apa itu para polisi? Apa ga malu punya kinerja seperti itu?,1682886494426652672,,mazzini_gsp,in,,0,0,0,https://x.com/indraelfarisi/status/1682886494426652672,1014192338,indraelfarisi
1682531627728248832,2023-07-22T04:11:47.000Z,0,"Untungnya, Menteri tersebut memberikan maaf dan mengatakan bahwa keadaan sudah mulai kondusif kembali karena personel Tentara turun dan melindungi rakyat. Dia memberikan kesempatan sekali lagi kepada para Polisi untuk memperbaiki kinerja mereka.",1682604326068576256,,GoingSe7en,in,,0,1,0,https://x.com/GoingSe7en/status/1682604326068576256,1368533623,GoingSe7en
1683662993186525185,2023-07-25T17:39:22.000Z,0,@VIVAcoid Sudah saatnya polisi membuka afiliate bagi emak2 karna sangat membantu meringankan kinerja kepolisian..,1683894725655560193,,VIVAcoid,in,,0,0,0,https://x.com/mamangkabilator/status/1683894725655560193,100139579,mamangkabilator
1683726288736112642,2023-07-25T10:45:04.000Z,1085,"@tanyakanrl NIH POLISI KAPANNNN BENERNYA SIH??????? MUAK GW SAMA INSTITUSI LO, KADANG LO KALAH SAMA EMAK EMAKKKK CUYYYYYYYYYYYYYYYYYY

MIKIR LO ITU DIBAYAR ANJING, PERUT AJA BUNCIT, KINERJA KAYAK SILIT",1683790464603004928,,tanyakanrl,in,,1,2,47,https://x.com/youarrrrmine/status/1683790464603004928,1522084820851081217,youarrrrmine
1683700264463896576,2023-07-25T04:46:39.000Z,0,Bidang PPUD Satuan Polisi Pamong Praja Provinsi Lampung melaksanakan Rapat Intern dalam rangka memaksimalkan kinerja dan pelaksanaan program kegiatan pada Bidang PPUD Satpol PP Provinsi Lampung. (24/07/2023) https://t.co/MLaSku4p5A,1683700264463896576,https://pbs.twimg.com/media/F120c55aAAAzPH0.jpg,,in,,0,1,0,https://x.com/prajawibawalam1/status/1683700264463896576,1486915145787850752,prajawibawalam1
1683635383177990144,2023-07-25T02:30:28.000Z,1,"@txtdrpemerintah Polisi itu udah tahan tamparan, banyak sindiran untuk lebih maju tapi kinerja tetap gitu gitu aja",1683665993527349250,,txtdrpemerintah,in,,0,1,1,https://x.com/iihjiji/status/1683665993527349250,968246201530253314,iihjiji
1683140664052293632,2023-07-25T00:12:02.000Z,0,"@Heraloebss Ayo pak @ListyoSigitP 
Saya mendukungmu berantas Yg tidak benar di Negeri ini, dan memperbaiki kinerja polisi",1683631156745605121,,Heraloebss,in,,0,0,0,https://x.com/2020PanenJagung/status/1683631156745605121,3074469835,2020PanenJagung
1683352717463539712,2023-07-25T00:07:50.000Z,0,"@republikaonline Sama Bu...

Kami pun heran dengan kinerja Polisi @DivHumas_Polri",1683630097864200193,,republikaonline,in,,0,0,0,https://x.com/Pramuka281/status/1683630097864200193,1289575812774035461,Pramuka281
1683321858039615491,2023-07-24T23:58:16.000Z,0,@detikcom masih percaya kinerja polisi aja udah aneh,1683627689293545472,,detikcom,in,,0,0,0,https://x.com/spofitied/status/1683627689293545472,1271666202159362052,spofitied
1683140664052293632,2023-07-24T16:41:12.000Z,0,@Heraloebss @brother_djon udah meraja lela rupanya ah kinerja pak bhabin sama polisi rw yang didengungkan @Baharkam_Polri  melempem 🤦🏻 @DivHumas_Polri,1683517700419747840,,Heraloebss,in,,0,0,0,https://x.com/FEBRYprasetyo15/status/1683517700419747840,1127715541748051968,FEBRYprasetyo15
1683381300114362368,2023-07-24T07:39:12.000Z,3,"Pengacara kondang, Hotman Paris mempertanyakan kinerja Polres Bogor dalam menangani kasus yang menimpa korban TPPO dan pencabulan. https://t.co/k4b3lcDDil",1683381300114362368,,,in,,0,0,4,https://x.com/tempodotco/status/1683381300114362368,18129942,tempodotco
1683378501028806656,2023-07-24T07:28:04.000Z,0,"Hotman Paris Pertanyakan Kinerja Polisi Tangani Kasus Dugaan Pencabulan Anak, Kapolres Bogor Angkat Suara #TempoMetro https://t.co/5kyEKxat4b",1683378501028806656,,,in,,0,0,4,https://x.com/tempodotco/status/1683378501028806656,18129942,tempodotco
1683352559623483392,2023-07-24T05:53:23.000Z,67,"@AREAJULID percuma lapor polisi, warga itu sendiri jugaa yg bertindakk kalo ada pencurian ato kejahatan lainnya, bagi kalian yg jabatannyaa polisi jgn cuma uang ajaa otak kaliann, kinerja kaliann jugaa perlu dibuktikann, makan gaji butaa kebanyakan kalian",1683354672424419329,,AREAJULID,in,,0,0,0,https://x.com/callmevarrel/status/1683354672424419329,1488190832708820992,callmevarrel
1682684546951806976,2023-07-24T02:38:26.000Z,0,@HumasResTernate @mazzini_gsp Turunin jabatan nya pak bagi polisi yg kinerja nya nihil,1683305612409700352,,HumasResTernate,in,,0,0,0,https://x.com/rudalbalistik1/status/1683305612409700352,1334325862481625088,rudalbalistik1
1683293919675834368,2023-07-24T01:51:59.000Z,0,"DIMANA POLISI??!!!.
APA FUNGSINYA POLISI??!!.

SATU PERSATU KINERJA BURUK KEPOLISIAN TERUNGKAP!!.
BURUKNYA KINERJA POLRI TAK TERLEPAS DARI PIMPINANNYA YG RAJIN PENCITRAAN!!!.

#COPOTKAPOLRI

@jokowi 
@mohmahfudmd",1683293919675834368,,,in,,0,0,0,https://x.com/M17522147/status/1683293919675834368,891883949571457024,M17522147
1683140664052293632,2023-07-23T15:43:00.000Z,22992,"Muak dengan lambannya kinerja aparat penegak hukum dalam memberantas peredaran Narkoba, sekelompok Ibu² obral abrik tempat peredaran Sabu-sabu,

apa kabar Pak Bhabin dan Polisi RW serta intel2 Polsek + cepu2nya ? Masa iya ga tau &amp; kalah sama ibu2?

📍Kawasan Pucuk Kota Jambi https://t.co/JHob25Rlbp",1683140664052293632,https://pbs.twimg.com/ext_tw_video_thumb/1683140057765650434/pu/img/irC06ZKgFxmPsYGo.jpg,,in,,1208,1743,8476,https://x.com/Heraloebss/status/1683140664052293632,1251824880967774208,Heraloebss
1682684546951806976,2023-07-23T08:05:26.000Z,0,@HumasResTernate @mazzini_gsp Dah gak heran sy juga dari 12 agustus 2022 gak kelar2 ... semakin lamq polisi emang semakin ***** kinerja nya ... udah lapor divisi propam di tanyq progres di pelayan whatsapp juga gak di balas lagi ... bentar lagi ulang tahun .. pengen kirim papan bunga 12 agustus bsk https://t.co/uduRU1Yxv4,1683025514272010240,https://pbs.twimg.com/media/F1tOyGpacAAqUsB.jpg,HumasResTernate,in,,0,0,0,https://x.com/rgbungo/status/1683025514272010240,71459427,rgbungo
1682684546951806976,2023-07-23T01:15:23.000Z,21,"@HumasResTernate @mazzini_gsp Santai aja min..
Duduk manis, terima laporan.
Pelapor menangkap sendiri.
Diserahkan polisi.
Penyidik bikin laporan, dana operasional cair, kinerja meningkat.
Epribodi hepi.
Pelapor puas, penyidik puas, pelaku naas, kasus lunas,,",1682922322406277120,,HumasResTernate,in,,0,2,3,https://x.com/AgungBha/status/1682922322406277120,60811196,AgungBha
1682684546951806976,2023-07-22T22:53:01.000Z,0,@mazzini_gsp @HumasResTernate Kenapa polisi ga bisa nangkep pencurinya? Kerja apa itu para polisi? Apa ga malu punya kinerja seperti itu?,1682886494426652672,,mazzini_gsp,in,,0,0,0,https://x.com/indraelfarisi/status/1682886494426652672,1014192338,indraelfarisi
1682531627728248832,2023-07-22T04:11:47.000Z,0,"Untungnya, Menteri tersebut memberikan maaf dan mengatakan bahwa keadaan sudah mulai kondusif kembali karena personel Tentara turun dan melindungi rakyat. Dia memberikan kesempatan sekali lagi kepada para Polisi untuk memperbaiki kinerja mereka.",1682604326068576256,,GoingSe7en,in,,0,1,0,https://x.com/GoingSe7en/status/1682604326068576256,1368533623,GoingSe7en
1683662993186525185,2023-07-25T17:39:22.000Z,0,@VIVAcoid Sudah saatnya polisi membuka afiliate bagi emak2 karna sangat membantu meringankan kinerja kepolisian..,1683894725655560193,,VIVAcoid,in,,0,0,0,https://x.com/mamangkabilator/status/1683894725655560193,100139579,mamangkabilator
1683726288736112642,2023-07-25T10:45:04.000Z,1085,"@tanyakanrl NIH POLISI KAPANNNN BENERNYA SIH??????? MUAK GW SAMA INSTITUSI LO, KADANG LO KALAH SAMA EMAK EMAKKKK CUYYYYYYYYYYYYYYYYYY

MIKIR LO ITU DIBAYAR ANJING, PERUT AJA BUNCIT, KINERJA KAYAK SILIT",1683790464603004928,,tanyakanrl,in,,1,2,47,https://x.com/youarrrrmine/status/1683790464603004928,1522084820851081217,youarrrrmine
1683700264463896576,2023-07-25T04:46:39.000Z,0,Bidang PPUD Satuan Polisi Pamong Praja Provinsi Lampung melaksanakan Rapat Intern dalam rangka memaksimalkan kinerja dan pelaksanaan program kegiatan pada Bidang PPUD Satpol PP Provinsi Lampung. (24/07/2023) https://t.co/MLaSku4p5A,1683700264463896576,https://pbs.twimg.com/media/F120c55aAAAzPH0.jpg,,in,,0,1,0,https://x.com/prajawibawalam1/status/1683700264463896576,1486915145787850752,prajawibawalam1
1683635383177990144,2023-07-25T02:30:28.000Z,1,"@txtdrpemerintah Polisi itu udah tahan tamparan, banyak sindiran untuk lebih maju tapi kinerja tetap gitu gitu aja",1683665993527349250,,txtdrpemerintah,in,,0,1,1,https://x.com/iihjiji/status/1683665993527349250,968246201530253314,iihjiji
1683140664052293632,2023-07-25T00:12:02.000Z,0,"@Heraloebss Ayo pak @ListyoSigitP 
Saya mendukungmu berantas Yg tidak benar di Negeri ini, dan memperbaiki kinerja polisi",1683631156745605121,,Heraloebss,in,,0,0,0,https://x.com/2020PanenJagung/status/1683631156745605121,3074469835,2020PanenJagung
1683352717463539712,2023-07-25T00:07:50.000Z,0,"@republikaonline Sama Bu...

Kami pun heran dengan kinerja Polisi @DivHumas_Polri",1683630097864200193,,republikaonline,in,,0,0,0,https://x.com/Pramuka281/status/1683630097864200193,1289575812774035461,Pramuka281
1683321858039615491,2023-07-24T23:58:16.000Z,0,@detikcom masih percaya kinerja polisi aja udah aneh,1683627689293545472,,detikcom,in,,0,0,0,https://x.com/spofitied/status/1683627689293545472,1271666202159362052,spofitied
1683140664052293632,2023-07-24T16:41:12.000Z,0,@Heraloebss @brother_djon udah meraja lela rupanya ah kinerja pak bhabin sama polisi rw yang didengungkan @Baharkam_Polri  melempem 🤦🏻 @DivHumas_Polri,1683517700419747840,,Heraloebss,in,,0,0,0,https://x.com/FEBRYprasetyo15/status/1683517700419747840,1127715541748051968,FEBRYprasetyo15
1683381300114362368,2023-07-24T07:39:12.000Z,3,"Pengacara kondang, Hotman Paris mempertanyakan kinerja Polres Bogor dalam menangani kasus yang menimpa korban TPPO dan pencabulan. https://t.co/k4b3lcDDil",1683381300114362368,,,in,,0,0,4,https://x.com/tempodotco/status/1683381300114362368,18129942,tempodotco
1683378501028806656,2023-07-24T07:28:04.000Z,0,"Hotman Paris Pertanyakan Kinerja Polisi Tangani Kasus Dugaan Pencabulan Anak, Kapolres Bogor Angkat Suara #TempoMetro https://t.co/5kyEKxat4b",1683378501028806656,,,in,,0,0,4,https://x.com/tempodotco/status/1683378501028806656,18129942,tempodotco
1683352559623483392,2023-07-24T05:53:23.000Z,67,"@AREAJULID percuma lapor polisi, warga itu sendiri jugaa yg bertindakk kalo ada pencurian ato kejahatan lainnya, bagi kalian yg jabatannyaa polisi jgn cuma uang ajaa otak kaliann, kinerja kaliann jugaa perlu dibuktikann, makan gaji butaa kebanyakan kalian",1683354672424419329,,AREAJULID,in,,0,0,0,https://x.com/callmevarrel/status/1683354672424419329,1488190832708820992,callmevarrel
1682684546951806976,2023-07-24T02:38:26.000Z,0,@HumasResTernate @mazzini_gsp Turunin jabatan nya pak bagi polisi yg kinerja nya nihil,1683305612409700352,,HumasResTernate,in,,0,0,0,https://x.com/rudalbalistik1/status/1683305612409700352,1334325862481625088,rudalbalistik1
1683293919675834368,2023-07-24T01:51:59.000Z,0,"DIMANA POLISI??!!!.
APA FUNGSINYA POLISI??!!.

SATU PERSATU KINERJA BURUK KEPOLISIAN TERUNGKAP!!.
BURUKNYA KINERJA POLRI TAK TERLEPAS DARI PIMPINANNYA YG RAJIN PENCITRAAN!!!.

#COPOTKAPOLRI

@jokowi 
@mohmahfudmd",1683293919675834368,,,in,,0,0,0,https://x.com/M17522147/status/1683293919675834368,891883949571457024,M17522147
1683140664052293632,2023-07-23T15:43:00.000Z,22992,"Muak dengan lambannya kinerja aparat penegak hukum dalam memberantas peredaran Narkoba, sekelompok Ibu² obral abrik tempat peredaran Sabu-sabu,

apa kabar Pak Bhabin dan Polisi RW serta intel2 Polsek + cepu2nya ? Masa iya ga tau &amp; kalah sama ibu2?

📍Kawasan Pucuk Kota Jambi https://t.co/JHob25Rlbp",1683140664052293632,https://pbs.twimg.com/ext_tw_video_thumb/1683140057765650434/pu/img/irC06ZKgFxmPsYGo.jpg,,in,,1208,1743,8476,https://x.com/Heraloebss/status/1683140664052293632,1251824880967774208,Heraloebss
1682684546951806976,2023-07-23T08:05:26.000Z,0,@HumasResTernate @mazzini_gsp Dah gak heran sy juga dari 12 agustus 2022 gak kelar2 ... semakin lamq polisi emang semakin ***** kinerja nya ... udah lapor divisi propam di tanyq progres di pelayan whatsapp juga gak di balas lagi ... bentar lagi ulang tahun .. pengen kirim papan bunga 12 agustus bsk https://t.co/uduRU1Yxv4,1683025514272010240,https://pbs.twimg.com/media/F1tOyGpacAAqUsB.jpg,HumasResTernate,in,,0,0,0,https://x.com/rgbungo/status/1683025514272010240,71459427,rgbungo
1682684546951806976,2023-07-23T01:15:23.000Z,21,"@HumasResTernate @mazzini_gsp Santai aja min..
Duduk manis, terima laporan.
Pelapor menangkap sendiri.
Diserahkan polisi.
Penyidik bikin laporan, dana operasional cair, kinerja meningkat.
Epribodi hepi.
Pelapor puas, penyidik puas, pelaku naas, kasus lunas,,",1682922322406277120,,HumasResTernate,in,,0,2,3,https://x.com/AgungBha/status/1682922322406277120,60811196,AgungBha
1682684546951806976,2023-07-22T22:53:01.000Z,0,@mazzini_gsp @HumasResTernate Kenapa polisi ga bisa nangkep pencurinya? Kerja apa itu para polisi? Apa ga malu punya kinerja seperti itu?,1682886494426652672,,mazzini_gsp,in,,0,0,0,https://x.com/indraelfarisi/status/1682886494426652672,1014192338,indraelfarisi
1682531627728248832,2023-07-22T04:11:47.000Z,0,"Untungnya, Menteri tersebut memberikan maaf dan mengatakan bahwa keadaan sudah mulai kondusif kembali karena personel Tentara turun dan melindungi rakyat. Dia memberikan kesempatan sekali lagi kepada para Polisi untuk memperbaiki kinerja mereka.",1682604326068576256,,GoingSe7en,in,,0,1,0,https://x.com/GoingSe7en/status/1682604326068576256,1368533623,GoingSe7en
1684876596552040449,2023-07-28T20:00:22.000Z,0,@Paltiwest #kinerja #polisi yg manteeb,1685017371252334592,,PaltiHutabarat,in,,0,0,0,https://x.com/xeramhalanx/status/1685017371252334592,410807869,xeramhalanx
1684934632209551360,2023-07-28T14:31:35.000Z,0,"Kemarin Panglima TNI sudah pasang badan bela bawahannya,to the point aja buat tahun besok pilih Polisi apa TNI? 

Woalah Pak TNI,admin @Puspen_TNI 
Tanda kinerja Babinsa TNI AD berjalan dengan baik dan Babinkamtibmas POLRI juga baik sejalan antara teritorial dengan hukum pidana",1684934632209551360,,,in,,0,1,0,https://x.com/BudiStr2/status/1684934632209551360,1346766518822944768,BudiStr2
1684411901563011072,2023-07-28T13:46:23.000Z,0,"@EdhunMr Akun berjiwa penjahat ya sprti @Edhun, shrusnya kita hargai kinerja Polisi kita yg telah bekerja keras dlm membuka kasus ini terang benderang...lgian sipelaku sdh mngkui kesalahan krn faktor kelalaian..sdhlah netizen mari kita akhiri cerita bohong ini smua.",1684923256313442304,,EdhunMr,in,,0,0,0,https://x.com/murtadamur1/status/1684923256313442304,1628980923680321536,murtadamur1
1684870585824985088,2023-07-28T10:52:05.000Z,4,@nazaqistsha KPK sejak dipimpin Firli yg jendral polisi 🌟 3 Kacau semua segmen kinerja polisi.,1684879392613523457,,nazaqistsha,in,,0,0,1,https://x.com/aaeman7/status/1684879392613523457,155214865,aaeman7
1683101724167540737,2023-07-27T16:33:11.000Z,0,"@Paltiwest @ListyoSigitP 
Sangat memalukan Pak, bgmn kinerja polisi kita Pak kalau begini...",1684602845725929472,,PaltiHutabarat,in,,0,0,0,https://x.com/Siamangdesa/status/1684602845725929472,1421463511687856130,Siamangdesa
1684372773978910720,2023-07-27T15:43:26.000Z,0,"@simp_Lyaa @kdrama_menfess Banget! Drama ini paket lengkap sih, kinerja polisi, damkar, dan forensik disorot dgn baik. Ketiganya imbang, ga ada yg lebih menonjol.",1684590324646342656,,simp_Lyaa,in,,0,1,0,https://x.com/nucleophilia/status/1684590324646342656,526522345,nucleophilia
1684195570238517248,2023-07-27T08:22:10.000Z,0,@Tan_Mar3M Wawww lumayan cepat jg polisi dlm membrikan informasi dimedia. Apalgi pelaku sdh ketangkap jd perlu diapresiasi kinerja polri kali ini. https://t.co/Ukd31siVu7,1684479279005061120,,Tan_Mar3M,in,,0,0,0,https://x.com/CancerboyBoy1/status/1684479279005061120,1619903333736800257,CancerboyBoy1
1684118432407764992,2023-07-27T07:51:47.000Z,0,"@kegblgnunfaedh Iiihhhh anjing lah itu Ibu2 dan Polisi tolol yg berdiri, kinerja kalian apasih bangsat? Pecat aja yg kek gini babgsaattt",1684471630641369088,,kegblgnunfaedh,in,,0,0,0,https://x.com/akwanrobin20/status/1684471630641369088,1208698062207471616,akwanrobin20
1684373121967718400,2023-07-27T04:56:13.000Z,0,"@tanyarlfes Polisi kalo gak jahat ya jahat banget, titisan setan kali. Orang-orang di kepolisian kok gak merasa ya kalo selama ini kinerja mereka jelek banget di mata masyarakat, minimal evaluasi lah, perbaikan diri, bukan malah makin sialan.",1684427447792697345,,tanyarlfes,in,,0,0,0,https://x.com/cissycisa/status/1684427447792697345,1547875944815534080,cissycisa
1684413299851685888,2023-07-27T04:00:00.000Z,0,"KPU Sumbar Apresiasi Kinerja Polisi Selama Pengawalan Kirap Pemilu 2024 di Dharmasraya via @infosumbar https://t.co/izxhn8zORT

#infosumbar #KPU #Dharmasraya",1684413299851685888,,,in,,0,0,0,https://x.com/infoSumbar/status/1684413299851685888,162721676,infoSumbar
1683825264017686529,2023-07-26T15:57:22.000Z,0,"@MKasffulilmi @ezkisuyanto Kewajiban polisi betul 💯

Tp meme situ kan ga ada adab dan melecehkan kinerja dan prestasi Kepolisian drun..",1684231445223710721,,MKasffulilmi,in,,0,1,0,https://x.com/Yattie2023/status/1684231445223710721,1660654948244234249,Yattie2023
1684118432407764992,2023-07-26T14:18:21.000Z,0,"@kegblgnunfaedh Padahal kasusnya udah dilaporin lama, emang mesti viral dulu baru di usut sama polisi. Nalar ga kadang ga nyampe sama kinerja polisi Indonesia.",1684206524606849025,,kegblgnunfaedh,in,,0,0,0,https://x.com/rp_z3l/status/1684206524606849025,2649971672,rp_z3l
1684876596552040449,2023-07-28T20:00:22.000Z,0,@Paltiwest #kinerja #polisi yg manteeb,1685017371252334592,,PaltiHutabarat,in,,0,0,0,https://x.com/xeramhalanx/status/1685017371252334592,410807869,xeramhalanx
1684934632209551360,2023-07-28T14:31:35.000Z,0,"Kemarin Panglima TNI sudah pasang badan bela bawahannya,to the point aja buat tahun besok pilih Polisi apa TNI? 

Woalah Pak TNI,admin @Puspen_TNI 
Tanda kinerja Babinsa TNI AD berjalan dengan baik dan Babinkamtibmas POLRI juga baik sejalan antara teritorial dengan hukum pidana",1684934632209551360,,,in,,0,1,0,https://x.com/BudiStr2/status/1684934632209551360,1346766518822944768,BudiStr2
1684870585824985088,2023-07-28T10:52:05.000Z,4,@nazaqistsha KPK sejak dipimpin Firli yg jendral polisi 🌟 3 Kacau semua segmen kinerja polisi.,1684879392613523457,,nazaqistsha,in,,0,0,1,https://x.com/aaeman7/status/1684879392613523457,155214865,aaeman7
1683101724167540737,2023-07-27T16:33:11.000Z,0,"@Paltiwest @ListyoSigitP 
Sangat memalukan Pak, bgmn kinerja polisi kita Pak kalau begini...",1684602845725929472,,PaltiHutabarat,in,,0,0,0,https://x.com/Siamangdesa/status/1684602845725929472,1421463511687856130,Siamangdesa
1684372773978910720,2023-07-27T15:43:26.000Z,0,"@simp_Lyaa @kdrama_menfess Banget! Drama ini paket lengkap sih, kinerja polisi, damkar, dan forensik disorot dgn baik. Ketiganya imbang, ga ada yg lebih menonjol.",1684590324646342656,,simp_Lyaa,in,,0,1,0,https://x.com/nucleophilia/status/1684590324646342656,526522345,nucleophilia
1684118432407764992,2023-07-27T07:51:47.000Z,0,"@kegblgnunfaedh Iiihhhh anjing lah itu Ibu2 dan Polisi tolol yg berdiri, kinerja kalian apasih bangsat? Pecat aja yg kek gini babgsaattt",1684471630641369088,,kegblgnunfaedh,in,,0,0,0,https://x.com/akwanrobin20/status/1684471630641369088,1208698062207471616,akwanrobin20
1684373121967718400,2023-07-27T04:56:13.000Z,0,"@tanyarlfes Polisi kalo gak jahat ya jahat banget, titisan setan kali. Orang-orang di kepolisian kok gak merasa ya kalo selama ini kinerja mereka jelek banget di mata masyarakat, minimal evaluasi lah, perbaikan diri, bukan malah makin sialan.",1684427447792697345,,tanyarlfes,in,,0,0,0,https://x.com/cissycisa/status/1684427447792697345,1547875944815534080,cissycisa
1684413299851685888,2023-07-27T04:00:00.000Z,0,"KPU Sumbar Apresiasi Kinerja Polisi Selama Pengawalan Kirap Pemilu 2024 di Dharmasraya via @infosumbar https://t.co/izxhn8zORT

#infosumbar #KPU #Dharmasraya",1684413299851685888,,,in,,0,0,0,https://x.com/infoSumbar/status/1684413299851685888,162721676,infoSumbar
1684118432407764992,2023-07-26T14:18:21.000Z,0,"@kegblgnunfaedh Padahal kasusnya udah dilaporin lama, emang mesti viral dulu baru di usut sama polisi. Nalar ga kadang ga nyampe sama kinerja polisi Indonesia.",1684206524606849025,,kegblgnunfaedh,in,,0,0,0,https://x.com/rp_z3l/status/1684206524606849025,2649971672,rp_z3l
1684876596552040449,2023-07-28T20:00:22.000Z,0,@Paltiwest #kinerja #polisi yg manteeb,1685017371252334592,,PaltiHutabarat,in,,0,0,0,https://x.com/xeramhalanx/status/1685017371252334592,410807869,xeramhalanx
1684934632209551360,2023-07-28T14:31:35.000Z,0,"Kemarin Panglima TNI sudah pasang badan bela bawahannya,to the point aja buat tahun besok pilih Polisi apa TNI? 

Woalah Pak TNI,admin @Puspen_TNI 
Tanda kinerja Babinsa TNI AD berjalan dengan baik dan Babinkamtibmas POLRI juga baik sejalan antara teritorial dengan hukum pidana",1684934632209551360,,,in,,0,1,0,https://x.com/BudiStr2/status/1684934632209551360,1346766518822944768,BudiStr2
1684870585824985088,2023-07-28T10:52:05.000Z,4,@nazaqistsha KPK sejak dipimpin Firli yg jendral polisi 🌟 3 Kacau semua segmen kinerja polisi.,1684879392613523457,,nazaqistsha,in,,0,0,1,https://x.com/aaeman7/status/1684879392613523457,155214865,aaeman7
1683101724167540737,2023-07-27T16:33:11.000Z,0,"@Paltiwest @ListyoSigitP 
Sangat memalukan Pak, bgmn kinerja polisi kita Pak kalau begini...",1684602845725929472,,PaltiHutabarat,in,,0,0,0,https://x.com/Siamangdesa/status/1684602845725929472,1421463511687856130,Siamangdesa
1684372773978910720,2023-07-27T15:43:26.000Z,0,"@simp_Lyaa @kdrama_menfess Banget! Drama ini paket lengkap sih, kinerja polisi, damkar, dan forensik disorot dgn baik. Ketiganya imbang, ga ada yg lebih menonjol.",1684590324646342656,,simp_Lyaa,in,,0,1,0,https://x.com/nucleophilia/status/1684590324646342656,526522345,nucleophilia
1684118432407764992,2023-07-27T07:51:47.000Z,0,"@kegblgnunfaedh Iiihhhh anjing lah itu Ibu2 dan Polisi tolol yg berdiri, kinerja kalian apasih bangsat? Pecat aja yg kek gini babgsaattt",1684471630641369088,,kegblgnunfaedh,in,,0,0,0,https://x.com/akwanrobin20/status/1684471630641369088,1208698062207471616,akwanrobin20
1684373121967718400,2023-07-27T04:56:13.000Z,0,"@tanyarlfes Polisi kalo gak jahat ya jahat banget, titisan setan kali. Orang-orang di kepolisian kok gak merasa ya kalo selama ini kinerja mereka jelek banget di mata masyarakat, minimal evaluasi lah, perbaikan diri, bukan malah makin sialan.",1684427447792697345,,tanyarlfes,in,,0,0,0,https://x.com/cissycisa/status/1684427447792697345,1547875944815534080,cissycisa
1684413299851685888,2023-07-27T04:00:00.000Z,0,"KPU Sumbar Apresiasi Kinerja Polisi Selama Pengawalan Kirap Pemilu 2024 di Dharmasraya via @infosumbar https://t.co/izxhn8zORT

#infosumbar #KPU #Dharmasraya",1684413299851685888,,,in,,0,0,0,https://x.com/infoSumbar/status/1684413299851685888,162721676,infoSumbar
1684118432407764992,2023-07-26T14:18:21.000Z,0,"@kegblgnunfaedh Padahal kasusnya udah dilaporin lama, emang mesti viral dulu baru di usut sama polisi. Nalar ga kadang ga nyampe sama kinerja polisi Indonesia.",1684206524606849025,,kegblgnunfaedh,in,,0,0,0,https://x.com/rp_z3l/status/1684206524606849025,2649971672,rp_z3l
1684876596552040449,2023-07-28T20:00:22.000Z,0,@Paltiwest #kinerja #polisi yg manteeb,1685017371252334592,,PaltiHutabarat,in,,0,0,0,https://x.com/xeramhalanx/status/1685017371252334592,410807869,xeramhalanx
1684934632209551360,2023-07-28T14:31:35.000Z,0,"Kemarin Panglima TNI sudah pasang badan bela bawahannya,to the point aja buat tahun besok pilih Polisi apa TNI? 

Woalah Pak TNI,admin @Puspen_TNI 
Tanda kinerja Babinsa TNI AD berjalan dengan baik dan Babinkamtibmas POLRI juga baik sejalan antara teritorial dengan hukum pidana",1684934632209551360,,,in,,0,1,0,https://x.com/BudiStr2/status/1684934632209551360,1346766518822944768,BudiStr2
1684870585824985088,2023-07-28T10:52:05.000Z,4,@nazaqistsha KPK sejak dipimpin Firli yg jendral polisi 🌟 3 Kacau semua segmen kinerja polisi.,1684879392613523457,,nazaqistsha,in,,0,0,1,https://x.com/aaeman7/status/1684879392613523457,155214865,aaeman7
1683101724167540737,2023-07-27T16:33:11.000Z,0,"@Paltiwest @ListyoSigitP 
Sangat memalukan Pak, bgmn kinerja polisi kita Pak kalau begini...",1684602845725929472,,PaltiHutabarat,in,,0,0,0,https://x.com/Siamangdesa/status/1684602845725929472,1421463511687856130,Siamangdesa
1684372773978910720,2023-07-27T15:43:26.000Z,0,"@simp_Lyaa @kdrama_menfess Banget! Drama ini paket lengkap sih, kinerja polisi, damkar, dan forensik disorot dgn baik. Ketiganya imbang, ga ada yg lebih menonjol.",1684590324646342656,,simp_Lyaa,in,,0,1,0,https://x.com/nucleophilia/status/1684590324646342656,526522345,nucleophilia
1684118432407764992,2023-07-27T07:51:47.000Z,0,"@kegblgnunfaedh Iiihhhh anjing lah itu Ibu2 dan Polisi tolol yg berdiri, kinerja kalian apasih bangsat? Pecat aja yg kek gini babgsaattt",1684471630641369088,,kegblgnunfaedh,in,,0,0,0,https://x.com/akwanrobin20/status/1684471630641369088,1208698062207471616,akwanrobin20
1684373121967718400,2023-07-27T04:56:13.000Z,0,"@tanyarlfes Polisi kalo gak jahat ya jahat banget, titisan setan kali. Orang-orang di kepolisian kok gak merasa ya kalo selama ini kinerja mereka jelek banget di mata masyarakat, minimal evaluasi lah, perbaikan diri, bukan malah makin sialan.",1684427447792697345,,tanyarlfes,in,,0,0,0,https://x.com/cissycisa/status/1684427447792697345,1547875944815534080,cissycisa
1684413299851685888,2023-07-27T04:00:00.000Z,0,"KPU Sumbar Apresiasi Kinerja Polisi Selama Pengawalan Kirap Pemilu 2024 di Dharmasraya via @infosumbar https://t.co/izxhn8zORT

#infosumbar #KPU #Dharmasraya",1684413299851685888,,,in,,0,0,0,https://x.com/infoSumbar/status/1684413299851685888,162721676,infoSumbar
1684118432407764992,2023-07-26T14:18:21.000Z,0,"@kegblgnunfaedh Padahal kasusnya udah dilaporin lama, emang mesti viral dulu baru di usut sama polisi. Nalar ga kadang ga nyampe sama kinerja polisi Indonesia.",1684206524606849025,,kegblgnunfaedh,in,,0,0,0,https://x.com/rp_z3l/status/1684206524606849025,2649971672,rp_z3l
1684876596552040449,2023-07-28T20:00:22.000Z,0,@Paltiwest #kinerja #polisi yg manteeb,1685017371252334592,,PaltiHutabarat,in,,0,0,0,https://x.com/xeramhalanx/status/1685017371252334592,410807869,xeramhalanx
1684934632209551360,2023-07-28T14:31:35.000Z,0,"Kemarin Panglima TNI sudah pasang badan bela bawahannya,to the point aja buat tahun besok pilih Polisi apa TNI? 

Woalah Pak TNI,admin @Puspen_TNI 
Tanda kinerja Babinsa TNI AD berjalan dengan baik dan Babinkamtibmas POLRI juga baik sejalan antara teritorial dengan hukum pidana",1684934632209551360,,,in,,0,1,0,https://x.com/BudiStr2/status/1684934632209551360,1346766518822944768,BudiStr2
1684870585824985088,2023-07-28T10:52:05.000Z,4,@nazaqistsha KPK sejak dipimpin Firli yg jendral polisi 🌟 3 Kacau semua segmen kinerja polisi.,1684879392613523457,,nazaqistsha,in,,0,0,1,https://x.com/aaeman7/status/1684879392613523457,155214865,aaeman7
1683101724167540737,2023-07-27T16:33:11.000Z,0,"@Paltiwest @ListyoSigitP 
Sangat memalukan Pak, bgmn kinerja polisi kita Pak kalau begini...",1684602845725929472,,PaltiHutabarat,in,,0,0,0,https://x.com/Siamangdesa/status/1684602845725929472,1421463511687856130,Siamangdesa
1684372773978910720,2023-07-27T15:43:26.000Z,0,"@simp_Lyaa @kdrama_menfess Banget! Drama ini paket lengkap sih, kinerja polisi, damkar, dan forensik disorot dgn baik. Ketiganya imbang, ga ada yg lebih menonjol.",1684590324646342656,,simp_Lyaa,in,,0,1,0,https://x.com/nucleophilia/status/1684590324646342656,526522345,nucleophilia
1684118432407764992,2023-07-27T07:51:47.000Z,0,"@kegblgnunfaedh Iiihhhh anjing lah itu Ibu2 dan Polisi tolol yg berdiri, kinerja kalian apasih bangsat? Pecat aja yg kek gini babgsaattt",1684471630641369088,,kegblgnunfaedh,in,,0,0,0,https://x.com/akwanrobin20/status/1684471630641369088,1208698062207471616,akwanrobin20
1684373121967718400,2023-07-27T04:56:13.000Z,0,"@tanyarlfes Polisi kalo gak jahat ya jahat banget, titisan setan kali. Orang-orang di kepolisian kok gak merasa ya kalo selama ini kinerja mereka jelek banget di mata masyarakat, minimal evaluasi lah, perbaikan diri, bukan malah makin sialan.",1684427447792697345,,tanyarlfes,in,,0,0,0,https://x.com/cissycisa/status/1684427447792697345,1547875944815534080,cissycisa
1684413299851685888,2023-07-27T04:00:00.000Z,0,"KPU Sumbar Apresiasi Kinerja Polisi Selama Pengawalan Kirap Pemilu 2024 di Dharmasraya via @infosumbar https://t.co/izxhn8zORT

#infosumbar #KPU #Dharmasraya",1684413299851685888,,,in,,0,0,0,https://x.com/infoSumbar/status/1684413299851685888,162721676,infoSumbar
1684118432407764992,2023-07-26T14:18:21.000Z,0,"@kegblgnunfaedh Padahal kasusnya udah dilaporin lama, emang mesti viral dulu baru di usut sama polisi. Nalar ga kadang ga nyampe sama kinerja polisi Indonesia.",1684206524606849025,,kegblgnunfaedh,in,,0,0,0,https://x.com/rp_z3l/status/1684206524606849025,2649971672,rp_z3l
1684876596552040449,2023-07-28T20:00:22.000Z,0,@Paltiwest #kinerja #polisi yg manteeb,1685017371252334592,,PaltiHutabarat,in,,0,0,0,https://x.com/xeramhalanx/status/1685017371252334592,410807869,xeramhalanx
1684934632209551360,2023-07-28T14:31:35.000Z,0,"Kemarin Panglima TNI sudah pasang badan bela bawahannya,to the point aja buat tahun besok pilih Polisi apa TNI? 

Woalah Pak TNI,admin @Puspen_TNI 
Tanda kinerja Babinsa TNI AD berjalan dengan baik dan Babinkamtibmas POLRI juga baik sejalan antara teritorial dengan hukum pidana",1684934632209551360,,,in,,0,1,0,https://x.com/BudiStr2/status/1684934632209551360,1346766518822944768,BudiStr2
1684870585824985088,2023-07-28T10:52:05.000Z,4,@nazaqistsha KPK sejak dipimpin Firli yg jendral polisi 🌟 3 Kacau semua segmen kinerja polisi.,1684879392613523457,,nazaqistsha,in,,0,0,1,https://x.com/aaeman7/status/1684879392613523457,155214865,aaeman7
1683101724167540737,2023-07-27T16:33:11.000Z,0,"@Paltiwest @ListyoSigitP 
Sangat memalukan Pak, bgmn kinerja polisi kita Pak kalau begini...",1684602845725929472,,PaltiHutabarat,in,,0,0,0,https://x.com/Siamangdesa/status/1684602845725929472,1421463511687856130,Siamangdesa
1684372773978910720,2023-07-27T15:43:26.000Z,0,"@simp_Lyaa @kdrama_menfess Banget! Drama ini paket lengkap sih, kinerja polisi, damkar, dan forensik disorot dgn baik. Ketiganya imbang, ga ada yg lebih menonjol.",1684590324646342656,,simp_Lyaa,in,,0,1,0,https://x.com/nucleophilia/status/1684590324646342656,526522345,nucleophilia
1684118432407764992,2023-07-27T07:51:47.000Z,0,"@kegblgnunfaedh Iiihhhh anjing lah itu Ibu2 dan Polisi tolol yg berdiri, kinerja kalian apasih bangsat? Pecat aja yg kek gini babgsaattt",1684471630641369088,,kegblgnunfaedh,in,,0,0,0,https://x.com/akwanrobin20/status/1684471630641369088,1208698062207471616,akwanrobin20
1684373121967718400,2023-07-27T04:56:13.000Z,0,"@tanyarlfes Polisi kalo gak jahat ya jahat banget, titisan setan kali. Orang-orang di kepolisian kok gak merasa ya kalo selama ini kinerja mereka jelek banget di mata masyarakat, minimal evaluasi lah, perbaikan diri, bukan malah makin sialan.",1684427447792697345,,tanyarlfes,in,,0,0,0,https://x.com/cissycisa/status/1684427447792697345,1547875944815534080,cissycisa
1684413299851685888,2023-07-27T04:00:00.000Z,0,"KPU Sumbar Apresiasi Kinerja Polisi Selama Pengawalan Kirap Pemilu 2024 di Dharmasraya via @infosumbar https://t.co/izxhn8zORT

#infosumbar #KPU #Dharmasraya",1684413299851685888,,,in,,0,0,0,https://x.com/infoSumbar/status/1684413299851685888,162721676,infoSumbar
1684118432407764992,2023-07-26T14:18:21.000Z,0,"@kegblgnunfaedh Padahal kasusnya udah dilaporin lama, emang mesti viral dulu baru di usut sama polisi. Nalar ga kadang ga nyampe sama kinerja polisi Indonesia.",1684206524606849025,,kegblgnunfaedh,in,,0,0,0,https://x.com/rp_z3l/status/1684206524606849025,2649971672,rp_z3l
1685870419742736384,2023-07-31T11:16:06.000Z,0,"@KompasTV Semua lembaga ada polisi ..
Dan kita semua  tau kinerja polisi kayak apa..
Klu diceritakan banyak yg muntah muntah",1685972602312069120,,KompasTV,in,,0,0,0,https://x.com/PutraMarbau/status/1685972602312069120,1398614337166614528,PutraMarbau
1685895818375462912,2023-07-31T08:22:38.000Z,166,"@detikcom Kinerja polisi memang mantep dah. respon cepat, reaksi cepat, hasil cepat.

Tp tergantung siapa korbannya sih 💁🏼‍♀️",1685928946016333824,,detikcom,in,,0,3,9,https://x.com/cutty_flam58/status/1685928946016333824,52724651,cutty_flam58
1685895818375462912,2023-07-31T08:18:41.000Z,0,"@detikcom Alhamdulillah kinerja polisi telah membaik, cepat tanggap langsung menangkap pelaku kriminal",1685927954264793088,,detikcom,in,,0,0,0,https://x.com/bro_bryant/status/1685927954264793088,2775876992,bro_bryant
1685907310089269248,2023-07-31T06:56:40.000Z,728,"Habib Bahar bin Smith kerap memberikan pendapatnya tentang Panji Gumilangbuang menurutnya telah mengajarkan ilmu sesat.

Bahkan baru-baru ini Habib Bahar bin Smith mengajak para pengikutnya untuk diam sambil menunggu komando soal Panji Gumilang.

Habib Bahar bin Smith mengaku https://t.co/ktZxgvIE1K",1685907310089269248,https://pbs.twimg.com/media/F2WLmN5akAIgYEE.jpg,,in,,15,84,74,https://x.com/tvOneNews/status/1685907310089269248,55507370,tvOneNews
1685896774882660352,2023-07-31T06:51:26.000Z,0,"@Heraloebss Alhamdulillah @slankdotcom polisi kian hari kinerja nya swemangkin baik, terimakasih pak @ListyoSigitP",1685905994197721088,,Heraloebss,in,,0,0,0,https://x.com/AchooCKR/status/1685905994197721088,1054456225553731584,AchooCKR
1685884527569457152,2023-07-31T05:26:08.000Z,107,"Diluar negeri, bahkan negara maju mengkhawatirkan kerjasama dengan perusahaan genetika BGI China, tapi kita malah melegalisasinya dengan UU Kesehatan Omnibuslaw, bukankah ini akan juga berpotensi mengkhawatirkan keamanan nasional bangsa ??

EXCLUSIVE Millions in taxpayers' money https://t.co/GOVUYbw7az",1685884527569457152,https://pbs.twimg.com/media/F2Vzp-kaEAAEmXY.jpg,,in,,7,2,63,https://x.com/ZainalM_Prof/status/1685884527569457152,1457010132718551044,ZainalM_Prof
1685481180249124864,2023-07-30T09:00:27.000Z,0,"@Jakerday @kurawa @ganjarpranowo @jokowi Kehakiman bukan di bawah Presiden, jika hakimnya bobrok sebagus apapun kinerja polisi dan kejaksaan tidak akan ada artinya.",1685576073801768960,,Jakerday,in,,0,0,0,https://x.com/AGoeci/status/1685576073801768960,2881653068,AGoeci
1685432516843536386,2023-07-30T04:00:56.000Z,0,@detikcom Mestinya polisi kita ada sistem review by rakyat yang dibuka ke publik. Jadi yang reviewnya jelek sadar diri dan polisi bakal berlomba buat naikin kinerja,1685500699595960320,,detikcom,in,,0,0,0,https://x.com/takauno4u/status/1685500699595960320,4389557780,takauno4u
1685191991787974656,2023-07-29T22:11:25.000Z,0,@tni_ad Ngga masalah jika TNI turut serta menangkap pengedar obat dan Narkoba jika kinerja Kepolisian di Wilayah itu mungkin kurang greget dan setelah ditangkap akan diserahkan ke Polisi krn utk menetapkan hukum tetap pihak Kepolisian,1685412740398211072,,tni_ad,in,,0,0,0,https://x.com/Sgrdamai/status/1685412740398211072,193623463,Sgrdamai
1684918685159542784,2023-07-29T21:05:45.000Z,0,@niwseir Lembaga2 kek gini mending bubarin aja cause banyak potensi baku atur yg uud n internal polisi yg dibenahin semaksimal mungkin kinerja yg berintegritas.!!,1685396216409153536,,niwseir,in,,0,0,0,https://x.com/FaiqRafiq4/status/1685396216409153536,1430507401875054599,FaiqRafiq4
1685168916279287808,2023-07-29T06:02:33.000Z,0,Kegiatan rutin ini bertujuan evaluasi dan memberikan arahan ke seluruh Polisi RW. Juga meningkatkan kinerja dan menjaga Harkamtibmas di kampungnya. https://t.co/Dq2ca8qmPp,1685168916279287808,,,in,,0,0,0,https://x.com/ngopibareng_id/status/1685168916279287808,1291246080269545472,ngopibareng_id
1685870419742736384,2023-07-31T11:16:06.000Z,0,"@KompasTV Semua lembaga ada polisi ..
Dan kita semua  tau kinerja polisi kayak apa..
Klu diceritakan banyak yg muntah muntah",1685972602312069120,,KompasTV,in,,0,0,0,https://x.com/PutraMarbau/status/1685972602312069120,1398614337166614528,PutraMarbau
1685895818375462912,2023-07-31T08:22:38.000Z,166,"@detikcom Kinerja polisi memang mantep dah. respon cepat, reaksi cepat, hasil cepat.

Tp tergantung siapa korbannya sih 💁🏼‍♀️",1685928946016333824,,detikcom,in,,0,3,9,https://x.com/cutty_flam58/status/1685928946016333824,52724651,cutty_flam58
1685895818375462912,2023-07-31T08:18:41.000Z,0,"@detikcom Alhamdulillah kinerja polisi telah membaik, cepat tanggap langsung menangkap pelaku kriminal",1685927954264793088,,detikcom,in,,0,0,0,https://x.com/bro_bryant/status/1685927954264793088,2775876992,bro_bryant
1685896774882660352,2023-07-31T06:51:26.000Z,0,"@Heraloebss Alhamdulillah @slankdotcom polisi kian hari kinerja nya swemangkin baik, terimakasih pak @ListyoSigitP",1685905994197721088,,Heraloebss,in,,0,0,0,https://x.com/AchooCKR/status/1685905994197721088,1054456225553731584,AchooCKR
1685481180249124864,2023-07-30T09:00:27.000Z,0,"@Jakerday @kurawa @ganjarpranowo @jokowi Kehakiman bukan di bawah Presiden, jika hakimnya bobrok sebagus apapun kinerja polisi dan kejaksaan tidak akan ada artinya.",1685576073801768960,,Jakerday,in,,0,0,0,https://x.com/AGoeci/status/1685576073801768960,2881653068,AGoeci
1685432516843536386,2023-07-30T04:00:56.000Z,0,@detikcom Mestinya polisi kita ada sistem review by rakyat yang dibuka ke publik. Jadi yang reviewnya jelek sadar diri dan polisi bakal berlomba buat naikin kinerja,1685500699595960320,,detikcom,in,,0,0,0,https://x.com/takauno4u/status/1685500699595960320,4389557780,takauno4u
1685191991787974656,2023-07-29T22:11:25.000Z,0,@tni_ad Ngga masalah jika TNI turut serta menangkap pengedar obat dan Narkoba jika kinerja Kepolisian di Wilayah itu mungkin kurang greget dan setelah ditangkap akan diserahkan ke Polisi krn utk menetapkan hukum tetap pihak Kepolisian,1685412740398211072,,tni_ad,in,,0,0,0,https://x.com/Sgrdamai/status/1685412740398211072,193623463,Sgrdamai
1684918685159542784,2023-07-29T21:05:45.000Z,0,@niwseir Lembaga2 kek gini mending bubarin aja cause banyak potensi baku atur yg uud n internal polisi yg dibenahin semaksimal mungkin kinerja yg berintegritas.!!,1685396216409153536,,niwseir,in,,0,0,0,https://x.com/FaiqRafiq4/status/1685396216409153536,1430507401875054599,FaiqRafiq4
1685168916279287808,2023-07-29T06:02:33.000Z,0,Kegiatan rutin ini bertujuan evaluasi dan memberikan arahan ke seluruh Polisi RW. Juga meningkatkan kinerja dan menjaga Harkamtibmas di kampungnya. https://t.co/Dq2ca8qmPp,1685168916279287808,,,in,,0,0,0,https://x.com/ngopibareng_id/status/1685168916279287808,1291246080269545472,ngopibareng_id
1685870419742736384,2023-07-31T11:16:06.000Z,0,"@KompasTV Semua lembaga ada polisi ..
Dan kita semua  tau kinerja polisi kayak apa..
Klu diceritakan banyak yg muntah muntah",1685972602312069120,,KompasTV,in,,0,0,0,https://x.com/PutraMarbau/status/1685972602312069120,1398614337166614528,PutraMarbau
1685895818375462912,2023-07-31T08:22:38.000Z,166,"@detikcom Kinerja polisi memang mantep dah. respon cepat, reaksi cepat, hasil cepat.

Tp tergantung siapa korbannya sih 💁🏼‍♀️",1685928946016333824,,detikcom,in,,0,3,9,https://x.com/cutty_flam58/status/1685928946016333824,52724651,cutty_flam58
1685895818375462912,2023-07-31T08:18:41.000Z,0,"@detikcom Alhamdulillah kinerja polisi telah membaik, cepat tanggap langsung menangkap pelaku kriminal",1685927954264793088,,detikcom,in,,0,0,0,https://x.com/bro_bryant/status/1685927954264793088,2775876992,bro_bryant
1685896774882660352,2023-07-31T06:51:26.000Z,0,"@Heraloebss Alhamdulillah @slankdotcom polisi kian hari kinerja nya swemangkin baik, terimakasih pak @ListyoSigitP",1685905994197721088,,Heraloebss,in,,0,0,0,https://x.com/AchooCKR/status/1685905994197721088,1054456225553731584,AchooCKR
1685481180249124864,2023-07-30T09:00:27.000Z,0,"@Jakerday @kurawa @ganjarpranowo @jokowi Kehakiman bukan di bawah Presiden, jika hakimnya bobrok sebagus apapun kinerja polisi dan kejaksaan tidak akan ada artinya.",1685576073801768960,,Jakerday,in,,0,0,0,https://x.com/AGoeci/status/1685576073801768960,2881653068,AGoeci
1685432516843536386,2023-07-30T04:00:56.000Z,0,@detikcom Mestinya polisi kita ada sistem review by rakyat yang dibuka ke publik. Jadi yang reviewnya jelek sadar diri dan polisi bakal berlomba buat naikin kinerja,1685500699595960320,,detikcom,in,,0,0,0,https://x.com/takauno4u/status/1685500699595960320,4389557780,takauno4u
1685191991787974656,2023-07-29T22:11:25.000Z,0,@tni_ad Ngga masalah jika TNI turut serta menangkap pengedar obat dan Narkoba jika kinerja Kepolisian di Wilayah itu mungkin kurang greget dan setelah ditangkap akan diserahkan ke Polisi krn utk menetapkan hukum tetap pihak Kepolisian,1685412740398211072,,tni_ad,in,,0,0,0,https://x.com/Sgrdamai/status/1685412740398211072,193623463,Sgrdamai
1684918685159542784,2023-07-29T21:05:45.000Z,0,@niwseir Lembaga2 kek gini mending bubarin aja cause banyak potensi baku atur yg uud n internal polisi yg dibenahin semaksimal mungkin kinerja yg berintegritas.!!,1685396216409153536,,niwseir,in,,0,0,0,https://x.com/FaiqRafiq4/status/1685396216409153536,1430507401875054599,FaiqRafiq4
1685168916279287808,2023-07-29T06:02:33.000Z,0,Kegiatan rutin ini bertujuan evaluasi dan memberikan arahan ke seluruh Polisi RW. Juga meningkatkan kinerja dan menjaga Harkamtibmas di kampungnya. https://t.co/Dq2ca8qmPp,1685168916279287808,,,in,,0,0,0,https://x.com/ngopibareng_id/status/1685168916279287808,1291246080269545472,ngopibareng_id
1685870419742736384,2023-07-31T11:16:06.000Z,0,"@KompasTV Semua lembaga ada polisi ..
Dan kita semua  tau kinerja polisi kayak apa..
Klu diceritakan banyak yg muntah muntah",1685972602312069120,,KompasTV,in,,0,0,0,https://x.com/PutraMarbau/status/1685972602312069120,1398614337166614528,PutraMarbau
1685895818375462912,2023-07-31T08:22:38.000Z,166,"@detikcom Kinerja polisi memang mantep dah. respon cepat, reaksi cepat, hasil cepat.

Tp tergantung siapa korbannya sih 💁🏼‍♀️",1685928946016333824,,detikcom,in,,0,3,9,https://x.com/cutty_flam58/status/1685928946016333824,52724651,cutty_flam58
1685895818375462912,2023-07-31T08:18:41.000Z,0,"@detikcom Alhamdulillah kinerja polisi telah membaik, cepat tanggap langsung menangkap pelaku kriminal",1685927954264793088,,detikcom,in,,0,0,0,https://x.com/bro_bryant/status/1685927954264793088,2775876992,bro_bryant
1685896774882660352,2023-07-31T06:51:26.000Z,0,"@Heraloebss Alhamdulillah @slankdotcom polisi kian hari kinerja nya swemangkin baik, terimakasih pak @ListyoSigitP",1685905994197721088,,Heraloebss,in,,0,0,0,https://x.com/AchooCKR/status/1685905994197721088,1054456225553731584,AchooCKR
1685481180249124864,2023-07-30T09:00:27.000Z,0,"@Jakerday @kurawa @ganjarpranowo @jokowi Kehakiman bukan di bawah Presiden, jika hakimnya bobrok sebagus apapun kinerja polisi dan kejaksaan tidak akan ada artinya.",1685576073801768960,,Jakerday,in,,0,0,0,https://x.com/AGoeci/status/1685576073801768960,2881653068,AGoeci
1685432516843536386,2023-07-30T04:00:56.000Z,0,@detikcom Mestinya polisi kita ada sistem review by rakyat yang dibuka ke publik. Jadi yang reviewnya jelek sadar diri dan polisi bakal berlomba buat naikin kinerja,1685500699595960320,,detikcom,in,,0,0,0,https://x.com/takauno4u/status/1685500699595960320,4389557780,takauno4u
1685191991787974656,2023-07-29T22:11:25.000Z,0,@tni_ad Ngga masalah jika TNI turut serta menangkap pengedar obat dan Narkoba jika kinerja Kepolisian di Wilayah itu mungkin kurang greget dan setelah ditangkap akan diserahkan ke Polisi krn utk menetapkan hukum tetap pihak Kepolisian,1685412740398211072,,tni_ad,in,,0,0,0,https://x.com/Sgrdamai/status/1685412740398211072,193623463,Sgrdamai
1684918685159542784,2023-07-29T21:05:45.000Z,0,@niwseir Lembaga2 kek gini mending bubarin aja cause banyak potensi baku atur yg uud n internal polisi yg dibenahin semaksimal mungkin kinerja yg berintegritas.!!,1685396216409153536,,niwseir,in,,0,0,0,https://x.com/FaiqRafiq4/status/1685396216409153536,1430507401875054599,FaiqRafiq4
1685168916279287808,2023-07-29T06:02:33.000Z,0,Kegiatan rutin ini bertujuan evaluasi dan memberikan arahan ke seluruh Polisi RW. Juga meningkatkan kinerja dan menjaga Harkamtibmas di kampungnya. https://t.co/Dq2ca8qmPp,1685168916279287808,,,in,,0,0,0,https://x.com/ngopibareng_id/status/1685168916279287808,1291246080269545472,ngopibareng_id
1685870419742736384,2023-07-31T11:16:06.000Z,0,"@KompasTV Semua lembaga ada polisi ..
Dan kita semua  tau kinerja polisi kayak apa..
Klu diceritakan banyak yg muntah muntah",1685972602312069120,,KompasTV,in,,0,0,0,https://x.com/PutraMarbau/status/1685972602312069120,1398614337166614528,PutraMarbau
1685895818375462912,2023-07-31T08:22:38.000Z,166,"@detikcom Kinerja polisi memang mantep dah. respon cepat, reaksi cepat, hasil cepat.

Tp tergantung siapa korbannya sih 💁🏼‍♀️",1685928946016333824,,detikcom,in,,0,3,9,https://x.com/cutty_flam58/status/1685928946016333824,52724651,cutty_flam58
1685895818375462912,2023-07-31T08:18:41.000Z,0,"@detikcom Alhamdulillah kinerja polisi telah membaik, cepat tanggap langsung menangkap pelaku kriminal",1685927954264793088,,detikcom,in,,0,0,0,https://x.com/bro_bryant/status/1685927954264793088,2775876992,bro_bryant
1685896774882660352,2023-07-31T06:51:26.000Z,0,"@Heraloebss Alhamdulillah @slankdotcom polisi kian hari kinerja nya swemangkin baik, terimakasih pak @ListyoSigitP",1685905994197721088,,Heraloebss,in,,0,0,0,https://x.com/AchooCKR/status/1685905994197721088,1054456225553731584,AchooCKR
1685481180249124864,2023-07-30T09:00:27.000Z,0,"@Jakerday @kurawa @ganjarpranowo @jokowi Kehakiman bukan di bawah Presiden, jika hakimnya bobrok sebagus apapun kinerja polisi dan kejaksaan tidak akan ada artinya.",1685576073801768960,,Jakerday,in,,0,0,0,https://x.com/AGoeci/status/1685576073801768960,2881653068,AGoeci
1685432516843536386,2023-07-30T04:00:56.000Z,0,@detikcom Mestinya polisi kita ada sistem review by rakyat yang dibuka ke publik. Jadi yang reviewnya jelek sadar diri dan polisi bakal berlomba buat naikin kinerja,1685500699595960320,,detikcom,in,,0,0,0,https://x.com/takauno4u/status/1685500699595960320,4389557780,takauno4u
1685191991787974656,2023-07-29T22:11:25.000Z,0,@tni_ad Ngga masalah jika TNI turut serta menangkap pengedar obat dan Narkoba jika kinerja Kepolisian di Wilayah itu mungkin kurang greget dan setelah ditangkap akan diserahkan ke Polisi krn utk menetapkan hukum tetap pihak Kepolisian,1685412740398211072,,tni_ad,in,,0,0,0,https://x.com/Sgrdamai/status/1685412740398211072,193623463,Sgrdamai
1684918685159542784,2023-07-29T21:05:45.000Z,0,@niwseir Lembaga2 kek gini mending bubarin aja cause banyak potensi baku atur yg uud n internal polisi yg dibenahin semaksimal mungkin kinerja yg berintegritas.!!,1685396216409153536,,niwseir,in,,0,0,0,https://x.com/FaiqRafiq4/status/1685396216409153536,1430507401875054599,FaiqRafiq4
1685168916279287808,2023-07-29T06:02:33.000Z,0,Kegiatan rutin ini bertujuan evaluasi dan memberikan arahan ke seluruh Polisi RW. Juga meningkatkan kinerja dan menjaga Harkamtibmas di kampungnya. https://t.co/Dq2ca8qmPp,1685168916279287808,,,in,,0,0,0,https://x.com/ngopibareng_id/status/1685168916279287808,1291246080269545472,ngopibareng_id
